horizon_sessions,fold,expert,economic_score,worst_cut_robust_excess,positive_cut_share,winner_lift,mean_rank_ic
5,WF_2019_2020,BASE_OOF,0.004604131502990982,0.0034191322784841854,1.0,1.4249769479970786,0.04564252054689353
5,WF_2019_2020,RIDGE_NEWINFO,0.002371587352572309,0.0013938091334470815,1.0,1.1638555177358338,0.06090738895850356
5,WF_2019_2020,HGB_NEWINFO_RANK,0.002421749012067228,0.0014396137237178395,1.0,1.1646844746572982,0.065771193190143
5,WF_2019_2020,HGB_NEWINFO_RETURN,0.013258147956149775,0.006518003613424838,1.0,1.6398086093202764,0.051906759618787206
5,WF_2019_2020,HGB_NEWINFO_WINNER,0.020776538025832635,0.011538363701033418,1.0,2.4396209954520724,0.007988069221794252
5,WF_2019_2020,HGB_NEWINFO_AVOID,-0.0037619036990846374,-0.004433229331833358,0.0,0.2760426548476016,0.0231405691339799
5,WF_2019_2020,META_BLEND,0.0033059244516143982,0.0015913340892353871,1.0,1.2890280128769385,0.06057688978890786
5,WF_2021_2022,BASE_OOF,-0.002485258589939268,-0.003689209160995578,0.0,2.2634330476435793,-0.044141154018530776
5,WF_2021_2022,RIDGE_NEWINFO,-0.00186993472787511,-0.003102466553587045,0.0,1.3328921750936953,0.00549928151342765
5,WF_2021_2022,HGB_NEWINFO_RANK,0.00018523846710004802,-0.00023926627841798105,0.6666666666666666,1.2699730413625645,0.01377694840295595
5,WF_2021_2022,HGB_NEWINFO_RETURN,-0.0008294047842598599,-0.0012630978934424996,0.0,1.8420404283127154,-0.005736744770526403
5,WF_2021_2022,HGB_NEWINFO_WINNER,0.0010697883824221804,0.0006602714270668341,1.0,1.6797752939534831,-0.019742710629303876
5,WF_2021_2022,HGB_NEWINFO_AVOID,-0.0010145181824154053,-0.001624389110106595,0.0,0.39821188585097356,0.038270434931468394
5,WF_2021_2022,META_BLEND,-1.4763277130856641e-05,-0.00013677898924195536,0.3333333333333333,1.5555927931683562,-0.020801205970105627
5,WF_2023_2024,BASE_OOF,0.0018307897869271484,-0.001180271483208827,0.6666666666666666,2.2696285226434627,-0.02734524724148747
5,WF_2023_2024,RIDGE_NEWINFO,0.00139143561131721,6.733805428344793e-06,1.0,1.3381110537262908,0.04375633252324526
5,WF_2023_2024,HGB_NEWINFO_RANK,-0.000778710814569219,-0.001445630457150108,0.0,1.041935426512276,0.05470864490729674
5,WF_2023_2024,HGB_NEWINFO_RETURN,-3.1508580011234974e-05,-0.0013932122408543716,0.3333333333333333,1.3478343589341002,0.03465520407208671
5,WF_2023_2024,HGB_NEWINFO_WINNER,-0.00012364040892365696,-0.0006695405703409434,0.3333333333333333,1.9240735849480246,-0.011894521967811246
5,WF_2023_2024,HGB_NEWINFO_AVOID,-0.0029171340260544035,-0.0038035123049889874,0.0,0.26513104654949116,0.02516859796229626
5,WF_2023_2024,META_BLEND,4.781829546051462e-05,-9.747297073531124e-06,0.6666666666666666,1.650396279695658,0.004821980626019319
10,WF_2019_2020,BASE_OOF,0.009120873729534967,0.003297602654037245,1.0,1.5727656200169793,0.061534302569043166
10,WF_2019_2020,RIDGE_NEWINFO,0.005841858754251719,0.003803791051215828,1.0,1.3034366231207202,0.07699861455655856
10,WF_2019_2020,HGB_NEWINFO_RANK,0.003601376206668737,0.001899488753001484,1.0,1.0915025192328396,0.07597658516569752
10,WF_2019_2020,HGB_NEWINFO_RETURN,0.007909341210013117,0.006381186357866421,1.0,1.6992233455880996,0.05621898819035215
10,WF_2019_2020,HGB_NEWINFO_WINNER,0.007888771609980414,0.0037938837760144737,1.0,1.983636197654155,0.023949857222720267
10,WF_2019_2020,HGB_NEWINFO_AVOID,-0.008142377305401223,-0.010248348582560976,0.0,0.23540948407557008,0.021988996260713205
10,WF_2019_2020,META_BLEND,0.007778399523202187,0.0035538671223049496,1.0,1.4225099785064699,0.07591939472543242
10,WF_2021_2022,BASE_OOF,-0.006500073070314229,-0.008756721078527678,0.0,1.6039743843340697,0.010594511373888022
10,WF_2021_2022,RIDGE_NEWINFO,-0.0031617162068483195,-0.0052920914435252795,0.0,1.2572939577369422,0.033711020510618674
10,WF_2021_2022,HGB_NEWINFO_RANK,-0.0009678465084027427,-0.0012683878972152335,0.0,1.2188650394273746,0.03085407060631285
10,WF_2021_2022,HGB_NEWINFO_RETURN,-0.0037433305421072905,-0.005647296374942517,0.0,1.6046870193383687,0.03016604430751496
10,WF_2021_2022,HGB_NEWINFO_WINNER,0.0017607367108780504,0.0004844525760704129,1.0,1.7535282506909247,-0.007508653889294871
10,WF_2021_2022,HGB_NEWINFO_AVOID,-0.002461599219394364,-0.003863218951603787,0.0,0.37092260281408795,0.048543447411888645
10,WF_2021_2022,META_BLEND,-0.0031919486331404303,-0.0041341802013413155,0.0,1.4193637436512059,0.025170989247260255
10,WF_2023_2024,BASE_OOF,-0.001388377566682019,-0.0027101363529784877,0.3333333333333333,1.298574899757636,0.05599044836408854
10,WF_2023_2024,RIDGE_NEWINFO,0.0005680910533014563,-0.0023486333253238483,0.6666666666666666,1.2249318361734631,0.0654787867502693
10,WF_2023_2024,HGB_NEWINFO_RANK,-0.000627173491358819,-0.0024850837007003267,0.3333333333333333,1.058793720563426,0.07876602886591993
10,WF_2023_2024,HGB_NEWINFO_RETURN,0.0004496946134744787,-0.0011625578761887726,0.6666666666666666,1.576066988624947,0.06030129068778849
10,WF_2023_2024,HGB_NEWINFO_WINNER,-0.0005493018097304413,-0.003709345671763677,0.6666666666666666,1.740889659695704,0.002039628976257027
10,WF_2023_2024,HGB_NEWINFO_AVOID,-0.0064046939640993545,-0.007173759244862339,0.0,0.27210729205319595,0.03573132937218088
10,WF_2023_2024,META_BLEND,0.0009108589725707097,-0.0006740360158712065,0.6666666666666666,1.6236633136375522,0.01556998422906099
20,WF_2019_2020,BASE_OOF,0.022184849775264026,0.009794080847681541,1.0,1.712109183599701,0.09649045848879675
20,WF_2019_2020,RIDGE_NEWINFO,0.011903134406293753,0.006872058871924417,1.0,1.4485420728399803,0.10568683499184262
20,WF_2019_2020,HGB_NEWINFO_RANK,0.008498614520631314,0.0031070889968625626,1.0,1.2518687099396286,0.08554002940810872
20,WF_2019_2020,HGB_NEWINFO_RETURN,0.01825277599762345,0.01178114262624224,1.0,1.9118394816281574,0.06661419710938409
20,WF_2019_2020,HGB_NEWINFO_WINNER,0.014835830575284625,0.008166283802451352,1.0,2.2873967206888706,0.040880420710861023
20,WF_2019_2020,HGB_NEWINFO_AVOID,-0.016596772869438763,-0.019725292075766915,0.0,0.2676467938600436,0.00969290216879659
20,WF_2019_2020,META_BLEND,0.016737829913180232,0.009640226920286578,1.0,1.6315338104950898,0.11026050175545003
20,WF_2021_2022,BASE_OOF,-0.012315471931092982,-0.01660668422550455,0.0,1.5527965145248346,0.016799221175271252
20,WF_2021_2022,RIDGE_NEWINFO,-0.007937567104051536,-0.011657600835269536,0.0,1.1189134119507211,0.02736136392323467
20,WF_2021_2022,HGB_NEWINFO_RANK,-0.003068879811828474,-0.005318370171500114,0.0,1.2302714490050337,0.030680394608478528
20,WF_2021_2022,HGB_NEWINFO_RETURN,-0.005371898471366168,-0.008299643017135828,0.0,1.512873039124245,0.043660072726662544
20,WF_2021_2022,HGB_NEWINFO_WINNER,0.0032208896416805895,0.0007651958119265181,1.0,1.8957711648868494,-0.016705439919416788
20,WF_2021_2022,HGB_NEWINFO_AVOID,-0.005439677280629288,-0.0085421016155113,0.0,0.3360700016300057,0.05988657995672771
20,WF_2021_2022,META_BLEND,-0.008779708476765987,-0.014057181240651632,0.0,1.4184248347694695,0.02805805456883549
20,WF_2023_2024,BASE_OOF,-3.3758061479431115e-05,-0.003567970221500735,0.6666666666666666,1.4348816828362494,0.08427384024837498
20,WF_2023_2024,RIDGE_NEWINFO,0.001871208105277842,-0.0032828356360940494,0.6666666666666666,1.3316253859433758,0.092285245287523
20,WF_2023_2024,HGB_NEWINFO_RANK,-0.00013276696389162424,-0.0030834369850473806,0.6666666666666666,1.1760402893039434,0.10274977324058474
20,WF_2023_2024,HGB_NEWINFO_RETURN,0.0015571299029406443,-0.0015467528732219457,0.6666666666666666,1.5820950137132817,0.0940132508580771
20,WF_2023_2024,HGB_NEWINFO_WINNER,0.002347484683695618,0.00159107513194895,1.0,1.8816644628863097,-0.007408615148204754
20,WF_2023_2024,HGB_NEWINFO_AVOID,-0.013402401042270718,-0.014724617296774621,0.0,0.2534883985515026,0.04802454790623513
20,WF_2023_2024,META_BLEND,0.005118006027425524,0.00033701238735419953,1.0,1.7599420049272245,0.07253837869584352
60,WF_2019_2020,BASE_OOF,0.022803727600820334,0.0019163527917794173,1.0,2.0287534148145108,0.10756615900490198
60,WF_2019_2020,RIDGE_NEWINFO,0.02194823999824037,0.0022336943469244237,1.0,1.8374322617441,0.12037917207364347
60,WF_2019_2020,HGB_NEWINFO_RANK,0.022455874551779678,0.0071949528530495105,1.0,1.559961430298905,0.12974035424133734
60,WF_2019_2020,HGB_NEWINFO_RETURN,0.016148420519503073,0.001486539584246634,1.0,1.965495722411113,0.07404567729301173
60,WF_2019_2020,HGB_NEWINFO_WINNER,0.020072692884904413,0.00993720754502298,1.0,2.0677725237674283,0.058273938012757924
60,WF_2019_2020,HGB_NEWINFO_AVOID,-0.049716238484688875,-0.05817099057308493,0.0,0.3544945070637606,0.05267655965695275
60,WF_2019_2020,META_BLEND,0.03277038584564156,0.009890859902817656,1.0,1.9409975459730724,0.12593018925481736
60,WF_2021_2022,BASE_OOF,-0.025255839628605736,-0.04258829982341713,0.0,1.3676708894968301,0.003037662725852268
60,WF_2021_2022,RIDGE_NEWINFO,-0.028161284237693138,-0.036221686301994585,0.0,0.9578350558422493,0.012668358187283606
60,WF_2021_2022,HGB_NEWINFO_RANK,-0.0020057994128860005,-0.005537338130068218,0.3333333333333333,1.2731300886194963,0.0072943583830835275
60,WF_2021_2022,HGB_NEWINFO_RETURN,-0.005386257893286891,-0.010516412996419835,0.3333333333333333,1.3595374736954766,0.025698410173695965
60,WF_2021_2022,HGB_NEWINFO_WINNER,0.005742479034204349,-0.0008952823663101955,0.6666666666666666,1.657367183957366,-0.03754816525900506
60,WF_2021_2022,HGB_NEWINFO_AVOID,-0.01472594926563757,-0.022034914625547686,0.0,0.40361756249240666,0.04086706661973166
60,WF_2021_2022,META_BLEND,-0.007353274412365642,-0.009905238195333973,0.0,1.2951915486388956,0.0019113362168159398
60,WF_2023_2024,BASE_OOF,-0.004544717167423272,-0.00955710962231437,0.3333333333333333,1.4982343102915527,0.1047557080517896
60,WF_2023_2024,RIDGE_NEWINFO,-0.003132713051154668,-0.013440939580049388,0.6666666666666666,1.3390419061173846,0.08475956612376448
60,WF_2023_2024,HGB_NEWINFO_RANK,0.002879955841256962,-0.007713280460638809,0.6666666666666666,1.2815552809842918,0.14503296159461654
60,WF_2023_2024,HGB_NEWINFO_RETURN,-0.007379186798147888,-0.011565054499156489,0.0,1.6621563853137336,0.12543601478690833
60,WF_2023_2024,HGB_NEWINFO_WINNER,0.018321331779504083,0.005533147216471203,1.0,2.0665450586637655,0.06553460073626319
60,WF_2023_2024,HGB_NEWINFO_AVOID,-0.045495546468628044,-0.048071290126859456,0.0,0.36276042756399907,0.031032183258614694
60,WF_2023_2024,META_BLEND,0.012952711071660678,0.0029354453584476015,1.0,1.6562094930585858,0.14310032683187576
120,WF_2019_2020,BASE_OOF,0.009441920891635834,-0.03861308953839853,0.6666666666666666,2.3996189768837675,0.1135899637036933
120,WF_2019_2020,RIDGE_NEWINFO,0.015058615222240645,-0.02682549251690598,0.6666666666666666,2.526480639846986,0.1498280869261357
120,WF_2019_2020,HGB_NEWINFO_RANK,-8.93058210138196e-05,-0.031761247418736885,0.6666666666666666,1.9978439036375353,0.12721901606806632
120,WF_2019_2020,HGB_NEWINFO_RETURN,0.002180518105387625,-0.030242195174998435,0.3333333333333333,2.2783895704189265,0.08304910309391401
120,WF_2019_2020,HGB_NEWINFO_WINNER,-0.008249285607428351,-0.0406955962887433,0.3333333333333333,2.1953140443490726,0.07510410251992565
120,WF_2019_2020,HGB_NEWINFO_AVOID,-0.10002699132357189,-0.10226603514427568,0.0,0.47869430577647826,0.09321195310100795
120,WF_2019_2020,META_BLEND,0.0158650847379851,-0.021310114799103465,0.6666666666666666,2.2145430724747577,0.13840351810522608
120,WF_2021_2022,BASE_OOF,-0.02151465571075536,-0.04480506963734972,0.0,1.3785063822352512,-0.0025418922801231586
120,WF_2021_2022,RIDGE_NEWINFO,-0.0342046643497817,-0.03561375895040167,0.0,1.19259207121029,-0.029201565419497436
120,WF_2021_2022,HGB_NEWINFO_RANK,0.008825200336311718,-0.004997737169686644,0.6666666666666666,1.3716298749262597,-0.03635873134444048
120,WF_2021_2022,HGB_NEWINFO_RETURN,-0.01947610132692427,-0.023921181912173618,0.0,1.4760942214716835,-0.05975110439022561
120,WF_2021_2022,HGB_NEWINFO_WINNER,-0.02450376616701375,-0.04084625441479491,0.0,1.4016664946134603,-0.05999707303667596
120,WF_2021_2022,HGB_NEWINFO_AVOID,-0.07167491446595911,-0.08622532155410924,0.0,0.5796838373656485,0.013832071515652923
120,WF_2021_2022,META_BLEND,-0.03336780216027712,-0.035843106608422846,0.0,1.3338200796430877,-0.03771315486635894
120,WF_2023_2024,BASE_OOF,0.024972948221179486,0.008838807630511038,1.0,1.6916255733908954,0.16680621618111544
120,WF_2023_2024,RIDGE_NEWINFO,0.038889240260028914,0.02692475896654182,1.0,1.8164463761121898,0.1697425822551814
120,WF_2023_2024,HGB_NEWINFO_RANK,0.056486629219495495,0.017238512865743048,1.0,1.974989077269114,0.22148196854382315
120,WF_2023_2024,HGB_NEWINFO_RETURN,0.06277244482025555,0.01633523471121553,1.0,2.072379593694082,0.1939659358464843
120,WF_2023_2024,HGB_NEWINFO_WINNER,0.042947555602678315,0.01850810293446379,1.0,2.259761720032228,0.10592097736404386
120,WF_2023_2024,HGB_NEWINFO_AVOID,-0.05169951427895122,-0.05914743628806796,0.0,0.6398330439547302,0.05843228237105569
120,WF_2023_2024,META_BLEND,0.0514635697931351,0.02370600203127476,1.0,1.9534725678263885,0.22709285505187918
252,WF_2019_2020,BASE_OOF,-0.08281675718777474,-0.1774856673864821,0.3333333333333333,3.23469995023273,0.20191612291761302
252,WF_2019_2020,RIDGE_NEWINFO,-0.1220557850217892,-0.194649647628001,0.0,2.6746095059396766,0.2209351436888755
252,WF_2019_2020,HGB_NEWINFO_RANK,-0.20151823750035916,-0.22837588969710815,0.0,2.016229765057387,0.21041336279317344
252,WF_2019_2020,HGB_NEWINFO_RETURN,-0.16719609630684654,-0.18802603907035967,0.0,2.5112745742792386,0.153676145830331
252,WF_2019_2020,HGB_NEWINFO_WINNER,-0.14776026509606485,-0.18773036633979023,0.0,2.3385164734845443,0.13943147806876102
252,WF_2019_2020,HGB_NEWINFO_AVOID,-0.3087403387143353,-0.3200019075090868,0.0,1.3298041446011135,0.05867149918049753
252,WF_2019_2020,META_BLEND,-0.13140819762459352,-0.18277364662209997,0.0,2.693455844208189,0.2012144010892735
252,WF_2021_2022,BASE_OOF,-0.007012369223673082,-0.05945849662739451,0.3333333333333333,1.0162871610692619,-0.129222334755595
252,WF_2021_2022,RIDGE_NEWINFO,-0.13627107569310143,-0.14945383680046467,0.0,0.7489611365270652,-0.1377283910612451
252,WF_2021_2022,HGB_NEWINFO_RANK,-0.11780416825613937,-0.13247940110115722,0.0,0.5973856684203972,-0.17971470326371816
252,WF_2021_2022,HGB_NEWINFO_RETURN,-0.0758510503993924,-0.08655484374665602,0.0,0.7993603693790392,-0.23849568903239582
252,WF_2021_2022,HGB_NEWINFO_WINNER,-0.08137441990851627,-0.09631189574475972,0.0,0.7622153708019462,-0.19325737653523958
252,WF_2021_2022,HGB_NEWINFO_AVOID,-0.28068633479634925,-0.33531847861492653,0.0,0.47322974297003423,-0.17369364275505098
252,WF_2021_2022,META_BLEND,-0.11036370586154866,-0.17201448413452655,0.0,0.8351511085877197,-0.16737003426652144
252,WF_2023_2024,BASE_OOF,0.1116137174098105,0.07894258667346515,1.0,2.5687714179632426,0.2903668231219228
252,WF_2023_2024,RIDGE_NEWINFO,0.05216657713608691,0.03377517392695742,1.0,2.2369458529180513,0.20676214024307124
252,WF_2023_2024,HGB_NEWINFO_RANK,0.059217009276369165,0.03336175315550987,1.0,2.301573571105959,0.220709578436255
252,WF_2023_2024,HGB_NEWINFO_RETURN,0.05157656464148524,0.01716376319186638,1.0,2.662397664468587,0.2586698763435812
252,WF_2023_2024,HGB_NEWINFO_WINNER,0.018322931109935523,-0.009906000124562574,0.6666666666666666,2.2452554586123976,0.12223132658826005
252,WF_2023_2024,HGB_NEWINFO_AVOID,-0.2605183156709441,-0.3329137199641863,0.0,0.3121491804429643,-0.014613986234660736
252,WF_2023_2024,META_BLEND,0.13943361326027923,0.08599147238008784,1.0,2.74715564255092,0.30397552670593664
