signal_date,ticker,fold,expected_active_per_session,uncertainty_per_session,positive_active_horizon_share,effective_horizon_sessions,horizon_weight_5d,horizon_weight_10d,horizon_weight_20d,horizon_weight_60d,horizon_weight_120d,horizon_weight_252d,score_5d,score_10d,score_20d,score_60d,score_120d,score_252d,expected_active_total,model_target_weight,entry_ok,resize_band,seal_id,shadow_only,real_orders_sent,model_intent
2026-09-11,FDX,LIVE_SHADOW,0.00034250015218107425,0.0028761227729410693,0.8363172521018211,40.967715516631195,0.12508146587987765,0.22550708477016634,0.3828183380513289,0.11092786672912452,0.1170639625512012,0.03860128201830139,0.4918032786885246,0.9781420765027322,0.9453551912568307,0.8797814207650273,0.8907103825136612,0.8142076502732241,0.014031448798957142,0.08934579808489145,True,0.01273507808994491,46bbbf853561e26625ee3ecbccb6037051556f2f3ca26dcb4e311c165c08d8e9,True,False,ELIGIBLE_ENTRY
2026-09-11,NKE,LIVE_SHADOW,0.0003576073324763031,0.003285386259878028,0.966307051177737,37.14125031408989,0.2431483789518831,0.18616672309025536,0.3231339803497854,0.10920696293459388,0.10465100585121925,0.033692948822262966,0.8306010928961749,0.9453551912568307,0.9289617486338798,0.9672131147540983,0.912568306010929,0.819672131147541,0.013281983449656339,0.06344129289079982,True,0.009552984782922812,46bbbf853561e26625ee3ecbccb6037051556f2f3ca26dcb4e311c165c08d8e9,True,False,ELIGIBLE_ENTRY
2026-09-11,CEPU,LIVE_SHADOW,0.00048813796107651143,0.0034360944103208027,1.0,35.69090166256359,0.26247940469203956,0.1816413080661055,0.33027186021299226,0.10015666469588133,0.0883813457233461,0.03706941660963524,0.912568306010929,0.9672131147540983,0.9836065573770492,0.9453551912568307,0.8415300546448088,0.912568306010929,0.017422083966546063,0.06143078214313742,True,0.007052059014420661,46bbbf853561e26625ee3ecbccb6037051556f2f3ca26dcb4e311c165c08d8e9,True,False,ELIGIBLE_ENTRY
2026-09-11,CAAP,LIVE_SHADOW,0.0002628464457017835,0.0029914923543469724,0.7805605486289907,39.557211665856485,0.18126458322402608,0.20370779423699337,0.3505529518563204,0.11955485511801621,0.10674494741766076,0.03817486814698312,0.639344262295082,0.9344262295081968,0.912568306010929,0.9562841530054644,0.8579234972677595,0.8306010928961749,0.010397472488243503,0.057499552780832824,True,0.011060294287067937,46bbbf853561e26625ee3ecbccb6037051556f2f3ca26dcb4e311c165c08d8e9,True,False,ELIGIBLE_ENTRY
2026-09-11,TTWO,LIVE_SHADOW,0.00035615863383236574,0.0029104023790423247,0.8030157793607738,40.201782626088026,0.16302259030252342,0.20644275625152475,0.35562214819226823,0.12104394477786717,0.11990693013911373,0.03396163033670286,0.6065573770491803,0.9562841530054644,0.9344262295081968,0.9781420765027322,0.9453551912568307,0.7759562841530054,0.014318211977733248,0.05640757295772763,True,0.007879136451597312,46bbbf853561e26625ee3ecbccb6037051556f2f3ca26dcb4e311c165c08d8e9,True,False,ELIGIBLE_ENTRY
2026-09-11,ZTS,LIVE_SHADOW,0.00030543563894944387,0.003462147056164537,0.9999999999999999,35.49788375843546,0.26643287804778487,0.17176982689489936,0.3386305535069788,0.09769079233388625,0.08943921752629372,0.03603673169015693,0.8961748633879781,0.9016393442622951,0.9726775956284153,0.9016393442622951,0.825136612021858,0.8688524590163934,0.01084231880711082,0.052242152427021446,True,0.009636712101245167,46bbbf853561e26625ee3ecbccb6037051556f2f3ca26dcb4e311c165c08d8e9,True,False,ELIGIBLE_ENTRY
2026-09-11,NUE,LIVE_SHADOW,0.00035745519998203144,0.0028361135175734163,0.8620151718595894,42.639798620701114,0.13798482814041046,0.20795942606339626,0.3725136230517544,0.1137327045608539,0.12645399922412592,0.04135541895945899,0.5519125683060109,0.9617486338797814,0.9672131147540983,0.9344262295081968,0.9836065573770492,0.8907103825136612,0.015241817743156265,0.04973543723614926,True,0.00652618186022871,46bbbf853561e26625ee3ecbccb6037051556f2f3ca26dcb4e311c165c08d8e9,True,False,ELIGIBLE_ENTRY
2026-09-11,MPWR,LIVE_SHADOW,0.0008101987830122277,0.0034646777086389017,1.0,36.08826521839135,0.27103603912626295,0.1784736070137444,0.3172604752664083,0.09780568128685645,0.10145529660009409,0.033968900706633914,0.9781420765027322,1.0,1.0,0.9726775956284153,0.9726775956284153,0.8961748633879781,0.029238668560963178,0.046097224872026096,True,0.003153168536105706,46bbbf853561e26625ee3ecbccb6037051556f2f3ca26dcb4e311c165c08d8e9,True,False,ELIGIBLE_ENTRY
2026-09-11,VIST,LIVE_SHADOW,0.00045100202841340595,0.0034396358951496726,1.0000000000000002,36.81572090522146,0.2656659786285931,0.1862421081780708,0.3164907850033344,0.09348312185296058,0.0993906869536435,0.038727319383397796,0.9289617486338798,0.994535519125683,0.9617486338797814,0.907103825136612,0.9234972677595629,0.9508196721311475,0.016603964805756714,0.044342205540363375,True,0.0053411587002388265,46bbbf853561e26625ee3ecbccb6037051556f2f3ca26dcb4e311c165c08d8e9,True,False,ELIGIBLE_ENTRY
2026-09-11,STLD,LIVE_SHADOW,0.0003926562335014481,0.0032578213985911004,1.0000000000000002,38.58295101976738,0.23845823289627827,0.18906038335922642,0.32356293119192786,0.10111704759465068,0.10821348111529504,0.03958792384262189,0.8415300546448088,0.9836065573770492,0.9562841530054644,0.9398907103825137,0.9617486338797814,0.9453551912568307,0.015149836224792716,0.04354105257132993,True,0.005748055876680037,46bbbf853561e26625ee3ecbccb6037051556f2f3ca26dcb4e311c165c08d8e9,True,False,ELIGIBLE_ENTRY
2026-09-11,OXY,LIVE_SHADOW,0.00023139945323065532,0.0028938853424497236,0.7280110206892199,41.21042582775872,0.13836478616804437,0.2028767447412861,0.3950614833148822,0.09736159898295602,0.13007279263305155,0.03626259415977955,0.5245901639344263,0.8797814207650273,0.9398907103825137,0.7814207650273224,0.9344262295081968,0.7595628415300546,0.009536070003945844,0.042238860394308714,True,0.008858756359135593,46bbbf853561e26625ee3ecbccb6037051556f2f3ca26dcb4e311c165c08d8e9,True,False,ELIGIBLE_ENTRY
2026-09-11,YPF,LIVE_SHADOW,0.0002676413032066109,0.003327950342181861,1.0,37.32464658871329,0.24819657474807,0.18429959062493403,0.32761693278585535,0.10567425256309952,0.09449783044580169,0.03971481883223939,0.825136612021858,0.9180327868852459,0.9180327868852459,0.9234972677595629,0.8306010928961749,0.9016393442622951,0.00998961705472941,0.04052718458703472,True,0.008113861495390923,46bbbf853561e26625ee3ecbccb6037051556f2f3ca26dcb4e311c165c08d8e9,True,False,ELIGIBLE_ENTRY
2026-09-11,DOW,LIVE_SHADOW,0.0002766073330494611,0.003272241379554494,0.9999999999999999,40.45357204548402,0.2515183005385821,0.18928033652192403,0.28583366833242013,0.11447091678119976,0.11608893339446001,0.04280784443141382,0.8360655737704918,0.9398907103825137,0.8360655737704918,0.9836065573770492,0.9672131147540983,0.9562841530054644,0.011189754675825569,0.03746677179830524,True,0.006696620772079791,46bbbf853561e26625ee3ecbccb6037051556f2f3ca26dcb4e311c165c08d8e9,True,False,ELIGIBLE_ENTRY
2026-09-11,HON,LIVE_SHADOW,0.00016592456660171283,0.0030970477573959813,0.7004988963896568,34.317791298207716,0.17621267088999326,0.22486569176849092,0.3716774241880428,0.10395578043312306,0.10266294946366364,0.020625483256686363,0.6010928961748634,0.9508196721311475,0.9016393442622951,0.819672131147541,0.7923497267759563,0.5409836065573771,0.005694164647883147,0.03173325318911694,True,0.011145885358588653,46bbbf853561e26625ee3ecbccb6037051556f2f3ca26dcb4e311c165c08d8e9,True,False,ELIGIBLE_ENTRY
2026-09-11,MDB,LIVE_SHADOW,0.0007039093391797915,0.003444905061727145,1.0,37.5415693653307,0.2715168670474289,0.17487253944460063,0.31085910070145645,0.10019074546822132,0.10392935936154997,0.03863138797674264,0.9836065573770492,0.9890710382513661,0.9890710382513661,0.994535519125683,0.994535519125683,0.9890710382513661,0.02642586128372224,0.02835130548933022,True,0.0021457242346756746,46bbbf853561e26625ee3ecbccb6037051556f2f3ca26dcb4e311c165c08d8e9,True,False,ELIGIBLE_ENTRY
2026-09-11,NXPI,LIVE_SHADOW,0.00028939410019983123,0.003909972189861664,0.9343655505344156,26.34362308357846,0.3172097716960518,0.19322901373395873,0.3321585307513996,0.09176823435300542,0.04442319586194696,0.02121125360363754,0.9453551912568307,0.912568306010929,0.8907103825136612,0.8032786885245902,0.5081967213114754,0.5792349726775956,0.007623689098275692,0.026955632668679865,True,0.0070715456313077164,46bbbf853561e26625ee3ecbccb6037051556f2f3ca26dcb4e311c165c08d8e9,True,False,ELIGIBLE_ENTRY
2026-09-11,ADSK,LIVE_SHADOW,0.0002980410778598772,0.0035609068155444674,0.9999999999999998,39.8116417142798,0.29830424259285165,0.15824427346633826,0.2786773102411818,0.10426387302062089,0.11772951962514049,0.04278078105386672,0.9562841530054644,0.8360655737704918,0.8306010928961749,0.9289617486338798,0.9890710382513661,0.9672131147540983,0.011865504607895202,0.026486738062754752,True,0.004464494168268362,46bbbf853561e26625ee3ecbccb6037051556f2f3ca26dcb4e311c165c08d8e9,True,False,ELIGIBLE_ENTRY
2026-09-11,MELI,LIVE_SHADOW,0.00017591134589112963,0.0031124736192901944,0.7602916930049141,37.89195956875791,0.20693078663889491,0.1885835804640956,0.3523870362993206,0.11091225289672989,0.10840882334476795,0.03277752035619096,0.6994535519125683,0.8907103825136612,0.9234972677595629,0.912568306010929,0.8743169398907104,0.7540983606557377,0.006665625606192472,0.025216419927355675,True,0.007566107494525111,46bbbf853561e26625ee3ecbccb6037051556f2f3ca26dcb4e311c165c08d8e9,True,False,ELIGIBLE_ENTRY
2026-09-11,UPS,LIVE_SHADOW,0.00010002024405169307,0.0034578629033255787,0.641848205222282,31.756894460398364,0.25480646774104687,0.19539478787191752,0.3473401154493931,0.09911330190097144,0.07884627722207092,0.024499049814600382,0.20218579234972678,0.907103825136612,0.907103825136612,0.8360655737704918,0.6994535519125683,0.6229508196721312,0.003176332334252904,0.022485523158032966,True,0.014158167843807643,46bbbf853561e26625ee3ecbccb6037051556f2f3ca26dcb4e311c165c08d8e9,True,False,ELIGIBLE_ENTRY
2026-09-11,LAR,LIVE_SHADOW,0.0004949724269156719,0.0035462567340801125,0.9999999999999999,36.973474478183476,0.28717704567217706,0.16742157894122345,0.30719516735207403,0.10364755549817031,0.09400123981577899,0.040557412720576135,0.994535519125683,0.9289617486338798,0.9508196721311475,0.9890710382513661,0.8961748633879781,0.994535519125683,0.01830085039397113,0.02225535881805925,True,0.002432166630397772,46bbbf853561e26625ee3ecbccb6037051556f2f3ca26dcb4e311c165c08d8e9,True,False,ELIGIBLE_ENTRY
2026-09-11,ON,LIVE_SHADOW,0.0005316121058822275,0.0035800939215095205,0.8588417006465119,37.30524344336753,0.29351269269078856,0.14115829935348806,0.32383631155524634,0.09971959016054405,0.10424717747592406,0.03752592876400893,1.0,0.8142076502732241,0.9781420765027322,0.9508196721311475,0.9562841530054644,0.9289617486338798,0.01983191902737777,0.0164049542491225,True,0.0016543990751954588,46bbbf853561e26625ee3ecbccb6037051556f2f3ca26dcb4e311c165c08d8e9,True,False,ELIGIBLE_ENTRY
2026-09-11,AMD,LIVE_SHADOW,0.00038817106333578424,0.00366807717165361,0.926884621056197,35.955483425692144,0.2990781982392874,0.17954536369855056,0.3062177675784508,0.07311537894380292,0.1033450663541201,0.038698225185788075,0.9672131147540983,0.9234972677595629,0.8961748633879781,0.73224043715847,0.907103825136612,0.907103825136612,0.013956878234103087,0.0152354165673102,True,0.002183212651391205,46bbbf853561e26625ee3ecbccb6037051556f2f3ca26dcb4e311c165c08d8e9,True,False,ELIGIBLE_ENTRY
2026-09-11,MCHP,LIVE_SHADOW,0.0002761015131401343,0.003338794298743462,1.0,39.77456578703358,0.25845614786733256,0.19820096893500455,0.28039751897960247,0.10079012782961347,0.12135001712811067,0.040805219260336235,0.8524590163934426,0.9726775956284153,0.825136612021858,0.8961748633879781,1.0,0.9234972677595629,0.010981817798291788,0.01501335226841907,True,0.002734219879472847,46bbbf853561e26625ee3ecbccb6037051556f2f3ca26dcb4e311c165c08d8e9,True,False,ELIGIBLE_ENTRY
2026-09-11,KMB,LIVE_SHADOW,6.192264709584118e-05,0.002819113306845927,0.6616986046151373,43.25625898038994,0.1437604397439375,0.19454095564092502,0.37236023906575877,0.12443844821923897,0.1202745728515431,0.04462534447859648,0.4808743169398907,0.819672131147541,0.8633879781420765,0.8907103825136612,0.8469945355191257,0.8415300546448088,0.0026785420595289967,0.014446707257863362,True,0.010786993025902844,46bbbf853561e26625ee3ecbccb6037051556f2f3ca26dcb4e311c165c08d8e9,True,False,ELIGIBLE_ENTRY
2026-09-11,GOOGL,LIVE_SHADOW,9.729316660923749e-05,0.002957046995915007,0.7926499720093061,39.61605029979323,0.17820367190091377,0.2021828396281012,0.3465994080939197,0.1139632211161591,0.12990450317112606,0.02914635608978011,0.5956284153005464,0.8633879781420765,0.8415300546448088,0.8579234972677595,0.9180327868852459,0.6502732240437158,0.0038543709822177158,0.013663455908540142,True,0.0070898499244504525,46bbbf853561e26625ee3ecbccb6037051556f2f3ca26dcb4e311c165c08d8e9,True,False,ELIGIBLE_ENTRY
2026-09-11,FCX,LIVE_SHADOW,0.00013864307753109546,0.0037376320056196743,0.8667672610559104,32.48932040094935,0.2957884091330835,0.18399705018327323,0.34520822419231667,0.07081044742649333,0.06242229151759628,0.04177357754723696,0.8579234972677595,0.8415300546448088,0.8743169398907104,0.6502732240437158,0.5901639344262295,0.8579234972677595,0.004504419367281422,0.010539813438480134,True,0.004679765616424515,46bbbf853561e26625ee3ecbccb6037051556f2f3ca26dcb4e311c165c08d8e9,True,False,ELIGIBLE_ENTRY
2026-09-11,CAT,LIVE_SHADOW,9.529442309059426e-05,0.0036021842442211377,0.8202373046294884,31.179258842234873,0.27203315471643125,0.20513531359877854,0.3430688363142786,0.07621571397555847,0.07394256775516926,0.02960441363978389,0.7978142076502732,0.8961748633879781,0.8579234972677595,0.6721311475409836,0.644808743169399,0.6721311475409836,0.002971209483763082,0.009699581660245923,True,0.006529045974881081,46bbbf853561e26625ee3ecbccb6037051556f2f3ca26dcb4e311c165c08d8e9,True,False,ELIGIBLE_ENTRY
2026-09-11,AMAT,LIVE_SHADOW,0.0002635340811423563,0.0036165785542525745,0.907905563215655,35.43836503771201,0.2933700989267629,0.174073594734287,0.30943887065878034,0.09389128621515377,0.09209443678434501,0.037131712680670996,0.9344262295081968,0.8852459016393442,0.8852459016393442,0.8524590163934426,0.819672131147541,0.8633879781420765,0.00933921696740084,0.007786825600607804,True,0.0016675542773635606,46bbbf853561e26625ee3ecbccb6037051556f2f3ca26dcb4e311c165c08d8e9,True,False,ELIGIBLE_ENTRY
2026-09-11,MU,LIVE_SHADOW,0.00033815593431119425,0.0039351688995102755,0.6678561266310724,43.23562064461519,0.35950116155665324,0.11087799492600668,0.22126587844292098,0.1258778549834834,0.13358246760008632,0.0488946424908495,0.9890710382513661,0.39344262295081966,0.6502732240437158,0.9617486338797814,0.9781420765027322,0.9617486338797814,0.014620381694604207,0.007310710203468834,True,0.001000071045500395,46bbbf853561e26625ee3ecbccb6037051556f2f3ca26dcb4e311c165c08d8e9,True,False,ELIGIBLE_ENTRY
2026-09-11,KEEL,LIVE_SHADOW,0.0005034735563956102,0.003724169611632899,0.835897211880325,36.62592544871538,0.3072328944357858,0.09537890535097131,0.3652332302920671,0.11770933634105202,0.06872388276870353,0.045721750811420055,0.9617486338797814,0.5956284153005464,0.994535519125683,1.0,0.6721311475409836,1.0,0.018440184941945218,0.006998333702854289,True,0.0007590307499503906,46bbbf853561e26625ee3ecbccb6037051556f2f3ca26dcb4e311c165c08d8e9,True,False,ELIGIBLE_ENTRY
2026-09-11,EOG,LIVE_SHADOW,2.5277255960201397e-05,0.003108860935969763,0.5809525555739481,40.076502965919055,0.2158456649388107,0.1655010873052667,0.35227596781941484,0.11075034247695888,0.11792624527757435,0.03770069218197452,0.6885245901639344,0.7759562841530054,0.8797814207650273,0.8688524590163934,0.8852459016393442,0.7923497267759563,0.0010130240234593063,0.004556468045280393,False,0.008995774907135613,46bbbf853561e26625ee3ecbccb6037051556f2f3ca26dcb4e311c165c08d8e9,True,False,NO_ENTRY
2026-09-11,RCL,LIVE_SHADOW,2.2771021866796154e-05,0.003061082134935906,0.5892095792578427,36.2728795293206,0.1746145563244625,0.21703238819038886,0.3721771910674538,0.10708426293139524,0.09977424474231725,0.029317356743982316,0.43169398907103823,0.8688524590163934,0.8469945355191257,0.7868852459016393,0.73224043715847,0.6284153005464481,0.0008259705329338219,0.004070488032166054,False,0.009856254841701932,46bbbf853561e26625ee3ecbccb6037051556f2f3ca26dcb4e311c165c08d8e9,True,False,NO_ENTRY
2026-09-11,KR,LIVE_SHADOW,1.3123990687571396e-05,0.0029028651294469602,0.6984377865808309,40.93780508400748,0.149620172649872,0.22649095666187236,0.35328159154599265,0.11866523837296582,0.11022837691682794,0.0417136638524692,0.5136612021857924,0.8743169398907104,0.7978142076502732,0.825136612021858,0.7650273224043715,0.7704918032786885,0.0005372673726921272,0.0023083805603413463,False,0.008593042040779679,46bbbf853561e26625ee3ecbccb6037051556f2f3ca26dcb4e311c165c08d8e9,True,False,NO_ENTRY
2026-09-11,DDOG,LIVE_SHADOW,5.627119380550657e-05,0.0037298587801902765,0.7320063551852362,37.53778462507675,0.31468270316970876,0.15656501266540887,0.2966152144980321,0.07343026620376783,0.1207084375174953,0.037998365945587205,0.8907103825136612,0.7486338797814208,0.7814207650273224,0.6612021857923497,0.9016393442622951,0.7978142076502732,0.0021122959536670587,0.0022620307597557374,True,0.002141774457152873,46bbbf853561e26625ee3ecbccb6037051556f2f3ca26dcb4e311c165c08d8e9,True,False,ELIGIBLE_ENTRY
2026-09-11,KLAC,LIVE_SHADOW,5.9500711833870626e-05,0.004051673481586308,0.7101869451772274,28.67339977131658,0.3387253649880148,0.13125417059030123,0.37146158018921255,0.07141442945565815,0.06066112677581193,0.026483328001001265,0.8743169398907104,0.37158469945355194,0.8524590163934426,0.3879781420765027,0.453551912568306,0.40437158469945356,0.0017060876970904795,0.0019033621482867841,False,0.0022312594499482434,46bbbf853561e26625ee3ecbccb6037051556f2f3ca26dcb4e311c165c08d8e9,True,False,NO_ENTRY
2026-09-11,CRWD,LIVE_SHADOW,0.00017110093847270023,0.004762004889327943,0.4458167556300152,34.47652966090714,0.4458167556300152,0.15570421929740497,0.17718062791632136,0.07629720692773143,0.1058434941045158,0.039157696124011133,0.9726775956284153,0.644808743169399,0.4972677595628415,0.5901639344262295,0.7049180327868853,0.6994535519125683,0.0058989665802630965,0.0,False,0.002311559848394983,46bbbf853561e26625ee3ecbccb6037051556f2f3ca26dcb4e311c165c08d8e9,True,False,NO_ENTRY
2026-09-11,TGT,LIVE_SHADOW,9.060204728036807e-05,0.0027699511368443177,0.48453193414167484,45.44957778509412,0.15351420621195347,0.213037739276712,0.31742953661744916,0.12660656930276334,0.14488762556219945,0.0445243230289227,0.5300546448087432,0.8579234972677595,0.7595628415300546,0.8852459016393442,0.9508196721311475,0.825136612021858,0.004117824795357864,0.0,False,0.007149665900238972,46bbbf853561e26625ee3ecbccb6037051556f2f3ca26dcb4e311c165c08d8e9,True,False,NO_ENTRY
2026-09-11,ASML,LIVE_SHADOW,6.236468973428401e-05,0.004859305835522635,0.4471894392944905,27.457266535767396,0.4471894392944905,0.198950123639045,0.1832692890774003,0.07384798884015852,0.070028205413464,0.026714953735441655,0.9508196721311475,0.7377049180327869,0.5027322404371585,0.43169398907103823,0.45901639344262296,0.546448087431694,0.0017123639084546728,0.0,False,0.005673457480122828,46bbbf853561e26625ee3ecbccb6037051556f2f3ca26dcb4e311c165c08d8e9,True,False,NO_ENTRY
2026-09-11,ARM,LIVE_SHADOW,3.6512955125527075e-06,0.0043451649503837555,0.4398253429867504,35.031761975344736,0.387791074702809,0.09741287488826064,0.3270880984843907,0.06360936268607931,0.07206432095451888,0.052034268283941434,0.907103825136612,0.4918032786885246,0.7377049180327869,0.546448087431694,0.5737704918032787,0.8743169398907104,0.00012791131529739082,0.0,False,0.0016990718540027354,46bbbf853561e26625ee3ecbccb6037051556f2f3ca26dcb4e311c165c08d8e9,True,False,NO_ENTRY
2026-09-11,AVGO,LIVE_SHADOW,-6.581001749583489e-06,0.0032483004667375093,0.7370637460508975,36.02097654975962,0.23807618776477463,0.18841892204822874,0.3196105469751316,0.11991090784673834,0.10912336918079894,0.024860066184327994,0.73224043715847,0.8469945355191257,0.819672131147541,0.9180327868852459,0.8360655737704918,0.6065573770491803,-0.00023705410969567387,0.0,False,0.005796402966030618,46bbbf853561e26625ee3ecbccb6037051556f2f3ca26dcb4e311c165c08d8e9,True,False,NO_ENTRY
2026-09-11,PLTR,LIVE_SHADOW,-3.715051722331704e-05,0.0035509201820913007,0.5728693535589624,40.821338299800495,0.2963205025052327,0.19445462448656436,0.23267602195447323,0.1067870079075107,0.12458739275741368,0.04517445038880532,0.8688524590163934,0.11475409836065574,0.3224043715846995,0.8633879781420765,0.9398907103825137,0.9180327868852459,-0.00151653383158559,0.0,False,0.001357747162344867,46bbbf853561e26625ee3ecbccb6037051556f2f3ca26dcb4e311c165c08d8e9,True,False,NO_ENTRY
2026-09-11,REGN,LIVE_SHADOW,-4.561981232402581e-05,0.0031354161919617024,0.6286737942830359,33.47663627849647,0.16268424477628987,0.24792149390053822,0.38075230038249774,0.09495958195890497,0.08921651752257942,0.0244658614591899,0.4972677595628415,0.8524590163934426,0.7704918032786885,0.6557377049180327,0.6174863387978142,0.4808743169398907,-0.001527197864264683,0.0,False,0.01218344617942623,46bbbf853561e26625ee3ecbccb6037051556f2f3ca26dcb4e311c165c08d8e9,True,False,NO_ENTRY
2026-09-11,ROP,LIVE_SHADOW,-4.141894444380325e-05,0.002901679879919528,0.3311262207921193,48.96842008637648,0.22567949042960941,0.1394866983193969,0.26072635153175905,0.15559650140480163,0.17552971938731762,0.04298123892711535,0.5792349726775956,0.5683060109289617,0.5846994535519126,0.8743169398907104,0.9289617486338798,0.6939890710382514,-0.002028220271058447,0.0,False,0.006475168530341616,46bbbf853561e26625ee3ecbccb6037051556f2f3ca26dcb4e311c165c08d8e9,True,False,NO_ENTRY
2026-09-11,LRCX,LIVE_SHADOW,-7.424170655901881e-05,0.004255775198329418,0.37976753653217354,33.334279007586304,0.37976753653217354,0.20697185208741803,0.18442803168731775,0.10573047785171372,0.08854845579412816,0.0345536460472488,0.8797814207650273,0.7868852459016393,0.4808743169398907,0.2677595628415301,0.639344262295082,0.6557377049180327,-0.002474793760437683,0.0,False,0.0017343435847607615,46bbbf853561e26625ee3ecbccb6037051556f2f3ca26dcb4e311c165c08d8e9,True,False,NO_ENTRY
2026-09-11,MRVL,LIVE_SHADOW,-6.015172281853321e-05,0.0038533913200690857,0.5096517803007312,41.228403317877955,0.34089638247921544,0.12244951405688706,0.27110552068798033,0.09679318495440127,0.11709572346312608,0.051659674358389654,0.9234972677595629,0.6284153005464481,0.2786885245901639,0.7759562841530054,0.8633879781420765,0.9726775956284153,-0.00247995948862769,0.0,False,0.0011566145385909165,46bbbf853561e26625ee3ecbccb6037051556f2f3ca26dcb4e311c165c08d8e9,True,False,NO_ENTRY
2026-09-11,ACN,LIVE_SHADOW,-8.95084724033552e-05,0.003542276363444857,0.3393999286565695,32.6436113923771,0.27820800455894273,0.16478632734479476,0.3393999286565695,0.09690497808409633,0.10162258351252312,0.01907817784307339,0.7704918032786885,0.2677595628415301,0.8087431693989071,0.7486338797814208,0.7540983606557377,0.4972677595628415,-0.002921879789460437,0.0,False,0.003111619730829619,46bbbf853561e26625ee3ecbccb6037051556f2f3ca26dcb4e311c165c08d8e9,True,False,NO_ENTRY
2026-09-11,PANW,LIVE_SHADOW,-0.0001117019579860054,0.004227867550171622,0.3649888047231375,26.85741735470375,0.3649888047231375,0.20523514014579683,0.2684954184247884,0.07905237776887637,0.05950341179714608,0.022724847140254807,0.8852459016393442,0.8087431693989071,0.33879781420765026,0.6284153005464481,0.5245901639344263,0.46994535519125685,-0.0030000261049677305,0.0,False,0.004109097997141701,46bbbf853561e26625ee3ecbccb6037051556f2f3ca26dcb4e311c165c08d8e9,True,False,NO_ENTRY
2026-09-11,TXN,LIVE_SHADOW,-9.7647095654315e-05,0.004015444848313581,0.33918332458875167,31.8460566981915,0.33918332458875167,0.16483883007698674,0.32629989661860864,0.058260370412557924,0.07270528875021003,0.03871228955288501,0.819672131147541,0.6830601092896175,0.73224043715847,0.4808743169398907,0.4262295081967213,0.7103825136612022,-0.0031096749446210444,0.0,False,0.005825704716639796,46bbbf853561e26625ee3ecbccb6037051556f2f3ca26dcb4e311c165c08d8e9,True,False,NO_ENTRY
2026-09-11,MPC,LIVE_SHADOW,-7.7116397111186e-05,0.003128692998444527,0.6111396920418044,43.02403643239039,0.2278650028773495,0.11783116660301841,0.3650092350704999,0.11678004470676139,0.12935041226454302,0.04316413847782783,0.6502732240437158,0.5737704918032787,0.8142076502732241,0.8142076502732241,0.8524590163934426,0.7868852459016393,-0.0033178586788463514,0.0,False,0.007880069750896395,46bbbf853561e26625ee3ecbccb6037051556f2f3ca26dcb4e311c165c08d8e9,True,False,NO_ENTRY
2026-09-11,FTNT,LIVE_SHADOW,-0.00011946167007310983,0.004437009705181669,0.39530292809501116,28.874992717817843,0.39530292809501116,0.2062109409920688,0.22298601882705754,0.07830167912861245,0.06678376940956669,0.030414663547683313,0.8142076502732241,0.7103825136612022,0.5300546448087432,0.5573770491803278,0.4972677595628415,0.5573770491803278,-0.0034494548534194044,0.0,False,0.00703944782467967,46bbbf853561e26625ee3ecbccb6037051556f2f3ca26dcb4e311c165c08d8e9,True,False,NO_ENTRY
2026-09-11,BSX,LIVE_SHADOW,-0.00010211098849186545,0.003337534869615657,0.36970211379365603,35.19103097000226,0.24488620307384468,0.1528818733250408,0.36970211379365603,0.10679276330742264,0.09886032250715834,0.026876723992877584,0.7158469945355191,0.7049180327868853,0.8688524590163934,0.1912568306010929,0.7486338797814208,0.6120218579234973,-0.0035933909583947816,0.0,False,0.007779486586790657,46bbbf853561e26625ee3ecbccb6037051556f2f3ca26dcb4e311c165c08d8e9,True,False,NO_ENTRY
2026-09-11,ANET,LIVE_SHADOW,-0.00011110978578691447,0.003709481607337935,0.0,33.50874862336875,0.30643807318114125,0.14755793386157653,0.3267606709347355,0.113708310292601,0.07160269752537739,0.033932314204568347,0.7814207650273224,0.6502732240437158,0.7486338797814208,0.7923497267759563,0.4207650273224044,0.6666666666666666,-0.003723149881530067,0.0,False,0.003363183022280773,46bbbf853561e26625ee3ecbccb6037051556f2f3ca26dcb4e311c165c08d8e9,True,False,NO_ENTRY
2026-09-11,INTC,LIVE_SHADOW,-9.967032371051416e-05,0.0038713233139832416,0.5011002546026574,38.269814533123125,0.33610456618336565,0.18964436945454632,0.22501224181668913,0.11195565836180892,0.08424313412610697,0.05304003005748285,0.9016393442622951,0.17486338797814208,0.366120218579235,0.8469945355191257,0.6830601092896175,0.9781420765027322,-0.0038143648028577215,0.0,False,0.001702497403705799,46bbbf853561e26625ee3ecbccb6037051556f2f3ca26dcb4e311c165c08d8e9,True,False,NO_ENTRY
2026-09-11,CDNS,LIVE_SHADOW,-0.0001221880794838136,0.003712587448636184,0.34055187471908926,31.429517448234506,0.28694940861127904,0.20580455323378982,0.34055187471908926,0.061558256817620935,0.06865194316962502,0.036483963448595925,0.7431693989071039,0.8032786885245902,0.7650273224043715,0.5409836065573771,0.5628415300546448,0.30601092896174864,-0.003840312376102784,0.0,False,0.008136228449327449,46bbbf853561e26625ee3ecbccb6037051556f2f3ca26dcb4e311c165c08d8e9,True,False,NO_ENTRY
2026-09-11,ORCL,LIVE_SHADOW,-0.00011810323919699319,0.003799727662621705,0.43879033662900485,35.75857296976178,0.32644381874763617,0.19382062386429755,0.2255633566111945,0.11234651788136867,0.11215138376812257,0.029674299127380573,0.8633879781420765,0.18032786885245902,0.3770491803278688,0.8306010928961749,0.8087431693989071,0.644808743169399,-0.0042232032967909105,0.0,False,0.003306982801079766,46bbbf853561e26625ee3ecbccb6037051556f2f3ca26dcb4e311c165c08d8e9,True,False,NO_ENTRY
2026-09-11,NOC,LIVE_SHADOW,-0.0001372442821599954,0.00342552042183436,0.0,33.42504023026689,0.25571006878210745,0.20616202994552052,0.31819114352202765,0.10511180197624315,0.08728447164536009,0.027540484128741227,0.7103825136612022,0.8306010928961749,0.7540983606557377,0.7704918032786885,0.6666666666666666,0.6010928961748634,-0.004587395652571946,0.0,False,0.013663746588242768,46bbbf853561e26625ee3ecbccb6037051556f2f3ca26dcb4e311c165c08d8e9,True,False,NO_ENTRY
2026-09-11,BRK-B,LIVE_SHADOW,-0.00013491246341347822,0.0036364649254250724,0.4295118414427659,34.291807426793554,0.29711689731064317,0.1592655274942337,0.3184047626514993,0.11110707879126656,0.08011816076365193,0.0339875729887055,0.17486338797814208,0.73224043715847,0.7923497267759563,0.8415300546448088,0.6612021857923497,0.7158469945355191,-0.004626392214849326,0.0,False,0.05052637619631756,46bbbf853561e26625ee3ecbccb6037051556f2f3ca26dcb4e311c165c08d8e9,True,False,NO_ENTRY
2026-09-11,NVDA,LIVE_SHADOW,-0.0001409501492046917,0.003482512144101396,0.36943703279033546,33.08636687564591,0.2589097596574966,0.1718657226748599,0.36943703279033546,0.07007588361185146,0.10763224500608375,0.02207935625937294,0.6775956284153005,0.6939890710382514,0.7868852459016393,0.5683060109289617,0.7213114754098361,0.5081967213114754,-0.00466352834776346,0.0,False,0.006926641680913313,46bbbf853561e26625ee3ecbccb6037051556f2f3ca26dcb4e311c165c08d8e9,True,False,NO_ENTRY
2026-09-11,SID,LIVE_SHADOW,-0.00013309985288911238,0.0038620127916543347,0.3347870473258596,35.54359203893778,0.3347870473258596,0.136045482402684,0.2930695269875204,0.09665631176353585,0.10826407886683129,0.031177552653568773,0.9398907103825137,0.3114754098360656,0.2185792349726776,0.20218579234972678,0.15846994535519127,0.29508196721311475,-0.004730846871533244,0.0,False,0.0024245109432939715,46bbbf853561e26625ee3ecbccb6037051556f2f3ca26dcb4e311c165c08d8e9,True,False,NO_ENTRY
2026-09-11,VLO,LIVE_SHADOW,-0.00013041239055061068,0.0032311927286870173,0.3434510114028741,37.677795862452214,0.23058150143776496,0.18175768500716527,0.3434510114028741,0.09794488549631761,0.11285727916610687,0.033407637489771304,0.6721311475409836,0.7704918032786885,0.8032786885245902,0.7431693989071039,0.7978142076502732,0.6830601092896175,-0.004913651429100301,0.0,False,0.008629108466198727,46bbbf853561e26625ee3ecbccb6037051556f2f3ca26dcb4e311c165c08d8e9,True,False,NO_ENTRY
2026-09-11,SNPS,LIVE_SHADOW,-0.00012103007968000321,0.003625418907759782,0.18669781276935477,43.98106249620053,0.31391031385740653,0.1789274367755976,0.20592193734549197,0.12650599435358123,0.11454249925214899,0.06019181841577352,0.7540983606557377,0.6994535519125683,0.5409836065573771,0.8087431693989071,0.7377049180327869,0.9344262295081968,-0.0053230314983263504,0.0,False,0.00396006054104796,46bbbf853561e26625ee3ecbccb6037051556f2f3ca26dcb4e311c165c08d8e9,True,False,NO_ENTRY
2026-09-11,NEM,LIVE_SHADOW,-0.00017247664587366037,0.0035975944828608784,0.0,33.96290736934412,0.27501976147417595,0.21209107506924518,0.32328791408094554,0.06561188787427578,0.08470373364497542,0.03928562785638208,0.726775956284153,0.825136612021858,0.7431693989071039,0.5628415300546448,0.36065573770491804,0.73224043715847,-0.005857808347182297,0.0,False,0.005406691934102843,46bbbf853561e26625ee3ecbccb6037051556f2f3ca26dcb4e311c165c08d8e9,True,False,NO_ENTRY
2026-09-11,MS,LIVE_SHADOW,-0.00022560596411213036,0.004221648896089786,0.0,27.14280990885386,0.36127989936917515,0.184057967840414,0.31268603495235003,0.05828411846999107,0.055646332381789565,0.028045646986280277,0.13114754098360656,0.7431693989071039,0.7213114754098361,0.47540983606557374,0.5027322404371585,0.5901639344262295,-0.00612357979819926,0.0,False,0.01726876851105718,46bbbf853561e26625ee3ecbccb6037051556f2f3ca26dcb4e311c165c08d8e9,True,False,NO_ENTRY
2026-09-11,SYK,LIVE_SHADOW,-0.0001896887740110021,0.004144835904750755,0.0,34.00044944500317,0.36827794672477504,0.17048996968462735,0.24534116867628541,0.09128009089415369,0.08584391261910534,0.03876691140105338,0.7650273224043715,0.3770491803278688,0.5519125683060109,0.3989071038251366,0.43169398907103823,0.6338797814207651,-0.006449503571045709,0.0,False,0.006090282368399224,46bbbf853561e26625ee3ecbccb6037051556f2f3ca26dcb4e311c165c08d8e9,True,False,NO_ENTRY
2026-09-11,ADI,LIVE_SHADOW,-0.00021417535320226595,0.0035031600158077062,0.0,31.459255056306876,0.24949913840149854,0.23039429272206885,0.3400295600072238,0.06568994899191073,0.08833114236105752,0.02605591751624078,0.39344262295081966,0.7650273224043715,0.6775956284153005,0.4918032786885246,0.5846994535519126,0.48633879781420764,-0.006737797063164696,0.0,False,0.0074609253866981485,46bbbf853561e26625ee3ecbccb6037051556f2f3ca26dcb4e311c165c08d8e9,True,False,NO_ENTRY
2026-09-11,NOW,LIVE_SHADOW,-0.0001713560524781684,0.00377252668022875,0.0,39.44199897889111,0.3285937306900213,0.17951314893804243,0.2182352270908831,0.10830102032773756,0.12521817355800655,0.04013869939530902,0.7759562841530054,0.3005464480874317,0.5573770491803278,0.726775956284153,0.7814207650273224,0.7049180327868853,-0.0067586252468707295,0.0,False,0.0024691087490319955,46bbbf853561e26625ee3ecbccb6037051556f2f3ca26dcb4e311c165c08d8e9,True,False,NO_ENTRY
2026-09-11,CL,LIVE_SHADOW,-0.00022862750208636117,0.003870097872058473,0.0,30.149422984528158,0.3228527715107511,0.18440923108131177,0.299383706760917,0.10601611289663548,0.05808177943903119,0.029256398311353456,0.18579234972677597,0.7540983606557377,0.7103825136612022,0.7595628415300546,0.5191256830601093,0.3879781420765027,-0.006892987266297797,0.0,False,0.02687123382501044,46bbbf853561e26625ee3ecbccb6037051556f2f3ca26dcb4e311c165c08d8e9,True,False,NO_ENTRY
2026-09-11,AMZN,LIVE_SHADOW,-0.00017609861887177706,0.003051431930738087,0.0,39.27681049958025,0.20078672927424532,0.14801563250511843,0.38102891953056134,0.11771375066645103,0.12355556700298215,0.028899401020641632,0.5355191256830601,0.5792349726775956,0.726775956284153,0.7103825136612022,0.7158469945355191,0.45901639344262296,-0.006916592082664594,0.0,False,0.0048151377515399186,46bbbf853561e26625ee3ecbccb6037051556f2f3ca26dcb4e311c165c08d8e9,True,False,NO_ENTRY
2026-09-11,ORLY,LIVE_SHADOW,-0.0002214058208177981,0.0036259228843426613,0.0,31.403283664774655,0.283728064024895,0.1974076375327664,0.32243790283026014,0.08493606123252812,0.08810544715818991,0.023384887221360465,0.31693989071038253,0.7213114754098361,0.6830601092896175,0.6065573770491803,0.6065573770491803,0.5027322404371585,-0.006952869796173583,0.0,False,0.012234691591738461,46bbbf853561e26625ee3ecbccb6037051556f2f3ca26dcb4e311c165c08d8e9,True,False,NO_ENTRY
2026-09-11,TSM,LIVE_SHADOW,-0.00021654679161374113,0.004093775489164289,0.0,32.23366013435038,0.3535913620816654,0.18241524649756452,0.2811752666322258,0.07065700975410048,0.07186345490609043,0.040297660128353216,0.7595628415300546,0.6612021857923497,0.39344262295081966,0.46994535519125685,0.47540983606557374,0.6612021857923497,-0.006980095684061327,0.0,False,0.005889933987230666,46bbbf853561e26625ee3ecbccb6037051556f2f3ca26dcb4e311c165c08d8e9,True,False,NO_ENTRY
2026-09-11,QCOM,LIVE_SHADOW,-0.00018908858354451543,0.0034930952482284034,0.3741513582043541,37.16694909258888,0.2710828642522639,0.12519301812039524,0.3741513582043541,0.06871375068389551,0.13320240770642594,0.02765660103266538,0.6830601092896175,0.5628415300546448,0.7759562841530054,0.5519125683060109,0.18579234972677597,0.5628415300546448,-0.007027845758588744,0.0,False,0.004449895286744709,46bbbf853561e26625ee3ecbccb6037051556f2f3ca26dcb4e311c165c08d8e9,True,False,NO_ENTRY
2026-09-11,LLY,LIVE_SHADOW,-0.0002070791979056331,0.003359201835888259,0.0,33.986220201838734,0.24759653054970812,0.2227969987550112,0.2898712351111856,0.13622337348717792,0.07223900604801117,0.03127285604890617,0.6120218579234973,0.7595628415300546,0.6229508196721312,0.7978142076502732,0.46994535519125685,0.4262295081967213,-0.00703783921924099,0.0,False,0.009784382162950788,46bbbf853561e26625ee3ecbccb6037051556f2f3ca26dcb4e311c165c08d8e9,True,False,NO_ENTRY
2026-09-11,KMI,LIVE_SHADOW,-0.0002159926610436453,0.003470572793298864,0.0,33.80081639850018,0.26100022187490096,0.22608179180067522,0.2925599627273526,0.10655595646135085,0.08096727416144464,0.03283479297427566,0.34972677595628415,0.7923497267759563,0.644808743169399,0.6994535519125683,0.5792349726775956,0.39344262295081966,-0.007300728279359738,0.0,False,0.02340283549910408,46bbbf853561e26625ee3ecbccb6037051556f2f3ca26dcb4e311c165c08d8e9,True,False,NO_ENTRY
2026-09-11,INTU,LIVE_SHADOW,-0.00017737142020404068,0.003799915888260389,0.05095707847236573,41.45668832616724,0.3339006129548765,0.15539118402214452,0.24181933570016767,0.09326852883202649,0.1246632600184192,0.05095707847236573,0.7923497267759563,0.3551912568306011,0.40437158469945356,0.6666666666666666,0.7868852459016393,0.8360655737704918,-0.007353231685368557,0.0,False,0.004210069665266496,46bbbf853561e26625ee3ecbccb6037051556f2f3ca26dcb4e311c165c08d8e9,True,False,NO_ENTRY
2026-09-11,MA,LIVE_SHADOW,-0.00023275324140544616,0.0039814718422623244,0.0,31.665867789372438,0.34403288077737343,0.15074454455083078,0.2995974503732743,0.09023053887350392,0.09126484035608239,0.024129745068935133,0.14207650273224043,0.6666666666666666,0.7158469945355191,0.6885245901639344,0.6775956284153005,0.44808743169398907,-0.007370333369892745,0.0,False,0.02452066024709968,46bbbf853561e26625ee3ecbccb6037051556f2f3ca26dcb4e311c165c08d8e9,True,False,NO_ENTRY
2026-09-11,GS,LIVE_SHADOW,-0.0002250532507702791,0.00346903795732978,0.0,33.6560637197342,0.26581400343736933,0.1400553009439779,0.3684709346391687,0.12071970513318422,0.07675041197677569,0.02818964386952407,0.3770491803278688,0.5573770491803278,0.7049180327868853,0.7158469945355191,0.5355191256830601,0.5300546448087432,-0.007574406548257833,0.0,False,0.008859042032209231,46bbbf853561e26625ee3ecbccb6037051556f2f3ca26dcb4e311c165c08d8e9,True,False,NO_ENTRY
2026-09-11,META,LIVE_SHADOW,-0.0002493218398399977,0.0037188528053288,0.0,32.38265249899838,0.3013614615497462,0.16183364766956537,0.33826197321137474,0.08934264465825167,0.0786875621420925,0.030512710768969466,0.6939890710382514,0.6229508196721312,0.6885245901639344,0.6120218579234973,0.4426229508196721,0.5683060109289617,-0.008073702499949577,0.0,False,0.0051969973342358335,46bbbf853561e26625ee3ecbccb6037051556f2f3ca26dcb4e311c165c08d8e9,True,False,NO_ENTRY
2026-09-11,PSX,LIVE_SHADOW,-0.00019137055193947728,0.0030647941455890894,0.0,42.27275915422067,0.20165444793050424,0.21444214725671218,0.31859767178592396,0.08047204544833562,0.14135075750307305,0.04348293007545099,0.46994535519125685,0.7158469945355191,0.639344262295082,0.4426229508196721,0.7704918032786885,0.6775956284153005,-0.008089761251347801,0.0,False,0.009713504269883499,46bbbf853561e26625ee3ecbccb6037051556f2f3ca26dcb4e311c165c08d8e9,True,False,NO_ENTRY
2026-09-11,USB,LIVE_SHADOW,-0.000217328899987418,0.003721301103735722,0.0,37.557841995503416,0.31843863840137293,0.15977517659216753,0.26986470177370675,0.10445696278039236,0.10952934786907292,0.037935172583287484,0.1912568306010929,0.6885245901639344,0.6666666666666666,0.7540983606557377,0.7595628415300546,0.7213114754098361,-0.00816240448678401,0.0,False,0.026301385596637448,46bbbf853561e26625ee3ecbccb6037051556f2f3ca26dcb4e311c165c08d8e9,True,False,NO_ENTRY
2026-09-11,MMM,LIVE_SHADOW,-0.0002828431363616015,0.004535268191614673,0.0,30.047806662050604,0.4153527125011145,0.11661562370835604,0.2734799081600206,0.09870590896969868,0.06621378179882566,0.029632064861984365,0.08743169398907104,0.5409836065573771,0.6338797814207651,0.6830601092896175,0.5300546448087432,0.5846994535519126,-0.008498815877081418,0.0,False,0.01928288225567973,46bbbf853561e26625ee3ecbccb6037051556f2f3ca26dcb4e311c165c08d8e9,True,False,NO_ENTRY
2026-09-11,SCHW,LIVE_SHADOW,-0.00024341055422065456,0.0037794858638442045,0.0,35.61116643043254,0.3231402933595419,0.13940100969450697,0.299553940843825,0.10984806760543922,0.09280904172483478,0.03524764677185213,0.2459016393442623,0.5901639344262295,0.6612021857923497,0.7213114754098361,0.6338797814207651,0.36065573770491804,-0.008668133757275553,0.0,False,0.01989112805957999,46bbbf853561e26625ee3ecbccb6037051556f2f3ca26dcb4e311c165c08d8e9,True,False,NO_ENTRY
2026-09-11,CVX,LIVE_SHADOW,-0.00022683689253573584,0.0035776391466935606,0.0,38.33860771545484,0.2931463030321,0.1173484263604421,0.34144368128843267,0.11056869917706397,0.09402887845058212,0.04346401169137926,0.3114754098360656,0.5245901639344263,0.6994535519125683,0.7049180327868853,0.6229508196721312,0.2896174863387978,-0.008696610638320362,0.0,False,0.01661738586933216,46bbbf853561e26625ee3ecbccb6037051556f2f3ca26dcb4e311c165c08d8e9,True,False,NO_ENTRY
2026-09-11,TSLA,LIVE_SHADOW,-0.00023071729711729788,0.0035997580968524746,0.0,38.01112051275184,0.28863569575926185,0.16274374431287955,0.3323169342656521,0.06365470447364283,0.10600488259411316,0.046644038594450564,0.6666666666666666,0.3825136612021858,0.6721311475409836,0.5027322404371585,0.6557377049180327,0.726775956284153,-0.008769822985101983,0.0,False,0.0029847286781939527,46bbbf853561e26625ee3ecbccb6037051556f2f3ca26dcb4e311c165c08d8e9,True,False,NO_ENTRY
2026-09-11,EMR,LIVE_SHADOW,-0.0002472153232944858,0.004030879124151399,0.0,35.64871775973816,0.35144403590470363,0.15327258564290944,0.28996994098714135,0.0759681629717175,0.08025550035325281,0.04908977414027516,0.25136612021857924,0.4098360655737705,0.6120218579234973,0.453551912568306,0.5519125683060109,0.7431693989071039,-0.008812909286007548,0.0,False,0.011347082958098114,46bbbf853561e26625ee3ecbccb6037051556f2f3ca26dcb4e311c165c08d8e9,True,False,NO_ENTRY
2026-09-11,AZO,LIVE_SHADOW,-0.0002600239499046597,0.0038428981410703385,0.0,34.439440096908804,0.3256264866181968,0.18886295888038476,0.26708147650173647,0.09643074584000313,0.08294224173984856,0.03905609041983026,0.7213114754098361,0.6775956284153005,0.5901639344262295,0.366120218579235,0.5683060109289617,0.34972677595628415,-0.008955079246503144,0.0,False,0.011603902015223717,46bbbf853561e26625ee3ecbccb6037051556f2f3ca26dcb4e311c165c08d8e9,True,False,NO_ENTRY
2026-09-11,VALE,LIVE_SHADOW,-0.00025521530648486845,0.0036471518213311337,0.0,35.546176366287575,0.28513748013986534,0.2523477357353919,0.24101166696709272,0.08153589423750895,0.10141754213055751,0.03854968078958347,0.6338797814207651,0.7814207650273224,0.5355191256830601,0.44808743169398907,0.3879781420765027,0.3825136612021858,-0.009071928295687271,0.0,False,0.011637918430735236,46bbbf853561e26625ee3ecbccb6037051556f2f3ca26dcb4e311c165c08d8e9,True,False,NO_ENTRY
2026-09-11,GLOB,LIVE_SHADOW,-0.0002510085463620116,0.0036187732649581783,0.33586855239199465,36.50047984140801,0.29077243262235625,0.187410152267485,0.30611623681294875,0.07977729643158428,0.09082776209598727,0.0450961197696384,0.9180327868852459,0.07650273224043716,0.13114754098360656,0.2459016393442623,0.8032786885245902,0.9836065573770492,-0.009161932386507733,0.0,False,0.002324780922285759,46bbbf853561e26625ee3ecbccb6037051556f2f3ca26dcb4e311c165c08d8e9,True,False,NO_ENTRY
2026-09-11,TJX,LIVE_SHADOW,-0.00026677027596277905,0.003941329086762655,0.0,34.90034749816664,0.33183167341329106,0.24098462102002455,0.20190576943290361,0.0837370763827255,0.10529767960596673,0.036243180145088615,0.2677595628415301,0.7978142076502732,0.4918032786885246,0.5846994535519126,0.3442622950819672,0.3770491803278688,-0.0093103753332828,0.0,False,0.018413803424248573,46bbbf853561e26625ee3ecbccb6037051556f2f3ca26dcb4e311c165c08d8e9,True,False,NO_ENTRY
2026-09-11,COIN,LIVE_SHADOW,-0.0002753174740243556,0.0036680276794088936,0.331352856568105,33.873601599498826,0.2858502104873371,0.21312549790457203,0.3153185408426058,0.07140524372258784,0.06879786096212943,0.04550264608076785,0.8087431693989071,0.09836065573770492,0.20765027322404372,0.6338797814207651,0.39344262295081966,0.8797814207650273,-0.009325994428481388,0.0,False,0.0021432966215609154,46bbbf853561e26625ee3ecbccb6037051556f2f3ca26dcb4e311c165c08d8e9,True,False,NO_ENTRY
2026-09-11,AXP,LIVE_SHADOW,-0.00025261425008171236,0.004052323990709134,0.0,37.120618729460574,0.360939473890801,0.14974579232256943,0.254825307929389,0.0827404177435603,0.10972134720506027,0.04202766090862,0.15846994535519127,0.6338797814207651,0.6174863387978142,0.6229508196721312,0.726775956284153,0.7377049180327869,-0.009377197262911849,0.0,False,0.01866782819767561,46bbbf853561e26625ee3ecbccb6037051556f2f3ca26dcb4e311c165c08d8e9,True,False,NO_ENTRY
2026-09-11,WFC,LIVE_SHADOW,-0.0003194394271743774,0.004767495722117408,0.0,29.39972743493005,0.44275554745241247,0.11889380286155923,0.2542630824671793,0.0786022953562356,0.07868694099275683,0.026798330869856567,0.1092896174863388,0.4808743169398907,0.5737704918032787,0.4371584699453552,0.44808743169398907,0.5245901639344263,-0.009391432090896882,0.0,False,0.02351863186966131,46bbbf853561e26625ee3ecbccb6037051556f2f3ca26dcb4e311c165c08d8e9,True,False,NO_ENTRY
2026-09-11,MAR,LIVE_SHADOW,-0.0003056009451015622,0.004759696826797281,0.0,31.077080287791432,0.44589457156455076,0.1330273040466715,0.2059609230469067,0.09657563645863142,0.09294618643583692,0.025595378447402835,0.11475409836065574,0.546448087431694,0.5081967213114754,0.37158469945355194,0.6010928961748634,0.4918032786885246,-0.009497185106946191,0.0,False,0.016940429889975434,46bbbf853561e26625ee3ecbccb6037051556f2f3ca26dcb4e311c165c08d8e9,True,False,NO_ENTRY
2026-09-11,BHP,LIVE_SHADOW,-0.00026945228284587714,0.0034142232933244594,0.0,35.42765197064885,0.24795731810142596,0.24864000577766868,0.27606529035999816,0.09381518576981095,0.09921474264227174,0.034307457348824635,0.5191256830601093,0.6721311475409836,0.5136612021857924,0.5300546448087432,0.4644808743169399,0.5136612021857924,-0.009546061699360571,0.0,False,0.008640092398663791,46bbbf853561e26625ee3ecbccb6037051556f2f3ca26dcb4e311c165c08d8e9,True,False,NO_ENTRY
2026-09-11,GILD,LIVE_SHADOW,-0.00028648212763612905,0.004019326239592663,0.0,34.09622468904885,0.35695391344154337,0.16751459175589192,0.2303576290407385,0.11827948402571876,0.09882573193617251,0.028068649799934987,0.2568306010928962,0.3879781420765027,0.46994535519125685,0.3005464480874317,0.6120218579234973,0.47540983606557374,-0.009767958993278229,0.0,False,0.013007671667153798,46bbbf853561e26625ee3ecbccb6037051556f2f3ca26dcb4e311c165c08d8e9,True,False,NO_ENTRY
2026-09-11,CMCSA,LIVE_SHADOW,-0.00021317727090333112,0.003055416177463516,0.0,45.87262276163639,0.22489435262106855,0.16537385656167997,0.3083726570651923,0.1109443951514241,0.13419862533965957,0.056216113260975434,0.5409836065573771,0.5846994535519126,0.6010928961748634,0.644808743169399,0.7103825136612022,0.7650273224043715,-0.009779000529503675,0.0,False,0.006162880104353401,46bbbf853561e26625ee3ecbccb6037051556f2f3ca26dcb4e311c165c08d8e9,True,False,NO_ENTRY
2026-09-11,PNC,LIVE_SHADOW,-0.0002761709836254528,0.0044525144664675186,0.0,35.53647789693582,0.41186647942477855,0.10298378716530585,0.25035693207327503,0.09909419680017834,0.09622372094322604,0.03947488359323627,0.10382513661202186,0.4972677595628415,0.5956284153005464,0.6775956284153005,0.6502732240437158,0.6885245901639344,-0.009814144055380928,0.0,False,0.03589457108730371,46bbbf853561e26625ee3ecbccb6037051556f2f3ca26dcb4e311c165c08d8e9,True,False,NO_ENTRY
2026-09-11,CHTR,LIVE_SHADOW,-0.0002716495612949638,0.0035088515954733294,0.4182115202459215,36.76543209359239,0.27013725468827443,0.2090549910912049,0.30418285684709834,0.06855063181577527,0.10747889437254987,0.04059537118509721,0.8469945355191257,0.0273224043715847,0.15846994535519127,0.3333333333333333,0.8797814207650273,0.8852459016393442,-0.009987313499044154,0.0,False,0.0028747249988403095,46bbbf853561e26625ee3ecbccb6037051556f2f3ca26dcb4e311c165c08d8e9,True,False,NO_ENTRY
2026-09-11,AMGN,LIVE_SHADOW,-0.0003091223235215671,0.0035365134086501895,0.0,32.40372053420674,0.2623849046289782,0.23073022305324467,0.31278770811801565,0.07826676734411654,0.08603429113712459,0.029796105718520427,0.41530054644808745,0.2896174863387978,0.3989071038251366,0.5245901639344263,0.5409836065573771,0.5191256830601093,-0.010016713382277503,0.0,False,0.010295430051172788,46bbbf853561e26625ee3ecbccb6037051556f2f3ca26dcb4e311c165c08d8e9,True,False,NO_ENTRY
2026-09-11,SHW,LIVE_SHADOW,-0.0003570235454700591,0.004203866780785308,0.0,28.209352328172585,0.3609397663912531,0.1875785091955292,0.3005578552095169,0.056409763445475894,0.0657911299828072,0.028722975775417752,0.1366120218579235,0.25136612021857924,0.3005464480874317,0.48633879781420764,0.546448087431694,0.5956284153005464,-0.010071402983618243,0.0,False,0.012239745505514845,46bbbf853561e26625ee3ecbccb6037051556f2f3ca26dcb4e311c165c08d8e9,True,False,NO_ENTRY
2026-09-11,C,LIVE_SHADOW,-0.0002575512416955338,0.0037810155130698193,0.0,39.18825811161123,0.3295577843821154,0.17204926872419463,0.22857542922998011,0.12943629563395198,0.09010437705815913,0.050276844971598775,0.273224043715847,0.639344262295082,0.45901639344262296,0.7650273224043715,0.5956284153005464,0.23497267759562843,-0.010092984536530547,0.0,False,0.012828857336564525,46bbbf853561e26625ee3ecbccb6037051556f2f3ca26dcb4e311c165c08d8e9,True,False,NO_ENTRY
2026-09-11,BA,LIVE_SHADOW,-0.00023590813701054755,0.0034090115376469426,0.0,42.89191393041826,0.2707214321400555,0.13476284391401266,0.3368415675706552,0.09376218896890738,0.10210378898011156,0.061808178426257625,0.40437158469945356,0.5191256830601093,0.6284153005464481,0.5792349726775956,0.40437158469945356,0.8087431693989071,-0.010118551508141725,0.0,False,0.008161313036670472,46bbbf853561e26625ee3ecbccb6037051556f2f3ca26dcb4e311c165c08d8e9,True,False,NO_ENTRY
2026-09-11,RIO,LIVE_SHADOW,-0.0002642167542201316,0.0033524496273717778,0.0,38.415409698196235,0.23985263598033996,0.2421472117015159,0.2873769532654364,0.07458003860144304,0.11174654101389897,0.04429661943736583,0.44808743169398907,0.726775956284153,0.43169398907103823,0.5081967213114754,0.3770491803278688,0.3551912568306011,-0.010149994862493975,0.0,False,0.011071364548827716,46bbbf853561e26625ee3ecbccb6037051556f2f3ca26dcb4e311c165c08d8e9,True,False,NO_ENTRY
2026-09-11,ETN,LIVE_SHADOW,-0.00023801088093245993,0.0032805170920448927,0.0,42.71274794097485,0.2465175040399186,0.14695809483383454,0.3510748009423501,0.0790413373239092,0.12278999262546622,0.05361827023452147,0.5737704918032787,0.5519125683060109,0.6557377049180327,0.5355191256830601,0.3224043715846995,0.7486338797814208,-0.010166098764477539,0.0,False,0.0038601472902400303,46bbbf853561e26625ee3ecbccb6037051556f2f3ca26dcb4e311c165c08d8e9,True,False,NO_ENTRY
2026-09-11,APD,LIVE_SHADOW,-0.00028679350869995323,0.004562454062021455,0.0,35.54631379467736,0.4238230932141713,0.13332376969865392,0.21952595635683522,0.06883682502878563,0.11635104268208715,0.03813931301946693,0.14754098360655737,0.453551912568306,0.5245901639344263,0.5191256830601093,0.6885245901639344,0.366120218579235,-0.010194452054525068,0.0,False,0.013938434103920323,46bbbf853561e26625ee3ecbccb6037051556f2f3ca26dcb4e311c165c08d8e9,True,False,NO_ENTRY
2026-09-11,SPCX,LIVE_SHADOW,-0.0002801122297541209,0.0034839715544513782,0.4147742387314228,36.824698817534625,0.2632424703187027,0.2115049521438767,0.3139306053994748,0.05979020372522572,0.11104994717428898,0.040481821238431075,0.8032786885245902,0.0546448087431694,0.16939890710382513,0.5956284153005464,0.8688524590163934,0.8524590163934426,-0.010315048495803563,0.0,False,0.0016903441395558097,46bbbf853561e26625ee3ecbccb6037051556f2f3ca26dcb4e311c165c08d8e9,True,False,NO_ENTRY
2026-09-11,MCO,LIVE_SHADOW,-0.0003365147617473607,0.003685391495702453,0.0,32.414223636590094,0.2942415761881279,0.15311066778532273,0.35660412964135857,0.08423536583222516,0.08295437215387715,0.028853888399088465,0.33879781420765026,0.41530054644808745,0.3114754098360656,0.5737704918032787,0.5573770491803278,0.4644808743169399,-0.010907864744292783,0.0,False,0.014516398329041254,46bbbf853561e26625ee3ecbccb6037051556f2f3ca26dcb4e311c165c08d8e9,True,False,NO_ENTRY
2026-09-11,COP,LIVE_SHADOW,-0.0002617663928991554,0.003079336069452711,0.0,41.69772522519004,0.21407672735376473,0.15875567898227896,0.3514099813414366,0.13180154225846674,0.09222300772636136,0.05173306233769178,0.4426229508196721,0.6065573770491803,0.6939890710382514,0.22950819672131148,0.3989071038251366,0.22404371584699453,-0.01091506312429812,0.0,False,0.011042833628566432,46bbbf853561e26625ee3ecbccb6037051556f2f3ca26dcb4e311c165c08d8e9,True,False,NO_ENTRY
2026-09-11,CMG,LIVE_SHADOW,-0.0003109120355862836,0.003416472063855073,0.0,35.25990946114771,0.24006979551828286,0.2660690570848785,0.2728232107240988,0.1025328189856354,0.07630949316714299,0.04219562451996131,0.5628415300546448,0.20765027322404372,0.4371584699453552,0.6174863387978142,0.5136612021857924,0.639344262295082,-0.010962730225153493,0.0,False,0.004148715936510978,46bbbf853561e26625ee3ecbccb6037051556f2f3ca26dcb4e311c165c08d8e9,True,False,NO_ENTRY
2026-09-11,SLB,LIVE_SHADOW,-0.0002822906131381508,0.0036706385659564375,0.0,39.277057716189745,0.31390063025981024,0.15623512765951114,0.26785383690092884,0.08411675801288378,0.14460665164050204,0.03328699552636403,0.644808743169399,0.4426229508196721,0.546448087431694,0.45901639344262296,0.2677595628415301,0.453551912568306,-0.01108754470496574,0.0,False,0.005772538643645491,46bbbf853561e26625ee3ecbccb6037051556f2f3ca26dcb4e311c165c08d8e9,True,False,NO_ENTRY
2026-09-11,UBER,LIVE_SHADOW,-0.00028443294624538336,0.003227411494462965,0.0,39.342737526552995,0.23305919002913636,0.17422020717638267,0.34333201789539697,0.09370425072290312,0.11580384931088059,0.039880484865300346,0.5081967213114754,0.44808743169398907,0.41530054644808745,0.4644808743169399,0.4098360655737705,0.4371584699453552,-0.011190370748036275,0.0,False,0.005461880194201462,46bbbf853561e26625ee3ecbccb6037051556f2f3ca26dcb4e311c165c08d8e9,True,False,NO_ENTRY
2026-09-11,GE,LIVE_SHADOW,-0.0002793580228240366,0.0035619463461420567,0.0,40.80067235599384,0.29904507570370353,0.14569346092073623,0.2893101368986136,0.07800999714312803,0.1513598878061687,0.03658144152764984,0.3825136612021858,0.5300546448087432,0.5628415300546448,0.5136612021857924,0.2568306010928962,0.43169398907103823,-0.011397995159261766,0.0,False,0.011085000072010728,46bbbf853561e26625ee3ecbccb6037051556f2f3ca26dcb4e311c165c08d8e9,True,False,NO_ENTRY
2026-09-11,BAC,LIVE_SHADOW,-0.0004143270447702557,0.004866737501378846,0.0,27.578167383683247,0.4522957854160378,0.13255074328268657,0.24755695833204325,0.07793035592973094,0.06236099297426424,0.027305164065237152,0.04371584699453552,0.4262295081967213,0.4098360655737705,0.41530054644808745,0.4918032786885246,0.5519125683060109,-0.011426380592260935,0.0,False,0.04368078352356801,46bbbf853561e26625ee3ecbccb6037051556f2f3ca26dcb4e311c165c08d8e9,True,False,NO_ENTRY
2026-09-11,ISRG,LIVE_SHADOW,-0.00027227619483913913,0.0034099607350093226,0.054539189149673574,42.5324992454588,0.2659948429044361,0.2265441840363909,0.2420290837412493,0.08257496950266738,0.12831773066558283,0.054539189149673574,0.6612021857923497,0.20218579234972678,0.5792349726775956,0.6010928961748634,0.7759562841530054,0.8469945355191257,-0.011580587051552078,0.0,False,0.0037303959881438845,46bbbf853561e26625ee3ecbccb6037051556f2f3ca26dcb4e311c165c08d8e9,True,False,NO_ENTRY
2026-09-11,BIDU,LIVE_SHADOW,-0.00027841415137119585,0.0037394273112406635,0.0,41.732028691004544,0.32770732697279464,0.16923727413067327,0.21584551060107043,0.1277375881239073,0.10429595324131581,0.0551763469302385,0.7049180327868853,0.6174863387978142,0.48633879781420764,0.7377049180327869,0.366120218579235,0.20765027322404372,-0.011618787353004428,0.0,False,0.00423229225893823,46bbbf853561e26625ee3ecbccb6037051556f2f3ca26dcb4e311c165c08d8e9,True,False,NO_ENTRY
2026-09-11,PEP,LIVE_SHADOW,-0.00031531514721923733,0.0038624715029842867,0.0,37.019535429561465,0.3346473476552561,0.12524698518622732,0.3036042342420196,0.09713429864616206,0.097930542426603,0.041436591843731885,0.26229508196721313,0.5355191256830601,0.36065573770491804,0.639344262295082,0.6284153005464481,0.3224043715846995,-0.011672820263959946,0.0,False,0.018971995600982786,46bbbf853561e26625ee3ecbccb6037051556f2f3ca26dcb4e311c165c08d8e9,True,False,NO_ENTRY
2026-09-11,CSCO,LIVE_SHADOW,-0.00029827758348000943,0.0034788248240708885,0.0,39.368183635857434,0.28514436502432045,0.18996701842025082,0.2512788873116473,0.12259095041029995,0.10905284401784039,0.04196593481564102,0.36065573770491804,0.6557377049180327,0.44808743169398907,0.2896174863387978,0.3551912568306011,0.3442622950819672,-0.011742646680900807,0.0,False,0.007676258097338783,46bbbf853561e26625ee3ecbccb6037051556f2f3ca26dcb4e311c165c08d8e9,True,False,NO_ENTRY
2026-09-11,BKNG,LIVE_SHADOW,-0.00034758756857147875,0.003660596464544528,0.0,33.88387342623546,0.2901818260629934,0.12925566096283728,0.37739270025357496,0.0902708150834296,0.07783517142689933,0.035063826210265575,0.6284153005464481,0.5136612021857924,0.31693989071038253,0.4262295081967213,0.4808743169398907,0.5737704918032787,-0.011777613178008925,0.0,False,0.006004651407170841,46bbbf853561e26625ee3ecbccb6037051556f2f3ca26dcb4e311c165c08d8e9,True,False,NO_ENTRY
2026-09-11,AAPL,LIVE_SHADOW,-0.0003056665365904146,0.0037210387107557926,0.0,39.02400889208107,0.32111620164869775,0.15037830532292926,0.267317355292962,0.10539775176240074,0.11374806550146659,0.0420423204715437,0.3005464480874317,0.4207650273224044,0.4207650273224044,0.3442622950819672,0.32786885245901637,0.3333333333333333,-0.011928333641915962,0.0,False,0.009177624989357515,46bbbf853561e26625ee3ecbccb6037051556f2f3ca26dcb4e311c165c08d8e9,True,False,NO_ENTRY
2026-09-11,COF,LIVE_SHADOW,-0.00031394440423353535,0.0033860861401058943,0.0,38.297757851503235,0.2668049970437603,0.15168095816930316,0.3241890852857396,0.1090907820480839,0.11316150047115839,0.03507267698195462,0.3551912568306011,0.3989071038251366,0.32786885245901637,0.6939890710382514,0.6939890710382514,0.6174863387978142,-0.012023366772170384,0.0,False,0.012760065002381306,46bbbf853561e26625ee3ecbccb6037051556f2f3ca26dcb4e311c165c08d8e9,True,False,NO_ENTRY
2026-09-11,T,LIVE_SHADOW,-0.0003639252013795725,0.0033112363473738996,0.0,33.343754115960934,0.23007139126260695,0.20379061984501598,0.3496643033713157,0.11724579510939216,0.06725735754949062,0.031970532862178644,0.4098360655737705,0.2786885245901639,0.29508196721311475,0.273224043715847,0.48633879781420764,0.41530054644808745,-0.012134632431402032,0.0,False,0.012855719686790385,46bbbf853561e26625ee3ecbccb6037051556f2f3ca26dcb4e311c165c08d8e9,True,False,NO_ENTRY
2026-09-11,UNH,LIVE_SHADOW,-0.00031421059662142467,0.003523850986890931,0.0,39.15853004368378,0.2872559639702556,0.17882469284074085,0.28363438672951424,0.08663598424453768,0.12254836736367647,0.041100604851275285,0.3333333333333333,0.3442622950819672,0.3879781420765027,0.40437158469945356,0.2786885245901639,0.32786885245901637,-0.012304025087843864,0.0,False,0.016400310629125767,46bbbf853561e26625ee3ecbccb6037051556f2f3ca26dcb4e311c165c08d8e9,True,False,NO_ENTRY
2026-09-11,ABNB,LIVE_SHADOW,-0.0002986532204554476,0.003374139392498763,0.0,41.462289385927555,0.26399589632798537,0.2239829373309691,0.23309608280160565,0.11025846780822476,0.12029497240768075,0.0483716433235343,0.6174863387978142,0.26229508196721313,0.4644808743169399,0.32786885245901637,0.30601092896174864,0.273224043715847,-0.012382846252562987,0.0,False,0.003884557840763072,46bbbf853561e26625ee3ecbccb6037051556f2f3ca26dcb4e311c165c08d8e9,True,False,NO_ENTRY
2026-09-11,MO,LIVE_SHADOW,-0.0002937431410935874,0.003512156786461663,0.0,42.208245048884756,0.294409354082148,0.1780751416990487,0.24445486347065226,0.11569344816851788,0.11402871081900104,0.05333848176063209,0.3442622950819672,0.366120218579235,0.453551912568306,0.3114754098360656,0.3333333333333333,0.22950819672131148,-0.012398382480707267,0.0,False,0.009191720434457326,46bbbf853561e26625ee3ecbccb6037051556f2f3ca26dcb4e311c165c08d8e9,True,False,NO_ENTRY
2026-09-11,SHOP,LIVE_SHADOW,-0.00030982485043567505,0.0034161162541293372,0.051699578070407134,40.51256846759303,0.25878751355757007,0.14319748971572557,0.36988373624448,0.06351857142337211,0.11291311098844495,0.051699578070407134,0.7377049180327869,0.32786885245901637,0.1366120218579235,0.4207650273224044,0.8142076502732241,0.9398907103825137,-0.012551800466237054,0.0,False,0.0022676472546089652,46bbbf853561e26625ee3ecbccb6037051556f2f3ca26dcb4e311c165c08d8e9,True,False,NO_ENTRY
2026-09-11,SBUX,LIVE_SHADOW,-0.0003052618463677317,0.004220677750390981,0.0,41.95848905546824,0.38843807827307836,0.10790084112130616,0.23953061022650296,0.08485611430182353,0.1221350495547465,0.05713930652254261,0.09289617486338798,0.4644808743169399,0.6065573770491803,0.3551912568306011,0.20218579234972678,0.06557377049180328,-0.012808325839872497,0.0,False,0.01852021625418579,46bbbf853561e26625ee3ecbccb6037051556f2f3ca26dcb4e311c165c08d8e9,True,False,NO_ENTRY
2026-09-11,TEAM,LIVE_SHADOW,-0.0003868073747203584,0.003456455308449554,0.0,33.254931686078606,0.24177116605613494,0.20647766568154421,0.3726344104707513,0.060169002586780575,0.08376032937307722,0.03518742583171176,0.7868852459016393,0.03278688524590164,0.02185792349726776,0.3825136612021858,0.7431693989071039,0.8032786885245902,-0.012863252821996927,0.0,False,0.0011405417386489778,46bbbf853561e26625ee3ecbccb6037051556f2f3ca26dcb4e311c165c08d8e9,True,False,NO_ENTRY
2026-09-11,SNY,LIVE_SHADOW,-0.00034941882467943823,0.003992907533452405,0.0,37.15238713169125,0.3539827361247203,0.1123116841286976,0.29103047761869794,0.09311148574303142,0.11240888951634902,0.03715472686850374,0.19672131147540983,0.47540983606557374,0.34972677595628415,0.34972677595628415,0.28415300546448086,0.33879781420765026,-0.012981743445591042,0.0,False,0.017663257490171513,46bbbf853561e26625ee3ecbccb6037051556f2f3ca26dcb4e311c165c08d8e9,True,False,NO_ENTRY
2026-09-11,ADBE,LIVE_SHADOW,-0.0003734029160292801,0.003462182892984984,0.0,35.03821614097339,0.2655749349415679,0.20327196237181794,0.3051155758611212,0.10290877256549483,0.08808834925851729,0.035040405001480875,0.7486338797814208,0.15300546448087432,0.2459016393442623,0.2185792349726776,0.3114754098360656,0.28415300546448086,-0.013083372079503653,0.0,False,0.0045499276176790455,46bbbf853561e26625ee3ecbccb6037051556f2f3ca26dcb4e311c165c08d8e9,True,False,NO_ENTRY
2026-09-11,LMT,LIVE_SHADOW,-0.0003497223799777168,0.0031771170710993843,0.0,38.04568501649647,0.19028481807345632,0.21896689903740946,0.3798914900290697,0.06918512293310307,0.09504247016974847,0.04662919975721311,0.5027322404371585,0.29508196721311475,0.30601092896174864,0.4972677595628415,0.41530054644808745,0.3114754098360656,-0.013305427511851705,0.0,False,0.007745631269955491,46bbbf853561e26625ee3ecbccb6037051556f2f3ca26dcb4e311c165c08d8e9,True,False,NO_ENTRY
2026-09-11,ITW,LIVE_SHADOW,-0.0003941526625700232,0.004568622223230447,0.0,34.02679373441525,0.4258420509213058,0.12560730895456781,0.21561723766145535,0.0922852386982693,0.11099459055675341,0.029653573207648283,0.060109289617486336,0.43169398907103823,0.4426229508196721,0.33879781420765026,0.273224043715847,0.4098360655737705,-0.013411751349140754,0.0,False,0.022365263707970363,46bbbf853561e26625ee3ecbccb6037051556f2f3ca26dcb4e311c165c08d8e9,True,False,NO_ENTRY
2026-09-11,NFLX,LIVE_SHADOW,-0.00033022588183680764,0.0035014854391149913,0.0,41.595532071818944,0.28008272782972593,0.23210924092121696,0.21541191852495764,0.1169210844483389,0.09567564045025014,0.05979938782551048,0.6557377049180327,0.22404371584699453,0.47540983606557374,0.28415300546448086,0.3825136612021858,0.1366120218579235,-0.013735921258887625,0.0,False,0.0063013097360705966,46bbbf853561e26625ee3ecbccb6037051556f2f3ca26dcb4e311c165c08d8e9,True,False,NO_ENTRY
2026-09-11,RTX,LIVE_SHADOW,-0.00041598037101393977,0.003413237675617651,0.0,33.075269050198706,0.24767847601326043,0.2089275946978071,0.33542586938536584,0.09120355544449853,0.0898317054159702,0.026932799043097942,0.3224043715846995,0.18579234972677597,0.24043715846994534,0.31693989071038253,0.33879781420765026,0.4207650273224044,-0.013758662690887538,0.0,False,0.014696119605910683,46bbbf853561e26625ee3ecbccb6037051556f2f3ca26dcb4e311c165c08d8e9,True,False,NO_ENTRY
2026-09-11,LOW,LIVE_SHADOW,-0.0003604345009592887,0.004170633145568375,0.0,38.43727344697109,0.37712728434359943,0.1267109192415446,0.2603030981019953,0.07991577809439664,0.10616739931756831,0.04977552090089582,0.08196721311475409,0.6010928961748634,0.3442622950819672,0.36065573770491804,0.25136612021857924,0.12568306010928962,-0.013854119473094745,0.0,False,0.011906532007633159,46bbbf853561e26625ee3ecbccb6037051556f2f3ca26dcb4e311c165c08d8e9,True,False,NO_ENTRY
2026-09-11,WM,LIVE_SHADOW,-0.0004015198859773232,0.003679527024758248,0.0,34.68952958011803,0.2945322407237209,0.19029101842320448,0.3169593009609947,0.07072930911239045,0.08633329795589169,0.041154832823797824,0.23497267759562843,0.22950819672131148,0.26229508196721313,0.4098360655737705,0.34972677595628415,0.24043715846994534,-0.013928535961615971,0.0,False,0.02268903091923263,46bbbf853561e26625ee3ecbccb6037051556f2f3ca26dcb4e311c165c08d8e9,True,False,NO_ENTRY
2026-09-11,BNY,LIVE_SHADOW,-0.0004005230032194017,0.004609182364358501,0.0,35.10404386628788,0.42774758584226097,0.13909052337594613,0.22112710638760444,0.07791102693192849,0.08577265091545586,0.04835110654680403,0.03825136612021858,0.6120218579234973,0.4262295081967213,0.39344262295081966,0.37158469945355194,0.18032786885245902,-0.01405997707447124,0.0,False,0.02203683085456021,46bbbf853561e26625ee3ecbccb6037051556f2f3ca26dcb4e311c165c08d8e9,True,False,NO_ENTRY
2026-09-11,DHR,LIVE_SHADOW,-0.0004224804782399077,0.00324175177216426,0.0,33.38980567337814,0.202778945542061,0.24559678589521872,0.33934678139764846,0.10732531876345754,0.0738974098806937,0.031054758520920572,0.4262295081967213,0.1366120218579235,0.273224043715847,0.2786885245901639,0.4371584699453552,0.3989071038251366,-0.014106541069226382,0.0,False,0.007278186547202477,46bbbf853561e26625ee3ecbccb6037051556f2f3ca26dcb4e311c165c08d8e9,True,False,NO_ENTRY
2026-09-11,BLK,LIVE_SHADOW,-0.00039757324379960585,0.004449080156539958,0.0,35.53372502078955,0.40773912748753194,0.18321088625686352,0.17387338337360683,0.0770893369825493,0.12331741191138526,0.03476985398806322,0.03278688524590164,0.2459016393442623,0.5191256830601093,0.3770491803278688,0.17486338797814208,0.31693989071038253,-0.014127258320798516,0.0,False,0.013020588855720185,46bbbf853561e26625ee3ecbccb6037051556f2f3ca26dcb4e311c165c08d8e9,True,False,NO_ENTRY
2026-09-11,MDT,LIVE_SHADOW,-0.00044361415571193016,0.003661604067147323,0.0,32.157364232149455,0.2902054635777557,0.15172174633391583,0.36127659764564163,0.08171117445760984,0.09045839016429724,0.024626627820779474,0.12021857923497267,0.23497267759562843,0.060109289617486336,0.26229508196721313,0.22950819672131148,0.37158469945355194,-0.014265461983766001,0.0,False,0.01507793053112766,46bbbf853561e26625ee3ecbccb6037051556f2f3ca26dcb4e311c165c08d8e9,True,False,NO_ENTRY
2026-09-11,IBM,LIVE_SHADOW,-0.0003378771490914405,0.003067269509687509,0.0,43.3061025501994,0.19550533080870597,0.27013044632303623,0.23856052615718154,0.11956396587441497,0.12674385767819452,0.0494958731584668,0.453551912568306,0.1092896174863388,0.5683060109289617,0.25136612021857924,0.24043715846994534,0.7814207650273224,-0.014632142467922934,0.0,False,0.0021050675096648346,46bbbf853561e26625ee3ecbccb6037051556f2f3ca26dcb4e311c165c08d8e9,True,False,NO_ENTRY
2026-09-11,XOM,LIVE_SHADOW,-0.0004126138078872224,0.0038281013599499743,0.0,35.96217105473884,0.331754878100733,0.13637397013609523,0.28830723524981844,0.10887771221750231,0.10075813604338439,0.03392806825246661,0.07650273224043716,0.31693989071038253,0.23497267759562843,0.14207650273224043,0.20765027322404372,0.26229508196721313,-0.014838488338787441,0.0,False,0.017263911841547193,46bbbf853561e26625ee3ecbccb6037051556f2f3ca26dcb4e311c165c08d8e9,True,False,NO_ENTRY
2026-09-11,VRTX,LIVE_SHADOW,-0.00039282374962895943,0.0033903922089028797,0.0,37.933292206337335,0.2568534413132012,0.18174653645561176,0.33000783931152017,0.09006321095347321,0.09687341472503333,0.04445555724116038,0.2896174863387978,0.24043715846994534,0.22950819672131148,0.30601092896174864,0.2896174863387978,0.18579234972677597,-0.014901098080264415,0.0,False,0.010291069096030716,46bbbf853561e26625ee3ecbccb6037051556f2f3ca26dcb4e311c165c08d8e9,True,False,NO_ENTRY
2026-09-11,PM,LIVE_SHADOW,-0.0003357824119653872,0.002955139406114279,0.0,46.00454212342088,0.20763323921947635,0.14066376867311198,0.339267655567818,0.11755841906820057,0.1468795698306595,0.04799734764073351,0.47540983606557374,0.45901639344262296,0.3551912568306011,0.3224043715846995,0.23497267759562843,0.3005464480874317,-0.01544751611556552,0.0,False,0.009979281569665677,46bbbf853561e26625ee3ecbccb6037051556f2f3ca26dcb4e311c165c08d8e9,True,False,NO_ENTRY
2026-09-11,JPM,LIVE_SHADOW,-0.0004349768761462725,0.004300144808218319,0.0,35.58765559807219,0.39071959923010685,0.15345982877791237,0.2325054229928154,0.08942569742494232,0.08830555142359472,0.045583900150628257,0.0273224043715847,0.30601092896174864,0.37158469945355194,0.29508196721311475,0.31693989071038253,0.15300546448087432,-0.015479807261418848,0.0,False,0.030016922409354965,46bbbf853561e26625ee3ecbccb6037051556f2f3ca26dcb4e311c165c08d8e9,True,False,NO_ENTRY
2026-09-11,WMB,LIVE_SHADOW,-0.00039121603695231334,0.003241758211455311,0.0,40.2890462716805,0.24698597971371833,0.1462369966664165,0.33250138802838014,0.12848442063197926,0.10232373304419758,0.04346748191530821,0.30601092896174864,0.33879781420765026,0.22404371584699453,0.11475409836065574,0.26229508196721313,0.19672131147540983,-0.01576172101499522,0.0,False,0.011592357839183314,46bbbf853561e26625ee3ecbccb6037051556f2f3ca26dcb4e311c165c08d8e9,True,False,NO_ENTRY
2026-09-11,SONY,LIVE_SHADOW,-0.0003874439898336941,0.003151701424530869,0.0,41.208960806033836,0.23046379295396344,0.15362639135234576,0.34019900792773544,0.11480629253172314,0.11909028501321231,0.041814230221019794,0.366120218579235,0.34972677595628415,0.25136612021857924,0.22404371584699453,0.22404371584699453,0.2568306010928962,-0.01596616419159007,0.0,False,0.009541128875179467,46bbbf853561e26625ee3ecbccb6037051556f2f3ca26dcb4e311c165c08d8e9,True,False,NO_ENTRY
2026-09-11,WMT,LIVE_SHADOW,-0.0004334620269360237,0.0036861799028967855,0.0,36.9556552616908,0.30799904693714864,0.129204355695502,0.32653880392374046,0.0978984072551419,0.09960325275171927,0.03875613343674762,0.09836065573770492,0.3224043715846995,0.14207650273224043,0.18032786885245902,0.1912568306010929,0.16939890710382513,-0.016018873236481424,0.0,False,0.01198616479164348,46bbbf853561e26625ee3ecbccb6037051556f2f3ca26dcb4e311c165c08d8e9,True,False,NO_ENTRY
2026-09-11,JNJ,LIVE_SHADOW,-0.00039283496129118326,0.003248498045048569,0.0,41.75035987981267,0.24701811612806843,0.11703280973552688,0.357031610787962,0.1177155745428233,0.11728410201157322,0.04391778679404617,0.32786885245901637,0.4371584699453552,0.21311475409836064,0.19672131147540983,0.2185792349726776,0.2185792349726776,-0.016401001007279183,0.0,False,0.01357567474734386,46bbbf853561e26625ee3ecbccb6037051556f2f3ca26dcb4e311c165c08d8e9,True,False,NO_ENTRY
2026-09-11,DE,LIVE_SHADOW,-0.0004230853481038028,0.003614167381176846,0.0,38.79486389110805,0.30096542060170245,0.09458804076580696,0.3420270017234719,0.11047683368804284,0.11677693096209443,0.03516577225888147,0.18032786885245902,0.46994535519125685,0.18032786885245902,0.17486338797814208,0.16393442622950818,0.2786885245901639,-0.0164135384940091,0.0,False,0.007991710511289692,46bbbf853561e26625ee3ecbccb6037051556f2f3ca26dcb4e311c165c08d8e9,True,False,NO_ENTRY
2026-09-11,DEO,LIVE_SHADOW,-0.0004454847247269654,0.0034659962564108785,0.0,36.95397561522449,0.2679160214046169,0.15690463285045966,0.34989046329231777,0.0892364985230947,0.09539280869524244,0.04065957523426858,0.16393442622950818,0.21311475409836064,0.07650273224043716,0.21311475409836064,0.19672131147540983,0.12021857923497267,-0.016462431654515275,0.0,False,0.010363949654104598,46bbbf853561e26625ee3ecbccb6037051556f2f3ca26dcb4e311c165c08d8e9,True,False,NO_ENTRY
2026-09-11,TMO,LIVE_SHADOW,-0.00042873408631285016,0.003494408689468076,0.0,38.778672398992654,0.2873570614103487,0.17506115541929965,0.2712385675907638,0.10742935254049425,0.12367841251779267,0.035235450521301045,0.16939890710382513,0.19672131147540983,0.2677595628415301,0.15300546448087432,0.08743169398907104,0.2459016393442623,-0.016625738679407455,0.0,False,0.010615783188111901,46bbbf853561e26625ee3ecbccb6037051556f2f3ca26dcb4e311c165c08d8e9,True,False,NO_ENTRY
2026-09-11,TM,LIVE_SHADOW,-0.0005093891885267444,0.003475153098821494,0.0,33.01722556430232,0.27055962842781844,0.1784915391829621,0.32220209833261204,0.10465525845748538,0.1069310401117157,0.0171604354874062,0.06557377049180328,0.04371584699453552,0.03278688524590164,0.02185792349726776,0.03278688524590164,0.4426229508196721,-0.01681861773760444,0.0,False,0.018633357460328723,46bbbf853561e26625ee3ecbccb6037051556f2f3ca26dcb4e311c165c08d8e9,True,False,NO_ENTRY
2026-09-11,MCD,LIVE_SHADOW,-0.00043922382296869003,0.0032377097005993863,0.0,38.371431149458495,0.2372328314264485,0.17979633252630448,0.32898915823999475,0.10325576923849727,0.11644511069221825,0.034280797876536845,0.2786885245901639,0.1912568306010929,0.17486338797814208,0.18579234972677597,0.1366120218579235,0.2677595628415301,-0.016853646682245035,0.0,False,0.018786446743240044,46bbbf853561e26625ee3ecbccb6037051556f2f3ca26dcb4e311c165c08d8e9,True,False,NO_ENTRY
2026-09-11,LIN,LIVE_SHADOW,-0.0004053625592299085,0.003484015064308304,0.0,41.63776426062215,0.29224632873710055,0.14920895120627545,0.2743586278585004,0.120846087284398,0.11526648430014273,0.048073520613582846,0.15300546448087432,0.273224043715847,0.2568306010928962,0.07103825136612021,0.12568306010928962,0.0546448087431694,-0.016878390681297414,0.0,False,0.020372978413330304,46bbbf853561e26625ee3ecbccb6037051556f2f3ca26dcb4e311c165c08d8e9,True,False,NO_ENTRY
2026-09-11,BMY,LIVE_SHADOW,-0.000388361375375715,0.003141678711227347,0.0,43.76219827799326,0.23667958192307212,0.1381985126890808,0.33111526003993946,0.13203179633520137,0.10731105826231645,0.054663790750389865,0.37158469945355194,0.40437158469945356,0.28415300546448086,0.16939890710382513,0.29508196721311475,0.13114754098360656,-0.016995547512706207,0.0,False,0.010340605964983767,46bbbf853561e26625ee3ecbccb6037051556f2f3ca26dcb4e311c165c08d8e9,True,False,NO_ENTRY
2026-09-11,CRM,LIVE_SHADOW,-0.0004926862502343913,0.0030549630847195685,0.0,34.641904843837224,0.17501230205225513,0.20696605996855585,0.3795661254962616,0.11677563399550742,0.10275763026208469,0.018922248225335496,0.6229508196721312,0.060109289617486336,0.03825136612021858,0.06557377049180328,0.16939890710382513,0.5355191256830601,-0.01706759019848676,0.0,False,0.002769492100116833,46bbbf853561e26625ee3ecbccb6037051556f2f3ca26dcb4e311c165c08d8e9,True,False,NO_ENTRY
2026-09-11,NVO,LIVE_SHADOW,-0.0004511033998033576,0.003041432786847045,0.0,38.429222863429274,0.15918514163114256,0.22557433942933067,0.3843151568617067,0.09628498649483917,0.09102441827920796,0.043615957303773066,0.546448087431694,0.09289617486338798,0.12021857923497267,0.2568306010928962,0.3005464480874317,0.17486338797814208,-0.017335553085493866,0.0,False,0.006835036056257501,46bbbf853561e26625ee3ecbccb6037051556f2f3ca26dcb4e311c165c08d8e9,True,False,NO_ENTRY
2026-09-11,HD,LIVE_SHADOW,-0.000482201913685212,0.003940542067785138,0.0,36.04539790199833,0.34280951942614113,0.14623947983589516,0.2887644819003004,0.08593558100961868,0.0939220100359221,0.042328927792122606,0.01092896174863388,0.2568306010928962,0.20218579234972678,0.24043715846994534,0.21311475409836064,0.10382513661202186,-0.01738115984788852,0.0,False,0.013476754411924901,46bbbf853561e26625ee3ecbccb6037051556f2f3ca26dcb4e311c165c08d8e9,True,False,NO_ENTRY
2026-09-11,GD,LIVE_SHADOW,-0.0004548495098251061,0.003240843158402636,0.0,38.90019496627397,0.23664640676164111,0.1756758876941027,0.3366740083151608,0.0973115357076141,0.1162302496715801,0.037461911849901046,0.20765027322404372,0.12021857923497267,0.07103825136612021,0.1366120218579235,0.04371584699453552,0.14207650273224043,-0.017693734612510774,0.0,False,0.02258057475448098,46bbbf853561e26625ee3ecbccb6037051556f2f3ca26dcb4e311c165c08d8e9,True,False,NO_ENTRY
2026-09-11,BBD,LIVE_SHADOW,-0.00043815825889638113,0.0031633167530272575,0.0,40.42835562379321,0.229551271221071,0.1341612428667871,0.3615806711292824,0.12194835608918146,0.11442923893729871,0.03832921975637937,0.24043715846994534,0.28415300546448086,0.04371584699453552,0.00546448087431694,0.07650273224043716,0.14754098360655737,-0.017714017910164952,0.0,False,0.009934502692546907,46bbbf853561e26625ee3ecbccb6037051556f2f3ca26dcb4e311c165c08d8e9,True,False,NO_ENTRY
2026-09-11,PH,LIVE_SHADOW,-0.00047800984384333586,0.003931321256657546,0.0,37.14102059240971,0.34433472802128284,0.12502826456671481,0.29512456261393166,0.09255622315903479,0.10084672869864883,0.042109492940387176,0.01639344262295082,0.3333333333333333,0.19672131147540983,0.20765027322404372,0.18032786885245902,0.11475409836065574,-0.017753773453559888,0.0,False,0.013784583176263424,46bbbf853561e26625ee3ecbccb6037051556f2f3ca26dcb4e311c165c08d8e9,True,False,NO_ENTRY
2026-09-11,TMUS,LIVE_SHADOW,-0.00047757556229451487,0.003128451104448043,0.0,37.28765770573432,0.20659664058779384,0.1940476670298783,0.3532075957082163,0.10683638697642026,0.10808097078841819,0.031230738909273182,0.28415300546448086,0.06557377049180328,0.04918032786885246,0.08743169398907104,0.10382513661202186,0.25136612021857924,-0.017807674095461468,0.0,False,0.006122721825094902,46bbbf853561e26625ee3ecbccb6037051556f2f3ca26dcb4e311c165c08d8e9,True,False,NO_ENTRY
2026-09-11,MSFT,LIVE_SHADOW,-0.00047014254000894186,0.003236162049576979,0.0,38.20484146636775,0.23353417702135157,0.2055213696528473,0.3086156105617043,0.11256521307383854,0.09973259691573447,0.04003103277452378,0.21311475409836064,0.01092896174863388,0.12568306010928962,0.03825136612021858,0.14207650273224043,0.09836065573770492,-0.01796172120763708,0.0,False,0.005096446481335239,46bbbf853561e26625ee3ecbccb6037051556f2f3ca26dcb4e311c165c08d8e9,True,False,NO_ENTRY
2026-09-11,BP,LIVE_SHADOW,-0.00036410506001622635,0.0028500150020145452,0.0,49.492976452486246,0.20739366270071993,0.15175493326006192,0.2886953354545038,0.1396064994233744,0.15738128255127384,0.05516828661006595,0.5901639344262295,0.36065573770491804,0.3333333333333333,0.12021857923497267,0.06557377049180328,0.1092896174863388,-0.018020643161614183,0.0,False,0.007381830344303845,46bbbf853561e26625ee3ecbccb6037051556f2f3ca26dcb4e311c165c08d8e9,True,False,NO_ENTRY
2026-09-11,MRK,LIVE_SHADOW,-0.00044767414225694256,0.002922088545359736,0.0,40.77414224674849,0.1663436568528187,0.19635910169896295,0.3647421452024267,0.11970606607373956,0.11376007216920661,0.0390889580028455,0.4207650273224044,0.14207650273224043,0.11475409836065574,0.09836065573770492,0.15300546448087432,0.20218579234972678,-0.018253529156575694,0.0,False,0.0065762190681844905,46bbbf853561e26625ee3ecbccb6037051556f2f3ca26dcb4e311c165c08d8e9,True,False,NO_ENTRY
2026-09-11,UL,LIVE_SHADOW,-0.0005013026283051245,0.003406509233154468,0.0,37.22380003019842,0.2617462643959024,0.18080074377423774,0.321397269087061,0.0966994623015803,0.10030779909504961,0.039048461346168815,0.07103825136612021,0.01639344262295082,0.01639344262295082,0.060109289617486336,0.060109289617486336,0.03278688524590164,-0.01866038879064284,0.0,False,0.012864733804693556,46bbbf853561e26625ee3ecbccb6037051556f2f3ca26dcb4e311c165c08d8e9,True,False,NO_ENTRY
2026-09-11,ABBV,LIVE_SHADOW,-0.0004757573690524414,0.003026775109249527,0.0,39.50007071339088,0.17194603292835703,0.21257747753312017,0.3718019723127725,0.10435779803607886,0.09311177871817763,0.04620494047149363,0.3989071038251366,0.07103825136612021,0.08196721311475409,0.16393442622950818,0.2459016393442623,0.08196721311475409,-0.01879244971998824,0.0,False,0.011018314337085928,46bbbf853561e26625ee3ecbccb6037051556f2f3ca26dcb4e311c165c08d8e9,True,False,NO_ENTRY
2026-09-11,PFE,LIVE_SHADOW,-0.0005095153431728299,0.0035391593727310626,0.0,37.37175510988014,0.29115952307875775,0.1759775213615142,0.2767035426502395,0.11163990979909419,0.10981210563559524,0.03470739747479898,0.04918032786885246,0.08743169398907104,0.16393442622950818,0.01092896174863388,0.04918032786885246,0.15846994535519127,-0.019041482629781538,0.0,False,0.01953178639662022,46bbbf853561e26625ee3ecbccb6037051556f2f3ca26dcb4e311c165c08d8e9,True,False,NO_ENTRY
2026-09-11,UNP,LIVE_SHADOW,-0.00045375285824644866,0.0032453589140080635,0.0,42.25168197276339,0.2527155843818973,0.16156000139038695,0.3019600749004078,0.1211736991417594,0.11295424800243871,0.049636392183109786,0.2185792349726776,0.2185792349726776,0.1912568306010929,0.04918032786885246,0.12021857923497267,0.01092896174863388,-0.019171821460861337,0.0,False,0.017379702861662523,46bbbf853561e26625ee3ecbccb6037051556f2f3ca26dcb4e311c165c08d8e9,True,False,NO_ENTRY
2026-09-11,AZN,LIVE_SHADOW,-0.00045246138660886675,0.0028629830054140693,0.0,42.52007734760256,0.14236630036524817,0.20211128354549915,0.3805477116914712,0.11689104731501984,0.11116943672170623,0.04691422036105541,0.45901639344262296,0.10382513661202186,0.06557377049180328,0.09289617486338798,0.14754098360655737,0.07103825136612021,-0.019238693155412517,0.0,False,0.007600734159706404,46bbbf853561e26625ee3ecbccb6037051556f2f3ca26dcb4e311c165c08d8e9,True,False,NO_ENTRY
2026-09-11,VZ,LIVE_SHADOW,-0.00045417794162496696,0.003054099575270484,0.0,42.670918905186994,0.2124531564597586,0.1863961672583521,0.3197432145959624,0.11343220936377595,0.11958991658047873,0.048385335741672336,0.29508196721311475,0.12568306010928962,0.14754098360655737,0.08196721311475409,0.07103825136612021,0.01639344262295082,-0.019380190115603716,0.0,False,0.012407513410566447,46bbbf853561e26625ee3ecbccb6037051556f2f3ca26dcb4e311c165c08d8e9,True,False,NO_ENTRY
2026-09-11,KO,LIVE_SHADOW,-0.0004870899220094737,0.003375224363044977,0.0,39.905018895906345,0.26530889502000155,0.15773438047565777,0.3199787536379152,0.09646291650087781,0.11845464505211532,0.04206040931343233,0.12568306010928962,0.16939890710382513,0.08743169398907104,0.12568306010928962,0.01092896174863388,0.04918032786885246,-0.019437332541793598,0.0,False,0.019211157240018432,46bbbf853561e26625ee3ecbccb6037051556f2f3ca26dcb4e311c165c08d8e9,True,False,NO_ENTRY
2026-09-11,JD,LIVE_SHADOW,-0.0004561810280483726,0.0029287340724043465,0.0,42.896245399205924,0.17761139514597166,0.18553022517200599,0.3572247883046166,0.1142895103476467,0.11754309571738185,0.04780098531237718,0.3879781420765027,0.15846994535519127,0.1092896174863388,0.1092896174863388,0.11475409836065574,0.060109289617486336,-0.01956845332562503,0.0,False,0.009228616689366066,46bbbf853561e26625ee3ecbccb6037051556f2f3ca26dcb4e311c165c08d8e9,True,False,NO_ENTRY
2026-09-11,PG,LIVE_SHADOW,-0.0004499864704236028,0.004165697785839538,0.0,43.66398151049658,0.38698548400481064,0.08772655871624015,0.22195428753324756,0.1164165253243404,0.13390461485604777,0.05301252956531358,0.02185792349726776,0.5081967213114754,0.3825136612021858,0.14754098360655737,0.08196721311475409,0.04371584699453552,-0.01964820092454981,0.0,False,0.022469840674458872,46bbbf853561e26625ee3ecbccb6037051556f2f3ca26dcb4e311c165c08d8e9,True,False,NO_ENTRY
2026-09-11,SHEL,LIVE_SHADOW,-0.0005361679038217918,0.003482037441826527,0.0,36.8018369734954,0.2752816704100605,0.17598640449094224,0.31283914335256824,0.09861969520013371,0.09925165009234967,0.038021436453945755,0.00546448087431694,0.00546448087431694,0.00546448087431694,0.01639344262295082,0.03825136612021858,0.02185792349726776,-0.01973196378687034,0.0,False,0.019812443011109144,46bbbf853561e26625ee3ecbccb6037051556f2f3ca26dcb4e311c165c08d8e9,True,False,NO_ENTRY
2026-09-11,NU,LIVE_SHADOW,-0.0004969050791554655,0.0029253104106002517,0.0,39.94112599380908,0.15384096577249345,0.2059325996303844,0.3774899365820695,0.11255412345322106,0.11391219211949549,0.036270182442335944,0.5846994535519126,0.04918032786885246,0.0273224043715847,0.07650273224043716,0.09289617486338798,0.1912568306010929,-0.01984694837351212,0.0,False,0.005726612055959459,46bbbf853561e26625ee3ecbccb6037051556f2f3ca26dcb4e311c165c08d8e9,True,False,NO_ENTRY
2026-09-11,DIS,LIVE_SHADOW,-0.0005297363739138842,0.003462600897321708,0.0,37.99120832417808,0.27812743780068094,0.17081922033616928,0.2986860379734543,0.1050969958874584,0.10984302422323775,0.03742728377899946,0.0546448087431694,0.08196721311475409,0.09289617486338798,0.0273224043715847,0.02185792349726776,0.08743169398907104,-0.02012532493825707,0.0,False,0.01289014137478165,46bbbf853561e26625ee3ecbccb6037051556f2f3ca26dcb4e311c165c08d8e9,True,False,NO_ENTRY
2026-09-11,BABA,LIVE_SHADOW,-0.0005005856697970206,0.0029773129926271517,0.0,40.39481263526675,0.14836575538417704,0.21697354445857722,0.3914883197771595,0.08728260084137641,0.11263407936379194,0.043255700174917824,0.5683060109289617,0.02185792349726776,0.01092896174863388,0.23497267759562843,0.1092896174863388,0.09289617486338798,-0.02022106433935016,0.0,False,0.004612891694661523,46bbbf853561e26625ee3ecbccb6037051556f2f3ca26dcb4e311c165c08d8e9,True,False,NO_ENTRY
2026-09-11,SAP,LIVE_SHADOW,-0.00048514958582511735,0.0028368594397391476,0.0,41.71354398709771,0.12613779323151883,0.21768447994226475,0.3780502200452012,0.12095234135583567,0.11757785112031768,0.03959731430486182,0.48633879781420764,0.03825136612021858,0.0546448087431694,0.0546448087431694,0.09836065573770492,0.16393442622950818,-0.02023730858863827,0.0,False,0.004673723568449965,46bbbf853561e26625ee3ecbccb6037051556f2f3ca26dcb4e311c165c08d8e9,True,False,NO_ENTRY
2026-09-11,SPGI,LIVE_SHADOW,-0.0004569493166976242,0.0027901746521939897,0.0,45.09698765420209,0.1515981660897061,0.1866374870239076,0.35885635151669387,0.126364867479697,0.12708534359000065,0.04945778429999488,0.4371584699453552,0.14754098360655737,0.09836065573770492,0.03278688524590164,0.0546448087431694,0.0273224043715847,-0.02060703769370884,0.0,False,0.006751494619993549,46bbbf853561e26625ee3ecbccb6037051556f2f3ca26dcb4e311c165c08d8e9,True,False,NO_ENTRY
2026-09-11,COST,LIVE_SHADOW,-0.0003997102659397782,0.0027674103907620227,0.0,52.49244947449043,0.1879307878515658,0.10634698949965608,0.3443700251007231,0.14156246694033583,0.15362753781321054,0.06616219279450858,0.4644808743169399,0.5027322404371585,0.2896174863387978,0.15846994535519127,0.13114754098360656,0.03825136612021858,-0.02098177093927894,0.0,False,0.016881510624221566,46bbbf853561e26625ee3ecbccb6037051556f2f3ca26dcb4e311c165c08d8e9,True,False,NO_ENTRY
2026-09-11,PBR,LIVE_SHADOW,-0.0004452508935454754,0.0028021744587081805,0.0,47.747118102360396,0.1746898349424179,0.09579531038993401,0.38557631321845737,0.1459433251944429,0.1549030640036607,0.04309215225108715,0.5573770491803278,0.48633879781420764,0.15300546448087432,0.04371584699453552,0.0273224043715847,0.21311475409836064,-0.02125944699929731,0.0,False,0.00746385988100447,46bbbf853561e26625ee3ecbccb6037051556f2f3ca26dcb4e311c165c08d8e9,True,False,NO_ENTRY
2026-09-11,V,LIVE_SHADOW,-0.000536698894116039,0.0031611809012377177,0.0,41.12993204137376,0.23017184327628806,0.17495535731427736,0.3247372838085903,0.10389554805043441,0.12417750856099738,0.04206245898941265,0.22950819672131148,0.13114754098360656,0.10382513661202186,0.10382513661202186,0.00546448087431694,0.07650273224043716,-0.022074389041673137,0.0,False,0.022422063371799538,46bbbf853561e26625ee3ecbccb6037051556f2f3ca26dcb4e311c165c08d8e9,True,False,NO_ENTRY
2026-09-11,MDLZ,LIVE_SHADOW,-0.0005153825778312905,0.003205489041577627,0.0,43.00382899302744,0.2447846870669006,0.1743743623550366,0.29841274079428964,0.10472015982683178,0.12877068985229043,0.04893736010465088,0.22404371584699453,0.16393442622950818,0.18579234972677597,0.13114754098360656,0.01639344262295082,0.00546448087431694,-0.022163424243042473,0.0,False,0.012298166152106441,46bbbf853561e26625ee3ecbccb6037051556f2f3ca26dcb4e311c165c08d8e9,True,False,NO_ENTRY
