strategy,sample,model,months,alpha_ann,alpha_hac_t,p_value_normal_approx,residual_vol_ann,r2,p_holm_across_v10_strategies
FINAL_OPTIMIZER,PRE2021,CAPM,83,0.08778329535207342,1.8977912274223627,0.05772358929677986,0.1262370894590298,0.5692094633540113,
FINAL_OPTIMIZER,PRE2021,FF3,83,0.06561222556150172,1.4547946495974016,0.1457261198626012,0.12417804636517944,0.5831480333458853,
FINAL_OPTIMIZER,PRE2021,FF5,83,0.06906689202492525,1.5533330028029915,0.12034359966606024,0.12310245628483886,0.5903380330396657,
FINAL_OPTIMIZER,PRE2021,FF5_MOM,83,0.06926754223005986,1.556832133132683,0.11951034591934825,0.12303605365829924,0.5907798649046418,
FINAL_OPTIMIZER,POST2021,CAPM,66,0.14703387205670185,2.9943724768874884,0.002750099891746998,0.14051308786352096,0.49643578259876375,
FINAL_OPTIMIZER,POST2021,FF3,66,0.13310843673933664,2.4591115472542615,0.013928133460488719,0.13451923016964915,0.5384805024890498,
FINAL_OPTIMIZER,POST2021,FF5,66,0.14095275145582314,2.5323232827379534,0.011330946902297209,0.13227583890209219,0.5537457598395444,
FINAL_OPTIMIZER,POST2021,FF5_MOM,66,0.12319570925911616,2.3074790952710114,0.021028126316709222,0.12970331371846427,0.5709346435973867,
FINAL_OPTIMIZER,FULL,CAPM,149,0.11474846264766683,3.380250677222189,0.00072419746157355,0.13259666802418435,0.5340195544760722,
FINAL_OPTIMIZER,FULL,FF3,149,0.11645349573227068,3.4732800722498416,0.0005141385364273863,0.13209535953326326,0.5375363603130439,
FINAL_OPTIMIZER,FULL,FF5,149,0.11546261152518536,3.486591810162245,0.0004892174304963895,0.13099825757730083,0.5451863310083032,
FINAL_OPTIMIZER,FULL,FF5_MOM,149,0.1063394282832964,3.193269850854427,0.0014067142206679337,0.12989323371646558,0.5528270467249852,0.006176489166727579
FULL_ALPHA_CONVICTION,PRE2021,CAPM,83,0.15614129283767195,1.7250093878513364,0.08452578069654752,0.28479461245120763,0.21552597370187532,
FULL_ALPHA_CONVICTION,PRE2021,FF3,83,0.13742986265303733,1.4504857808143996,0.1469231015348845,0.2840579289934732,0.21957915145874263,
FULL_ALPHA_CONVICTION,PRE2021,FF5,83,0.14992222500489558,1.6354177740227858,0.10196149891648104,0.27854938933318313,0.24955399243942356,
FULL_ALPHA_CONVICTION,PRE2021,FF5_MOM,83,0.15138951785123822,1.6396786549311941,0.10107199932670294,0.27697607594719714,0.2580074473315318,
FULL_ALPHA_CONVICTION,POST2021,CAPM,66,0.3096193307627356,4.040254216791803,5.339329446329066e-05,0.20078186166218712,0.28304439780084323,
FULL_ALPHA_CONVICTION,POST2021,FF3,66,0.3148814373330052,3.1802652260768514,0.001471403132905113,0.19685943940470363,0.3107832917331512,
FULL_ALPHA_CONVICTION,POST2021,FF5,66,0.32222383238048047,3.3363545014822873,0.0008488484786000182,0.19534036486361325,0.3213789945036267,
FULL_ALPHA_CONVICTION,POST2021,FF5_MOM,66,0.2931041818059631,3.210099504099405,0.001326890308280905,0.19064481120913515,0.35361199555450007,
FULL_ALPHA_CONVICTION,FULL,CAPM,149,0.22600967445448517,3.6911924912998546,0.00022320513413097968,0.2513806287199626,0.23144662655007742,
FULL_ALPHA_CONVICTION,FULL,FF3,149,0.23400062974630556,3.8231445967411566,0.0001317604580954193,0.250766976822027,0.2351943185777864,
FULL_ALPHA_CONVICTION,FULL,FF5,149,0.23580839119905486,3.94460206386222,7.993260392372905e-05,0.24949326714954453,0.2429438751748212,
FULL_ALPHA_CONVICTION,FULL,FF5_MOM,149,0.22898844335426782,3.7794439262815747,0.00015717898328838334,0.24917019960546213,0.24490322191721758,0.0012574318663070667
FULL_ALPHA_EQUAL,PRE2021,CAPM,83,0.07898154999801621,1.9371803444739089,0.052723302060223826,0.1078590433508826,0.6712719726572146,
FULL_ALPHA_EQUAL,PRE2021,FF3,83,0.0788309405217594,1.8687510848057431,0.061657453130551314,0.10631661558394523,0.6806066336895735,
FULL_ALPHA_EQUAL,PRE2021,FF5,83,0.0828103840393006,1.9848409224406933,0.047162172936833266,0.10443536732221306,0.6918098155700143,
FULL_ALPHA_EQUAL,PRE2021,FF5_MOM,83,0.0834903855710233,2.012381775196846,0.044179708134589525,0.10353273963188016,0.6971141267792386,
FULL_ALPHA_EQUAL,POST2021,CAPM,66,0.10686275216266605,2.9001592761965984,0.0037297308451875676,0.08753434933207226,0.7475082943339955,
FULL_ALPHA_EQUAL,POST2021,FF3,66,0.0890156292149411,2.4237346780961926,0.01536182423160397,0.08416899961794541,0.7665497027123402,
FULL_ALPHA_EQUAL,POST2021,FF5,66,0.09052221955069026,2.3516744695260727,0.018689122773731606,0.08404255366955818,0.7672505942875214,
FULL_ALPHA_EQUAL,POST2021,FF5_MOM,66,0.0799455346649313,2.2832688594025026,0.0224145361608617,0.08260779779497923,0.7751296531679626,
FULL_ALPHA_EQUAL,FULL,CAPM,149,0.09187494296178256,3.273760526355443,0.0010612650936068777,0.09919397527236892,0.7012561671024904,
FULL_ALPHA_EQUAL,FULL,FF3,149,0.08795104961024656,3.2835543077787146,0.0010250689241421286,0.09760907328755067,0.7107264420730232,
FULL_ALPHA_EQUAL,FULL,FF5,149,0.08839660733368736,3.3467877908260415,0.0008175376886542842,0.09727882942866464,0.7126805474982383,
FULL_ALPHA_EQUAL,FULL,FF5_MOM,149,0.08789924855280314,3.2915272485593428,0.0009964496295659748,0.09727442550427587,0.7127065614729156,0.005978697777395849
FULL_ALPHA_RISK,PRE2021,CAPM,83,0.1803486972117673,2.1622214197721403,0.030601113273567796,0.25853499734960456,0.2141249552863309,
FULL_ALPHA_RISK,PRE2021,FF3,83,0.1538095858105552,1.767795392736041,0.07709511543421464,0.25716063164971814,0.22245813167089767,
FULL_ALPHA_RISK,PRE2021,FF5,83,0.1639228480493462,1.9097254877725331,0.05616856749878229,0.2530742010006031,0.24697297108384708,
FULL_ALPHA_RISK,PRE2021,FF5_MOM,83,0.16405717973849665,1.9061551224266946,0.056630082774296514,0.25305972738248195,0.24705910166487188,
FULL_ALPHA_RISK,POST2021,CAPM,66,0.24424231741515984,3.460694972248588,0.0005387829189407856,0.18603468959181713,0.2802127703804481,
FULL_ALPHA_RISK,POST2021,FF3,66,0.23430899737311178,2.7365751647977694,0.0062082410352247595,0.18274582795489877,0.30543769294574363,
FULL_ALPHA_RISK,POST2021,FF5,66,0.2418642597968702,2.8867386756794273,0.003892573860485196,0.18128094111184243,0.3165282578750036,
FULL_ALPHA_RISK,POST2021,FF5_MOM,66,0.2154134001801603,2.6801042195815974,0.007359924146169935,0.1771083126431464,0.34762973136241815,
FULL_ALPHA_RISK,FULL,CAPM,149,0.21004245320625436,3.7739719318197658,0.00016066884548963573,0.22893134594133902,0.23212869624647547,
FULL_ALPHA_RISK,FULL,FF3,149,0.21267473093648376,3.8617089825009425,0.0001125966399163639,0.2287859264367493,0.23310390564159722,
FULL_ALPHA_RISK,FULL,FF5,149,0.21312210396229547,3.925131192268608,8.66824829871532e-05,0.22795165592157124,0.23868669906626006,
FULL_ALPHA_RISK,FULL,FF5_MOM,149,0.20066521514006963,3.638443847686689,0.00027429041542570713,0.2267696691111201,0.24656143259509689,0.0019200329079799498
RG_ONLY,PRE2021,CAPM,83,0.06909645572831183,1.5260085751350518,0.12700772893074205,0.11439044662311781,0.6948609301059032,
RG_ONLY,PRE2021,FF3,83,0.05393231132980393,1.185743231590751,0.2357237161914506,0.11218706566277355,0.7065028525901522,
RG_ONLY,PRE2021,FF5,83,0.06055372958594372,1.4953116038828944,0.13483313807923986,0.10792339680382286,0.7283876464707398,
RG_ONLY,PRE2021,FF5_MOM,83,0.06218972241170061,1.6020006099531128,0.10915547461183411,0.10276630222684299,0.7537253182270004,
RG_ONLY,POST2021,CAPM,66,0.05964350065063484,1.760847726501134,0.07826417942827084,0.09303723855480385,0.8254190920139542,
RG_ONLY,POST2021,FF3,66,0.08754414955617468,2.142337628519063,0.03216632295567331,0.08765940123034814,0.8450184056303205,
RG_ONLY,POST2021,FF5,66,0.08617982277933593,2.3525860189912122,0.01864337714127245,0.07541904643802964,0.8852783990654578,
RG_ONLY,POST2021,FF5_MOM,66,0.092044981929336,2.5689479303042493,0.010200778365922793,0.07493000684764803,0.8867613536178074,
RG_ONLY,FULL,CAPM,149,0.06368886764800193,2.13787786695959,0.0325266570388224,0.10574978715350607,0.7544593960120796,
RG_ONLY,FULL,FF3,149,0.05848412061298608,2.060768095099893,0.039325169649507635,0.10313998853383483,0.7664292401824395,
RG_ONLY,FULL,FF5,149,0.06314694204001207,2.341537722427983,0.019204485143268175,0.09622966089712684,0.7966790048296775,
RG_ONLY,FULL,FF5_MOM,149,0.0727233351189415,2.627859153117882,0.008592408420672493,0.09456480391257846,0.8036534075248569,0.017184816841344985
RG_SY_EQUAL,PRE2021,CAPM,83,0.034524926041922976,0.9776903828998728,0.3282274796861335,0.10122925604062107,0.737144841924158,
RG_SY_EQUAL,PRE2021,FF3,83,0.039625787896869755,1.1117209867294375,0.2662581334646108,0.09827526836063027,0.752261849903536,
RG_SY_EQUAL,PRE2021,FF5,83,0.040959096466367424,1.1285261273913505,0.25909778903934344,0.09721549862939848,0.7575761022771752,
RG_SY_EQUAL,PRE2021,FF5_MOM,83,0.04227857991925424,1.188573475283547,0.2346075507205465,0.09350966855533709,0.7757061070811048,
RG_SY_EQUAL,POST2021,CAPM,66,0.0949001872377145,2.9407600197143706,0.0032740808053099914,0.08106903566717248,0.7825213726510738,
RG_SY_EQUAL,POST2021,FF3,66,0.06722566408245412,2.156982281747557,0.031007045016838482,0.07504771170938421,0.8136276512358007,
RG_SY_EQUAL,POST2021,FF5,66,0.07155402533994135,2.564563846355738,0.01033055713244621,0.06723172600690837,0.8504263503173008,
RG_SY_EQUAL,POST2021,FF5_MOM,66,0.07972314047521223,3.146287262055763,0.0016535750797343825,0.06616242900704947,0.8551463472654225,
RG_SY_EQUAL,FULL,CAPM,149,0.0625546812825664,2.482207186844526,0.013057133139345685,0.09336213321220549,0.7500837664499442,
RG_SY_EQUAL,FULL,FF3,149,0.056344855394918035,2.586952812350435,0.009682885151494746,0.08940953723762943,0.7707968253272732,
RG_SY_EQUAL,FULL,FF5,149,0.05400214145684594,2.5081995365007916,0.01213481208990079,0.08757190203032866,0.7801216346525772,
RG_SY_EQUAL,FULL,FF5_MOM,149,0.06433960680202283,3.01452986768796,0.0025737786798453004,0.08543241345269464,0.7907341869452074,0.007721336039535901
SY_ONLY,PRE2021,CAPM,83,0.055762040538484166,1.0733659497934283,0.2831069557393108,0.13725356622678278,0.6264230650882601,
SY_ONLY,PRE2021,FF3,83,0.07364194782951254,1.3956637419976725,0.16281577769347044,0.13453849429657333,0.6410566551787702,
SY_ONLY,PRE2021,FF5,83,0.0738021649724814,1.3944539782226575,0.16318055771302398,0.13210128201218696,0.6539436328017586,
SY_ONLY,PRE2021,FF5_MOM,83,0.07591768378540781,1.4951607161777782,0.13487250315207233,0.12503558442577611,0.6899726298234297,
SY_ONLY,POST2021,CAPM,66,0.0632567167860887,1.207779956215017,0.22713191327717708,0.10851119112598324,0.6226622192481237,
SY_ONLY,POST2021,FF3,66,0.019251851907690867,0.41264189364974596,0.6798690027246019,0.09608666267046692,0.7041255603656215,
SY_ONLY,POST2021,FF5,66,0.023553255145028294,0.5331255708113507,0.5939466592328099,0.08871371760067741,0.7477897182064567,
SY_ONLY,POST2021,FF5_MOM,66,0.04516708219613566,1.117438434101758,0.26380690955654607,0.08289525194608027,0.7797882231962671,
SY_ONLY,FULL,CAPM,149,0.06138911821799567,1.6262890266408554,0.10388818503604434,0.12688970415885817,0.613927332634489,
SY_ONLY,FULL,FF3,149,0.05807180879649053,1.6884603830785851,0.09132288770522784,0.12064201104083448,0.6510096466148407,
SY_ONLY,FULL,FF5,149,0.05484763835778368,1.637088189424575,0.10161204400303733,0.11797641699420514,0.6662612069302711,
SY_ONLY,FULL,FF5_MOM,149,0.0758065757600197,2.3197945059842686,0.020351996432830845,0.11134143999141717,0.7027444622863293,0.020351996432830845
TREND_ONLY,PRE2021,CAPM,83,0.10950077315319968,3.712447167992668,0.0002052649170516211,0.08430669703312905,0.7848525512834849,
TREND_ONLY,PRE2021,FF3,83,0.08609820565787342,2.941112475942757,0.0032703576104992416,0.0781747935161969,0.8150111568979173,
TREND_ONLY,PRE2021,FF5,83,0.0881854682273886,2.998966784172823,0.0027089683816081274,0.07760157479473122,0.8177140818754929,
TREND_ONLY,PRE2021,FF5_MOM,83,0.08785373843584707,2.9124238895812664,0.003586355874661115,0.0773131970580318,0.81906636183367,
TREND_ONLY,POST2021,CAPM,66,0.05381608818498473,1.2515937814911924,0.21071792167421866,0.11597109775651919,0.6495666222531356,
TREND_ONLY,POST2021,FF3,66,0.055491276025996954,1.1681804781815632,0.24273397324805457,0.11237998837204234,0.670933331682289,
TREND_ONLY,POST2021,FF5,66,0.055583394144829455,1.3073539227309268,0.1910925385936787,0.10742183416935465,0.6993293368949232,
TREND_ONLY,POST2021,FF5_MOM,66,0.03383357347079176,0.8067386986283506,0.4198170435004469,0.10260772363439757,0.7256745917554119,
TREND_ONLY,FULL,CAPM,149,0.0851385606279766,3.3052024400397495,0.0009490782172166201,0.09972663611610139,0.7184443246080323,
TREND_ONLY,FULL,FF3,149,0.09437498169810139,3.561011473242322,0.00036942893863288684,0.09796761603209554,0.7282891220876262,
TREND_ONLY,FULL,FF5,149,0.0962070584728616,3.9560153935654334,7.621025234340116e-05,0.09547936262494354,0.7419160671270795,
TREND_ONLY,FULL,FF5_MOM,149,0.08353295349366233,3.2306020832689906,0.0012352978333455159,0.09251986974489279,0.7576673278872164,0.006176489166727579
