window_end,window_months,strategy_cagr,benchmark_cagr,cagr_spread,strategy_vol,benchmark_vol,strategy_mdd,benchmark_mdd,profile
2017-02,36,0.2051920640423206,0.1050016687793145,0.1001903952630061,0.21688069873561652,0.10394331011730985,-0.14986128519738617,-0.08491111980164268,AGGRESSIVE
2017-03,36,0.24182095380645308,0.10242191258626021,0.13939904122019287,0.2106258148544698,0.10403432213073477,-0.14986128519738595,-0.08491111980164268,AGGRESSIVE
2017-04,36,0.24733488584858687,0.10350645697382688,0.14382842887476,0.2105555569534669,0.10403240788722247,-0.14986128519738606,-0.08491111980164268,AGGRESSIVE
2017-05,36,0.2519731092748341,0.10022768640009816,0.1517454228747359,0.21118832622962508,0.10372896323800938,-0.14986128519738595,-0.08491111980164257,AGGRESSIVE
2017-06,36,0.218786314040186,0.09507603906499584,0.12371027497519016,0.21342584817664983,0.10347936321931904,-0.14986128519738606,-0.08491111980164268,AGGRESSIVE
2017-07,36,0.2701248388393842,0.10751106706275837,0.16261377177662584,0.22082454971581283,0.10292143987057849,-0.14986128519738606,-0.08491111980164257,AGGRESSIVE
2017-08,36,0.21558717994866683,0.09437654546702956,0.12121063448163727,0.21136034555721103,0.10136009600842608,-0.14986128519738595,-0.08491111980164257,AGGRESSIVE
2017-09,36,0.2760327680133585,0.10679150209275323,0.1692412659206053,0.19377605733786601,0.10075543720201999,-0.14986128519738595,-0.08491111980164279,AGGRESSIVE
2017-10,36,0.29228520194888197,0.10679646889007244,0.18548873305880953,0.19450496197867284,0.10075612455842595,-0.14986128519738595,-0.08491111980164268,AGGRESSIVE
2017-11,36,0.2791144522611355,0.10790640050512845,0.17120805175600706,0.19596229935890097,0.10096730144999408,-0.14986128519738595,-0.08491111980164257,AGGRESSIVE
2017-12,36,0.2824229628826693,0.1133092093848922,0.16911375349777713,0.19571041014880328,0.10074832534326494,-0.14986128519738606,-0.08491111980164257,AGGRESSIVE
2018-01,36,0.35845728374865615,0.14526781038990633,0.21318947335874983,0.22682376507830013,0.10155820003024126,-0.14986128519738606,-0.08491111980164279,AGGRESSIVE
2018-02,36,0.33769465990219194,0.11078326497472002,0.22691139492747192,0.225300606338628,0.10173713271327438,-0.14986128519738595,-0.08491111980164268,AGGRESSIVE
2018-03,36,0.34894644176279677,0.10636249352231197,0.2425839482404848,0.22342644669195555,0.10293733354807108,-0.14986128519738606,-0.08491111980164268,AGGRESSIVE
2018-04,36,0.3208889876957346,0.10465604173394749,0.2162329459617871,0.2210601295266299,0.1029578191694066,-0.14986128519738617,-0.08491111980164257,AGGRESSIVE
2018-05,36,0.3009651762567622,0.10880405820869621,0.19216111804806602,0.22160969347634332,0.1033259173396295,-0.14986128519738595,-0.08491111980164268,AGGRESSIVE
2018-06,36,0.31105461760330577,0.11855077459080521,0.19250384301250056,0.22220132688778013,0.1018700724471626,-0.14986128519738606,-0.08491111980164257,AGGRESSIVE
2018-07,36,0.28803503855338586,0.12379758427246035,0.1642374542809255,0.22479000471089214,0.10283000044504305,-0.14986128519738606,-0.06697993246405876,AGGRESSIVE
2018-08,36,0.3300657100814446,0.15968633331637516,0.17037937676506942,0.22457812895150464,0.0944353370933107,-0.14986128519738595,-0.06697993246405876,AGGRESSIVE
2018-09,36,0.36485776123691815,0.1720345395387579,0.19282322169816024,0.21902919327696854,0.09177057761599473,-0.14986128519738606,-0.06697993246405864,AGGRESSIVE
2018-10,36,0.305882928537039,0.11366911397454538,0.19221381456249365,0.22677552619351818,0.09378346026345359,-0.14986128519738606,-0.06910442393564453,AGGRESSIVE
2018-11,36,0.29042255660538396,0.11915116318246866,0.1712713934229153,0.2266429309994039,0.09386651791485011,-0.10781553195726834,-0.06910442393564453,AGGRESSIVE
2018-12,36,0.2668658040436056,0.09161559353374615,0.17525021050985945,0.23392826472030817,0.10859830114404918,-0.1616296625712822,-0.13532099886114823,AGGRESSIVE
2019-01,36,0.3431702088744666,0.13923359740054275,0.20393661147392383,0.2219125814643963,0.11083743429929618,-0.16162966257128208,-0.13532099886114834,AGGRESSIVE
2019-02,36,0.3508344117461848,0.1517297706538796,0.1991046410923052,0.22200327288734395,0.11123863666658224,-0.16162966257128208,-0.13532099886114834,AGGRESSIVE
2019-03,36,0.32663019312461117,0.13376536667666894,0.19286482644794223,0.2190462012455278,0.10643450001325055,-0.1616296625712822,-0.13532099886114834,AGGRESSIVE
2019-04,36,0.2789532489793394,0.1474934518990696,0.13145979708026978,0.21013117326443095,0.1077229769874511,-0.16162966257128208,-0.13532099886114823,AGGRESSIVE
2019-05,36,0.26909493165025355,0.11626887927414953,0.15282605237610403,0.21447960153536533,0.11619964859493838,-0.1616296625712822,-0.13532099886114834,AGGRESSIVE
2019-06,36,0.2909019781267168,0.1402633766931829,0.15063860143353391,0.21794324342146426,0.12113709744016611,-0.1616296625712822,-0.13532099886114846,AGGRESSIVE
2019-07,36,0.25174951704571735,0.13237894601321076,0.11937057103250659,0.21436039916329294,0.12025815552095508,-0.16162966257128208,-0.13532099886114834,AGGRESSIVE
2019-08,36,0.24844255115429803,0.12557441457144347,0.12286813658285456,0.21455052214571757,0.121202256562004,-0.1616296625712822,-0.13532099886114834,AGGRESSIVE
2019-09,36,0.23950959280924122,0.1328060294783091,0.10670356333093212,0.21492834633852445,0.12114626941840612,-0.1616296625712822,-0.13532099886114846,AGGRESSIVE
2019-10,36,0.18861597312544665,0.14776384405101406,0.040852129074432586,0.20387662919038912,0.12011360663394224,-0.1616296625712822,-0.13532099886114834,AGGRESSIVE
2019-11,36,0.19136619360962914,0.1475274326018179,0.043838761007811256,0.20368159068334918,0.12006901341307363,-0.1616296625712822,-0.13532099886114846,AGGRESSIVE
2019-12,36,0.21545894006633448,0.15081108551001954,0.06464785455631494,0.20369270586239985,0.12038002989017271,-0.16162966257128208,-0.13532099886114834,AGGRESSIVE
2020-01,36,0.17259714163777806,0.14387342020741278,0.02872372143036528,0.2079117632640807,0.12055552306609771,-0.1616296625712822,-0.13532099886114834,AGGRESSIVE
2020-02,36,0.16147916499351433,0.09864988074299808,0.06282928425051626,0.20836633358635803,0.13031841811772826,-0.1616296625712822,-0.13532099886114834,AGGRESSIVE
2020-03,36,0.1330093736786524,0.050434879347464046,0.08257449433118835,0.2121577099809658,0.15138753076334338,-0.1616296625712822,-0.19447688715318667,AGGRESSIVE
2020-04,36,0.18877567923135774,0.08954482620642867,0.09923085302492907,0.23380520883220468,0.16696010641828513,-0.1616296625712822,-0.19447688715318656,AGGRESSIVE
2020-05,36,0.183947905215744,0.10142367894776827,0.08252422626797573,0.23311227246080946,0.1684746515209808,-0.1616296625712822,-0.19447688715318667,AGGRESSIVE
2020-06,36,0.22391517360477708,0.10555227460037742,0.11836289900439967,0.23233394363892496,0.16853582653180663,-0.1616296625712822,-0.19447688715318667,AGGRESSIVE
2020-07,36,0.21495680511933335,0.11922619549405322,0.09573060962528013,0.2290463820062196,0.17083069638702988,-0.16162966257128197,-0.19447688715318678,AGGRESSIVE
2020-08,36,0.24572423123829878,0.14357117691219456,0.10215305432610422,0.23045294196946753,0.17412740855151823,-0.16162966257128208,-0.19447688715318656,AGGRESSIVE
2020-09,36,0.21581914801697955,0.12163263587484718,0.09418651214213236,0.23487330308517218,0.17641843071425792,-0.1616296625712823,-0.19447688715318678,AGGRESSIVE
2020-10,36,0.17935332734761755,0.10363047770692968,0.07572284964068787,0.23628343701409024,0.17744277981377704,-0.16162966257128208,-0.19447688715318667,AGGRESSIVE
2020-11,36,0.24010605414955521,0.130871142093977,0.10923491205557823,0.24575251431328374,0.1861517450878714,-0.1616296625712823,-0.19447688715318656,AGGRESSIVE
2020-12,36,0.2651980880603879,0.1400775285629905,0.12512055949739742,0.2472862141636817,0.18672588416600477,-0.1616296625712822,-0.19447688715318656,AGGRESSIVE
2021-01,36,0.18620742516448208,0.11561504945629908,0.070592375708183,0.21735904030646402,0.18530271963266037,-0.1616296625712822,-0.19447688715318667,AGGRESSIVE
2021-02,36,0.18946185979642216,0.13984681708710633,0.049615042709315826,0.2175138881554369,0.1834261558474364,-0.1616296625712822,-0.19447688715318656,AGGRESSIVE
2021-03,36,0.1993001662772782,0.16760878652313238,0.03169137975414582,0.21691819163285245,0.18283221909622274,-0.16162966257128208,-0.19447688715318656,AGGRESSIVE
2021-04,36,0.20087191354631795,0.18580943895974378,0.01506247458657417,0.21692578201171214,0.18408257230451344,-0.1616296625712822,-0.19447688715318656,AGGRESSIVE
2021-05,36,0.22342178456850892,0.1789227936938158,0.04449899087469311,0.21731927677585514,0.1840827284824415,-0.1616296625712822,-0.19447688715318667,AGGRESSIVE
2021-06,36,0.23877378606932087,0.18540306230004,0.05337072376928087,0.2206489980536004,0.18404115401575985,-0.16162966257128208,-0.19447688715318645,AGGRESSIVE
2021-07,36,0.2586872808035976,0.18056948210084922,0.07811779870274838,0.21833536997362132,0.1836819565344994,-0.16162966257128208,-0.19447688715318667,AGGRESSIVE
2021-08,36,0.24680642939044906,0.17974523949172982,0.06706118989871923,0.21659939576868428,0.18361920892151334,-0.1616296625712822,-0.19447688715318656,AGGRESSIVE
2021-09,36,0.21882463569869648,0.15883342798743172,0.05999120771126476,0.22031224110913938,0.18700738184727378,-0.12064098031146742,-0.19447688715318656,AGGRESSIVE
2021-10,36,0.27950487133970103,0.21395909922763368,0.06554577211206736,0.2144273526841429,0.18308697386535405,-0.12064098031146742,-0.19447688715318667,AGGRESSIVE
2021-11,36,0.29276315786101925,0.20330419891544427,0.08945895894557498,0.21447026456763774,0.18368490776114932,-0.12064098031146742,-0.19447688715318667,AGGRESSIVE
2021-12,36,0.3454483332031586,0.25968826310674675,0.08576007009641184,0.20199183177078878,0.17345221713694642,-0.1206409803114673,-0.19447688715318667,AGGRESSIVE
2022-01,36,0.26446242671621345,0.20578318392327222,0.05867924279294123,0.2171210366096954,0.17479693766913626,-0.12064098031146742,-0.19447688715318656,AGGRESSIVE
2022-02,36,0.2650476730410889,0.18117342337694486,0.08387424966414403,0.21716263202022573,0.1765676440020936,-0.12064098031146742,-0.19447688715318656,AGGRESSIVE
2022-03,36,0.2846754826686413,0.18866310601315783,0.09601237665548346,0.21967785058612244,0.1770338497335688,-0.1206409803114673,-0.19447688715318667,AGGRESSIVE
2022-04,36,0.2672647508092427,0.1375328622772054,0.12973188853203732,0.22157196401788845,0.18612959112004526,-0.1206409803114673,-0.19447688715318656,AGGRESSIVE
2022-05,36,0.34382427354668965,0.16366968765090162,0.18015458589578803,0.20587818834222016,0.1807135001763955,-0.12064098031146742,-0.19447688715318645,AGGRESSIVE
2022-06,36,0.2185371874172306,0.10568824909941066,0.11284893831781995,0.23658121630351348,0.18593638489106515,-0.18734415710898544,-0.19981330218516324,AGGRESSIVE
2022-07,36,0.27093784056723513,0.1329554395480288,0.13798240101920634,0.2449016067635812,0.1919030554070936,-0.18734415710898544,-0.19981330218516324,AGGRESSIVE
2022-08,36,0.2818520510536784,0.12363840691685124,0.15821364413682715,0.24459887122927323,0.19363161108453184,-0.18734415710898544,-0.19981330218516347,AGGRESSIVE
2022-09,36,0.24120901373225978,0.0809218764385462,0.16028713729371358,0.2534232157596793,0.20258449333823814,-0.18734415710898544,-0.2392718238921986,AGGRESSIVE
2022-10,36,0.31615804015174787,0.1013904523298641,0.21476758782188377,0.272014826372866,0.2068151982781304,-0.18734415710898544,-0.2392718238921986,AGGRESSIVE
2022-11,36,0.3363322544662817,0.10821921777305876,0.22811303669322291,0.27198975548434584,0.2079630568303796,-0.18734415710898544,-0.2392718238921987,AGGRESSIVE
2022-12,36,0.2916154942675788,0.07618475778530387,0.21543073648227495,0.2756920668233442,0.21128700783016566,-0.18734415710898544,-0.23927182389219848,AGGRESSIVE
2023-01,36,0.35200238081922763,0.09843507071868185,0.2535673101005458,0.2725639449009284,0.21357601395444656,-0.18734415710898544,-0.2392718238921986,AGGRESSIVE
2023-02,36,0.351582273833803,0.1195090141354298,0.23207325969837322,0.27260833476437824,0.20807474998383704,-0.18734415710898544,-0.23927182389219848,AGGRESSIVE
2023-03,36,0.37656126900681697,0.18469726391871744,0.19186400508809953,0.2687141244084573,0.19215962489202917,-0.18734415710898544,-0.2392718238921986,AGGRESSIVE
2023-04,36,0.2851798633594409,0.1444474631768362,0.1407324001826047,0.2556027419131465,0.18045201712248662,-0.18734415710898544,-0.23927182389219848,AGGRESSIVE
2023-05,36,0.28837573049963416,0.1285596778856437,0.15981605261399046,0.25588325778603405,0.17929556006177363,-0.18734415710898544,-0.23927182389219848,AGGRESSIVE
2023-06,36,0.30298187989320247,0.1456949384902717,0.15728694140293076,0.2586390822441053,0.1819028472308781,-0.18734415710898544,-0.2392718238921987,AGGRESSIVE
2023-07,36,0.2861931503442099,0.13618181731734835,0.15001133302686154,0.255758666623201,0.1802467702502358,-0.18734415710898544,-0.2392718238921987,AGGRESSIVE
2023-08,36,0.2546382873389703,0.10486364243124391,0.1497746449077264,0.2548191437283807,0.17761624837685946,-0.18734415710898544,-0.2392718238921986,AGGRESSIVE
2023-09,36,0.27880427061337754,0.10102772036974472,0.1777765502436328,0.25083631069928547,0.1786148162836864,-0.18734415710898544,-0.2392718238921988,AGGRESSIVE
2023-10,36,0.2835118440455515,0.10224025345391996,0.18127159059163156,0.2500007285946857,0.17841220009817652,-0.18734415710898555,-0.2392718238921986,AGGRESSIVE
2023-11,36,0.2603304732595606,0.09643286397446671,0.1638976092850939,0.24268801982659644,0.17534156680290647,-0.18734415710898544,-0.2392718238921986,AGGRESSIVE
2023-12,36,0.2539311019157302,0.09945780120122527,0.15447330071450494,0.24176025578132623,0.175884016053014,-0.18734415710898544,-0.2392718238921986,AGGRESSIVE
2024-01,36,0.279772234962695,0.10904411900672817,0.17072811595596682,0.2431715915354052,0.17554333745946482,-0.18734415710898533,-0.23927182389219848,AGGRESSIVE
2024-02,36,0.2806851196380604,0.11774504951036957,0.16294007012769085,0.24320290734497554,0.17695395178524087,-0.18734415710898544,-0.2392718238921987,AGGRESSIVE
2024-03,36,0.2957447436107794,0.11320135183951807,0.18254339177126133,0.24362313655954196,0.17624811622669043,-0.18734415710898544,-0.2392718238921987,AGGRESSIVE
2024-04,36,0.2900176037336637,0.07932467184838798,0.2106929318852757,0.2438207154730352,0.17672809414277244,-0.18734415710898555,-0.2392718238921986,AGGRESSIVE
2024-05,36,0.27888761102762927,0.09483233890223097,0.1840552721253983,0.24329207849921602,0.17845395059265734,-0.18734415710898544,-0.2392718238921986,AGGRESSIVE
2024-06,36,0.25130156271146187,0.09940105689200318,0.1519005058194587,0.2397878532628928,0.1789422876631625,-0.18734415710898544,-0.2392718238921986,AGGRESSIVE
2024-07,36,0.2379424473222984,0.09498188241501682,0.1429605649072816,0.24088068357200568,0.17872523950088479,-0.18734415710898544,-0.2392718238921986,AGGRESSIVE
2024-08,36,0.2376079631373187,0.0927108028575705,0.1448971602797482,0.2408546437352466,0.17850722356485452,-0.18734415710898544,-0.23927182389219848,AGGRESSIVE
2024-09,36,0.26639437697429114,0.11795304560775222,0.14844133136653892,0.23728891331079133,0.17556769154327656,-0.18734415710898544,-0.2392718238921987,AGGRESSIVE
2024-10,36,0.23747371520934224,0.08970570140886314,0.1477680138004791,0.23622957975761869,0.1722734588605648,-0.18734415710898544,-0.23927182389219837,AGGRESSIVE
2024-11,36,0.26485419055102977,0.1139414043051632,0.15091278624586657,0.2416744567456062,0.17447711171030975,-0.18734415710898544,-0.2392718238921986,AGGRESSIVE
2024-12,36,0.241230776466407,0.08840820691148954,0.15282256955491746,0.2442702238269135,0.17422843782554917,-0.18734415710898544,-0.20246994592948386,AGGRESSIVE
2025-01,36,0.32443602185051756,0.11807828558125144,0.20635773626926612,0.23175771016764724,0.1706890291902919,-0.18734415710898544,-0.20246994592948386,AGGRESSIVE
2025-02,36,0.3166606436758057,0.12450136900401931,0.1921592746717864,0.23159916392738666,0.1696087672051668,-0.18734415710898544,-0.20246994592948386,AGGRESSIVE
2025-03,36,0.2760251998452714,0.08972879400374922,0.18629640584152218,0.23057687771871224,0.1731121706790753,-0.18734415710898544,-0.12947580732442365,AGGRESSIVE
2025-04,36,0.3018075115414274,0.12035643991338052,0.18145107162804686,0.22866337813723947,0.16381989066790525,-0.18734415710898544,-0.12947580732442376,AGGRESSIVE
2025-05,36,0.2891445845902969,0.14249193461113285,0.14665264997916405,0.22810267060905226,0.16647484988272912,-0.09358825750916655,-0.12947580732442376,AGGRESSIVE
2025-06,36,0.4013326003717823,0.1955440252503149,0.20578857512146742,0.19084049006792533,0.1580813730553245,-0.09358825750916655,-0.12947580732442376,AGGRESSIVE
2025-07,36,0.3406660452237731,0.16979426167326572,0.17087178355050736,0.18228417497081617,0.1515800747210849,-0.09358825750916655,-0.09244592114023042,AGGRESSIVE
2025-08,36,0.35777411865527187,0.19420937415505657,0.1635647445002153,0.18385518071075307,0.14806086711948038,-0.05389106130447796,-0.08325822739561528,AGGRESSIVE
2025-09,36,0.4373237953269271,0.24792885896504036,0.18939493636188676,0.17125556904890551,0.13373185906013224,-0.05389106130447796,-0.08325822739561539,AGGRESSIVE
2025-10,36,0.3581695804114051,0.22542865313964322,0.1327409272717619,0.14218584905891085,0.1286263940148398,-0.05389106130447796,-0.08325822739561528,AGGRESSIVE
2025-11,36,0.34386422252028526,0.20430939464434572,0.13955482787593954,0.14161519516856366,0.12693297598191308,-0.04925053257347045,-0.08325822739561517,AGGRESSIVE
2025-12,36,0.37002773958389756,0.228700597134593,0.14132714244930455,0.13430200988097207,0.11953915849571656,-0.04925053257347045,-0.08325822739561517,AGGRESSIVE
2026-01,36,0.3886503265394532,0.20985948367653795,0.17879084286291524,0.14222972387381994,0.11651827042184833,-0.039468685536223846,-0.08325822739561539,AGGRESSIVE
2026-02,36,0.4249051919226632,0.2166474268442098,0.2082577650784534,0.14221134292191784,0.11487198379403922,-0.03946868553622396,-0.08325822739561517,AGGRESSIVE
2026-03,36,0.4392140651857772,0.18185268890915807,0.25736137627661915,0.14090705187526875,0.12040400927932603,-0.039468685536223846,-0.08325822739561539,AGGRESSIVE
2026-04,36,0.48526467384055794,0.21543017343716198,0.26983450040339596,0.1354778091738285,0.13124750387646597,-0.039468685536223846,-0.08325822739561528,AGGRESSIVE
2026-05,36,0.4394174624439584,0.2344910352424716,0.2049264272014868,0.14150193830704172,0.1326046714092564,-0.04012246173687539,-0.0832582273956155,AGGRESSIVE
2026-06,36,0.4484363921085597,0.20476105483392204,0.24367533727463764,0.14537254554583082,0.1306711480876373,-0.04012246173687539,-0.08325822739561528,AGGRESSIVE
2026-07,36,0.39848014146856214,0.19203386585984883,0.20644627560871331,0.15224884552724022,0.13061454705021133,-0.05031399116742008,-0.0757899316873828,AGGRESSIVE
2026-08,36,0.39630886646824925,0.20917499388040306,0.1871338725878462,0.15264395114357657,0.12939411151956903,-0.060901486260899085,-0.07578993168738268,AGGRESSIVE
2026-09,36,0.41082450893153655,0.2305963341315953,0.18022817479994124,0.15147168742824652,0.12395394292951373,-0.060901486260899196,-0.07578993168738268,AGGRESSIVE
2017-02,36,0.1223933453104249,0.1050016687793145,0.0173916765311104,0.11735923700997654,0.10394331011730985,-0.09498519528171323,-0.08491111980164268,CONTROLLED
2017-03,36,0.1437057217707347,0.10242191258626021,0.041283809184474496,0.11206937553824796,0.10403432213073477,-0.09498519528171312,-0.08491111980164268,CONTROLLED
2017-04,36,0.15010735201204484,0.10350645697382688,0.04660089503821796,0.11183742431818618,0.10403240788722247,-0.09498519528171323,-0.08491111980164268,CONTROLLED
2017-05,36,0.14867870627091961,0.10022768640009816,0.048451019870821455,0.11151118804660656,0.10372896323800938,-0.09498519528171312,-0.08491111980164257,CONTROLLED
2017-06,36,0.1293753677852565,0.09507603906499584,0.03429932872026065,0.11228179887601165,0.10347936321931904,-0.09498519528171334,-0.08491111980164268,CONTROLLED
2017-07,36,0.1564204680458301,0.10751106706275837,0.04890940098307173,0.11782443962332088,0.10292143987057849,-0.09498519528171356,-0.08491111980164257,CONTROLLED
2017-08,36,0.12824780447275885,0.09437654546702956,0.03387125900572929,0.11163255128046005,0.10136009600842608,-0.09498519528171312,-0.08491111980164257,CONTROLLED
2017-09,36,0.15665491424413447,0.10679150209275323,0.04986341215138124,0.10272149434162131,0.10075543720201999,-0.09498519528171312,-0.08491111980164279,CONTROLLED
2017-10,36,0.16740471774984345,0.10679646889007244,0.06060824885977101,0.10314499974275744,0.10075612455842595,-0.09498519528171323,-0.08491111980164268,CONTROLLED
2017-11,36,0.16702193235155915,0.10790640050512845,0.0591155318464307,0.10318925855200649,0.10096730144999408,-0.09498519528171323,-0.08491111980164257,CONTROLLED
2017-12,36,0.1744809823421858,0.1133092093848922,0.06117177295729359,0.10248366951013196,0.10074832534326494,-0.09498519528171323,-0.08491111980164257,CONTROLLED
2018-01,36,0.21621647722039428,0.14526781038990633,0.07094866683048795,0.12210528082674785,0.10155820003024126,-0.09498519528171345,-0.08491111980164279,CONTROLLED
2018-02,36,0.1990035367880969,0.11078326497472002,0.08822027181337688,0.12057770408568616,0.10173713271327438,-0.09498519528171312,-0.08491111980164268,CONTROLLED
2018-03,36,0.20051631432933426,0.10636249352231197,0.09415382080702228,0.12025996282260776,0.10293733354807108,-0.09498519528171345,-0.08491111980164268,CONTROLLED
2018-04,36,0.1851420930898784,0.10465604173394749,0.0804860513559309,0.11853364843804202,0.1029578191694066,-0.09498519528171312,-0.08491111980164257,CONTROLLED
2018-05,36,0.17784140277705074,0.10880405820869621,0.06903734456835453,0.11865638829231348,0.1033259173396295,-0.09498519528171301,-0.08491111980164268,CONTROLLED
2018-06,36,0.18159589886803507,0.11855077459080521,0.06304512427722986,0.11876653612649346,0.1018700724471626,-0.09498519528171323,-0.08491111980164257,CONTROLLED
2018-07,36,0.17397401155042025,0.12379758427246035,0.0501764272779599,0.11916946973846797,0.10283000044504305,-0.08040575357081503,-0.06697993246405876,CONTROLLED
2018-08,36,0.20010953154928757,0.15968633331637516,0.040423198232912405,0.11739335675147197,0.0944353370933107,-0.08040575357081503,-0.06697993246405876,CONTROLLED
2018-09,36,0.21967472200640348,0.1720345395387579,0.047640182467645564,0.1133754615548478,0.09177057761599473,-0.08040575357081514,-0.06697993246405864,CONTROLLED
2018-10,36,0.1872831283829972,0.11366911397454538,0.07361401440845183,0.11745080830700347,0.09378346026345359,-0.08040575357081503,-0.06910442393564453,CONTROLLED
2018-11,36,0.18564643190887464,0.11915116318246866,0.06649526872640599,0.11754015601504804,0.09386651791485011,-0.055680078238534825,-0.06910442393564453,CONTROLLED
2018-12,36,0.17244933833729736,0.09161559353374615,0.08083374480355121,0.12273893664070262,0.10859830114404918,-0.09226049513117085,-0.13532099886114823,CONTROLLED
2019-01,36,0.2104221171205758,0.13923359740054275,0.07118851972003304,0.11633618525471676,0.11083743429929618,-0.09226049513117085,-0.13532099886114834,CONTROLLED
2019-02,36,0.2181735849396671,0.1517297706538796,0.0664438142857875,0.11655605784876119,0.11123863666658224,-0.09226049513117074,-0.13532099886114834,CONTROLLED
2019-03,36,0.2017054634920994,0.13376536667666894,0.06794009681543045,0.11299674511919708,0.10643450001325055,-0.09226049513117074,-0.13532099886114834,CONTROLLED
2019-04,36,0.18901793736053207,0.1474934518990696,0.04152448546146248,0.1121625605632817,0.1077229769874511,-0.09226049513117085,-0.13532099886114823,CONTROLLED
2019-05,36,0.17149485578743673,0.11626887927414953,0.0552259765132872,0.12085072049976721,0.11619964859493838,-0.09226049513117085,-0.13532099886114834,CONTROLLED
2019-06,36,0.1911094359506258,0.1402633766931829,0.0508460592574429,0.12480921795907214,0.12113709744016611,-0.09226049513117085,-0.13532099886114846,CONTROLLED
2019-07,36,0.17372300576117272,0.13237894601321076,0.04134405974796196,0.12349597009012797,0.12025815552095508,-0.09226049513117074,-0.13532099886114834,CONTROLLED
2019-08,36,0.17356289207502074,0.12557441457144347,0.047988477503577265,0.12351123312988031,0.121202256562004,-0.09226049513117085,-0.13532099886114834,CONTROLLED
2019-09,36,0.16618234393728315,0.1328060294783091,0.033376314458974043,0.1239711877595491,0.12114626941840612,-0.09226049513117085,-0.13532099886114846,CONTROLLED
2019-10,36,0.14359619158078019,0.14776384405101406,-0.0041676524702338735,0.12095321898680901,0.12011360663394224,-0.09226049513117085,-0.13532099886114834,CONTROLLED
2019-11,36,0.13808363912253863,0.1475274326018179,-0.009443793479279261,0.12115968990150199,0.12006901341307363,-0.09226049513117085,-0.13532099886114846,CONTROLLED
2019-12,36,0.15026285924287208,0.15081108551001954,-0.0005482262671474558,0.121374694940183,0.12038002989017271,-0.09226049513117085,-0.13532099886114834,CONTROLLED
2020-01,36,0.1256208482589911,0.14387342020741278,-0.01825257194842167,0.12463136339537767,0.12055552306609771,-0.09226049513117085,-0.13532099886114834,CONTROLLED
2020-02,36,0.11214594981094428,0.09864988074299808,0.013496069067946204,0.12583563925416263,0.13031841811772826,-0.09226049513117085,-0.13532099886114834,CONTROLLED
2020-03,36,0.09290287861697255,0.050434879347464046,0.042467999269508505,0.1296842457212,0.15138753076334338,-0.10053517759166986,-0.19447688715318667,CONTROLLED
2020-04,36,0.13247227401217132,0.08954482620642867,0.04292744780574265,0.14763053157286554,0.16696010641828513,-0.10053517759166997,-0.19447688715318656,CONTROLLED
2020-05,36,0.1302815068501295,0.10142367894776827,0.028857827902361244,0.1473028637709672,0.1684746515209808,-0.10053517759166997,-0.19447688715318667,CONTROLLED
2020-06,36,0.15521219135892284,0.10555227460037742,0.04965991675854542,0.14762006820726323,0.16853582653180663,-0.10053517759167008,-0.19447688715318667,CONTROLLED
2020-07,36,0.1534935630983445,0.11922619549405322,0.03426736760429128,0.1469683204033964,0.17083069638702988,-0.10053517759166997,-0.19447688715318678,CONTROLLED
2020-08,36,0.1721455351184209,0.14357117691219456,0.028574358206226336,0.1482729708340045,0.17412740855151823,-0.10053517759166986,-0.19447688715318656,CONTROLLED
2020-09,36,0.1524150744112165,0.12163263587484718,0.030782438536369305,0.15160166481948284,0.17641843071425792,-0.10053517759166997,-0.19447688715318678,CONTROLLED
2020-10,36,0.13125279165997794,0.10363047770692968,0.02762231395304826,0.15264316620903123,0.17744277981377704,-0.10053517759166997,-0.19447688715318667,CONTROLLED
2020-11,36,0.16574806559101374,0.130871142093977,0.03487692349703675,0.1596631285469397,0.1861517450878714,-0.10053517759166997,-0.19447688715318656,CONTROLLED
2020-12,36,0.18091239717534857,0.1400775285629905,0.04083486861235808,0.16118308548148963,0.18672588416600477,-0.10053517759166997,-0.19447688715318656,CONTROLLED
2021-01,36,0.13601933388936294,0.11561504945629908,0.020404284433063857,0.14636384764038562,0.18530271963266037,-0.10053517759166986,-0.19447688715318667,CONTROLLED
2021-02,36,0.13705758909776966,0.13984681708710633,-0.0027892279893366734,0.14634139083317554,0.1834261558474364,-0.10053517759167019,-0.19447688715318656,CONTROLLED
2021-03,36,0.1439913285837533,0.16760878652313238,-0.023617457939379083,0.1457023855754607,0.18283221909622274,-0.10053517759167008,-0.19447688715318656,CONTROLLED
2021-04,36,0.14572419902884204,0.18580943895974378,-0.04008523993090174,0.1457094237172266,0.18408257230451344,-0.10053517759167008,-0.19447688715318656,CONTROLLED
2021-05,36,0.15811071564990087,0.1789227936938158,-0.02081207804391494,0.14622235803785186,0.1840827284824415,-0.10053517759166997,-0.19447688715318667,CONTROLLED
2021-06,36,0.1709798462914882,0.18540306230004,-0.014423216008551787,0.14837503528594237,0.18404115401575985,-0.10053517759167019,-0.19447688715318645,CONTROLLED
2021-07,36,0.17892906413412835,0.18056948210084922,-0.0016404179667208751,0.1480525740374387,0.1836819565344994,-0.10053517759167019,-0.19447688715318667,CONTROLLED
2021-08,36,0.17487490041261844,0.17974523949172982,-0.004870339079111385,0.14758094078934106,0.18361920892151334,-0.10053517759167008,-0.19447688715318656,CONTROLLED
2021-09,36,0.1563893655067754,0.15883342798743172,-0.002444062480656317,0.1502840457713385,0.18700738184727378,-0.10053517759167008,-0.19447688715318656,CONTROLLED
2021-10,36,0.19177965828296428,0.21395909922763368,-0.022179440944669393,0.1481516308396733,0.18308697386535405,-0.10053517759166997,-0.19447688715318667,CONTROLLED
2021-11,36,0.20004425251020286,0.20330419891544427,-0.0032599464052414096,0.14815659446908824,0.18368490776114932,-0.10053517759166997,-0.19447688715318667,CONTROLLED
2021-12,36,0.22818578670531453,0.25968826310674675,-0.03150247640143222,0.14148402211694464,0.17345221713694642,-0.10053517759167019,-0.19447688715318667,CONTROLLED
2022-01,36,0.17908988574144447,0.20578318392327222,-0.02669329818182775,0.151885344173204,0.17479693766913626,-0.10053517759166997,-0.19447688715318656,CONTROLLED
2022-02,36,0.17586298969519,0.18117342337694486,-0.005310433681754878,0.15166441787118734,0.1765676440020936,-0.10053517759167008,-0.19447688715318656,CONTROLLED
2022-03,36,0.18437537699010065,0.18866310601315783,-0.004287729023057185,0.15264857895713987,0.1770338497335688,-0.10053517759166997,-0.19447688715318667,CONTROLLED
2022-04,36,0.17010605586098593,0.1375328622772054,0.032573193583780524,0.15465912187687073,0.18612959112004526,-0.10053517759167008,-0.19447688715318656,CONTROLLED
2022-05,36,0.2138523931379337,0.16366968765090162,0.050182705487032075,0.14515060842349312,0.1807135001763955,-0.10053517759166986,-0.19447688715318645,CONTROLLED
2022-06,36,0.13465013730772557,0.10568824909941066,0.028961888208314912,0.16439317725010122,0.18593638489106515,-0.14199386737361486,-0.19981330218516324,CONTROLLED
2022-07,36,0.16993316724837193,0.1329554395480288,0.03697772770034313,0.17182822560899932,0.1919030554070936,-0.14199386737361486,-0.19981330218516324,CONTROLLED
2022-08,36,0.17664316803118396,0.12363840691685124,0.05300476111433272,0.17163677889286302,0.19363161108453184,-0.14199386737361486,-0.19981330218516347,CONTROLLED
2022-09,36,0.15099102716878487,0.0809218764385462,0.07006915073023867,0.17791977070651196,0.20258449333823814,-0.14199386737361475,-0.2392718238921986,CONTROLLED
2022-10,36,0.2000834115696286,0.1013904523298641,0.09869295923976451,0.19085841017059163,0.2068151982781304,-0.14199386737361486,-0.2392718238921986,CONTROLLED
2022-11,36,0.2121427871956203,0.10821921777305876,0.10392356942256153,0.19071292680141458,0.2079630568303796,-0.14199386737361475,-0.2392718238921987,CONTROLLED
2022-12,36,0.18475192468359913,0.07618475778530387,0.10856716689829526,0.19320259245781782,0.21128700783016566,-0.14199386737361486,-0.23927182389219848,CONTROLLED
2023-01,36,0.22238810766661943,0.09843507071868185,0.12395303694793758,0.1917338218440284,0.21357601395444656,-0.14199386737361464,-0.2392718238921986,CONTROLLED
2023-02,36,0.22635013869087595,0.1195090141354298,0.10684112455544614,0.19115334416774524,0.20807474998383704,-0.14199386737361475,-0.23927182389219848,CONTROLLED
2023-03,36,0.24306467533821596,0.18469726391871744,0.05836741141949853,0.18799073354303236,0.19215962489202917,-0.14199386737361475,-0.2392718238921986,CONTROLLED
2023-04,36,0.18258756485993066,0.1444474631768362,0.03814010168309445,0.17790840160416196,0.18045201712248662,-0.14199386737361486,-0.23927182389219848,CONTROLLED
2023-05,36,0.17231032555792702,0.1285596778856437,0.043750647672283316,0.1777379038905306,0.17929556006177363,-0.14199386737361475,-0.23927182389219848,CONTROLLED
2023-06,36,0.17968725310031797,0.1456949384902717,0.03399231461004626,0.17935450160040825,0.1819028472308781,-0.14199386737361486,-0.2392718238921987,CONTROLLED
2023-07,36,0.16955435179308265,0.13618181731734835,0.033372534475734295,0.17722442822712575,0.1802467702502358,-0.14199386737361486,-0.2392718238921987,CONTROLLED
2023-08,36,0.15099702121462988,0.10486364243124391,0.04613337878338597,0.1761522656309058,0.17761624837685946,-0.14199386737361486,-0.2392718238921986,CONTROLLED
2023-09,36,0.164205784414428,0.10102772036974472,0.06317806404468329,0.17370214814712137,0.1786148162836864,-0.14199386737361486,-0.2392718238921988,CONTROLLED
2023-10,36,0.16670437592231835,0.10224025345391996,0.06446412246839839,0.17326572918062824,0.17841220009817652,-0.14199386737361486,-0.2392718238921986,CONTROLLED
2023-11,36,0.15612234162163463,0.09643286397446671,0.05968947764716792,0.16942343495364284,0.17534156680290647,-0.14199386737361464,-0.2392718238921986,CONTROLLED
2023-12,36,0.1536204185299066,0.09945780120122527,0.05416261732868133,0.16893223907472035,0.175884016053014,-0.14199386737361497,-0.2392718238921986,CONTROLLED
2024-01,36,0.17104239451236491,0.10904411900672817,0.061998275505636746,0.17026548984777737,0.17554333745946482,-0.14199386737361464,-0.23927182389219848,CONTROLLED
2024-02,36,0.17895364690277438,0.11774504951036957,0.06120859739240481,0.17047577130281993,0.17695395178524087,-0.14199386737361486,-0.2392718238921987,CONTROLLED
2024-03,36,0.18960113611117424,0.11320135183951807,0.07639978427165617,0.17071667746217856,0.17624811622669043,-0.14199386737361464,-0.2392718238921987,CONTROLLED
2024-04,36,0.18600970933633154,0.07932467184838798,0.10668503748794356,0.17081029008495544,0.17672809414277244,-0.14199386737361497,-0.2392718238921986,CONTROLLED
2024-05,36,0.17918629313047685,0.09483233890223097,0.08435395422824588,0.17039464261603618,0.17845395059265734,-0.14199386737361497,-0.2392718238921986,CONTROLLED
2024-06,36,0.1633405322428414,0.09940105689200318,0.06393947535083822,0.1685021138688464,0.1789422876631625,-0.14199386737361497,-0.2392718238921986,CONTROLLED
2024-07,36,0.15476547768207682,0.09498188241501682,0.05978359526706001,0.16881531850969295,0.17872523950088479,-0.14199386737361475,-0.2392718238921986,CONTROLLED
2024-08,36,0.15653945896380472,0.0927108028575705,0.06382865610623423,0.16898214054627583,0.17850722356485452,-0.14199386737361486,-0.23927182389219848,CONTROLLED
2024-09,36,0.17423269091982285,0.11795304560775222,0.056279645312070636,0.16657038116740217,0.17556769154327656,-0.14199386737361486,-0.2392718238921987,CONTROLLED
2024-10,36,0.15511176838283114,0.08970570140886314,0.065406066973968,0.16549098624859557,0.1722734588605648,-0.14199386737361475,-0.23927182389219837,CONTROLLED
2024-11,36,0.1723137551628271,0.1139414043051632,0.0583723508576639,0.16892234463313716,0.17447711171030975,-0.14199386737361486,-0.2392718238921986,CONTROLLED
2024-12,36,0.15633061313658847,0.08840820691148954,0.06792240622509893,0.17096204751668495,0.17422843782554917,-0.12783268707909468,-0.20246994592948386,CONTROLLED
2025-01,36,0.21056857254039452,0.11807828558125144,0.09249028695914308,0.16314608693441293,0.1706890291902919,-0.12783268707909468,-0.20246994592948386,CONTROLLED
2025-02,36,0.20656422188071422,0.12450136900401931,0.0820628528766949,0.16314699760190515,0.1696087672051668,-0.12783268707909468,-0.20246994592948386,CONTROLLED
2025-03,36,0.18516601186779447,0.08972879400374922,0.09543721786404524,0.16290412293952025,0.1731121706790753,-0.12783268707909468,-0.12947580732442365,CONTROLLED
2025-04,36,0.20332032525387245,0.12035643991338052,0.08296388534049193,0.16082094062963626,0.16381989066790525,-0.12783268707909468,-0.12947580732442376,CONTROLLED
2025-05,36,0.19707719135062796,0.14249193461113285,0.0545852567394951,0.16060559197764895,0.16647484988272912,-0.06817228963290889,-0.12947580732442376,CONTROLLED
2025-06,36,0.26569368097388124,0.1955440252503149,0.07014965572356635,0.13609326837179697,0.1580813730553245,-0.06817228963290878,-0.12947580732442376,CONTROLLED
2025-07,36,0.2271738167127153,0.16979426167326572,0.05737955503944958,0.12822064994375137,0.1515800747210849,-0.06817228963290889,-0.09244592114023042,CONTROLLED
2025-08,36,0.24006061673893497,0.19420937415505657,0.045851242583878404,0.1295664773127957,0.14806086711948038,-0.04211510837756893,-0.08325822739561528,CONTROLLED
2025-09,36,0.28699240528835324,0.24792885896504036,0.03906354632331288,0.11942422879558924,0.13373185906013224,-0.042115108377569155,-0.08325822739561539,CONTROLLED
2025-10,36,0.23146848965078104,0.22542865313964322,0.006039836511137819,0.10025957401134956,0.1286263940148398,-0.042115108377569044,-0.08325822739561528,CONTROLLED
2025-11,36,0.2257565486601638,0.20430939464434572,0.021447154015818093,0.10001909401290911,0.12693297598191308,-0.04211510837756938,-0.08325822739561517,CONTROLLED
2025-12,36,0.23963417961324196,0.228700597134593,0.010933582478648951,0.09546100942082301,0.11953915849571656,-0.042115108377569044,-0.08325822739561517,CONTROLLED
2026-01,36,0.24566398144088097,0.20985948367653795,0.035804497764343024,0.09791382228047738,0.11651827042184833,-0.03181116134058981,-0.08325822739561539,CONTROLLED
2026-02,36,0.2690147313349498,0.2166474268442098,0.05236730449074001,0.09752810162360293,0.11487198379403922,-0.03125681338197073,-0.08325822739561517,CONTROLLED
2026-03,36,0.2748385892345113,0.18185268890915807,0.09298590032535325,0.09660767015387121,0.12040400927932603,-0.03125681338197073,-0.08325822739561539,CONTROLLED
2026-04,36,0.29811454420889416,0.21543017343716198,0.08268437077173219,0.09243877640066823,0.13124750387646597,-0.03125681338197073,-0.08325822739561528,CONTROLLED
2026-05,36,0.2871316338017351,0.2344910352424716,0.05264059855926351,0.09517880279389532,0.1326046714092564,-0.03125681338197073,-0.0832582273956155,CONTROLLED
2026-06,36,0.2855911923886667,0.20476105483392204,0.08083013755474466,0.09457471777274247,0.1306711480876373,-0.03125681338197073,-0.08325822739561528,CONTROLLED
2017-02,36,0.17371486120983204,0.1050016687793145,0.06871319243051754,0.1676281539906321,0.10394331011730985,-0.1350275748037546,-0.08491111980164268,CORE
2017-03,36,0.20594198724011448,0.10242191258626021,0.10352007465385427,0.1600779803207573,0.10403432213073477,-0.13502757480375482,-0.08491111980164268,CORE
2017-04,36,0.21548086912836162,0.10350645697382688,0.11197441215453474,0.15974620113888752,0.10403240788722247,-0.13502757480375438,-0.08491111980164268,CORE
2017-05,36,0.21326040177853756,0.10022768640009816,0.1130327153784394,0.15925940464225527,0.10372896323800938,-0.13502757480375438,-0.08491111980164257,CORE
2017-06,36,0.18420736318920472,0.09507603906499584,0.08913132412420888,0.16037581554217398,0.10347936321931904,-0.13502757480375438,-0.08491111980164268,CORE
2017-07,36,0.22420854357789866,0.10751106706275837,0.11669747651514029,0.16825462806064054,0.10292143987057849,-0.1350275748037546,-0.08491111980164257,CORE
2017-08,36,0.18230963572855385,0.09437654546702956,0.0879330902615243,0.15940178139397126,0.10136009600842608,-0.13502757480375438,-0.08491111980164257,CORE
2017-09,36,0.22545014342034397,0.10679150209275323,0.11865864132759074,0.14668848187867434,0.10075543720201999,-0.1350275748037546,-0.08491111980164279,CORE
2017-10,36,0.24148084547976678,0.10679646889007244,0.13468437658969434,0.1472788117587721,0.10075612455842595,-0.1350275748037545,-0.08491111980164268,CORE
2017-11,36,0.2407573534390044,0.10790640050512845,0.13285095293387594,0.14735776950951734,0.10096730144999408,-0.1350275748037545,-0.08491111980164257,CORE
2017-12,36,0.25193133848538807,0.1133092093848922,0.13862212910049587,0.14635872919116216,0.10074832534326494,-0.1350275748037546,-0.08491111980164257,CORE
2018-01,36,0.3139937028925044,0.14526781038990633,0.16872589250259806,0.17428700919232942,0.10155820003024126,-0.1350275748037546,-0.08491111980164279,CORE
2018-02,36,0.28761322726924,0.11078326497472002,0.17682996229451997,0.17209846041059576,0.10173713271327438,-0.1350275748037545,-0.08491111980164268,CORE
2018-03,36,0.2897238746166553,0.10636249352231197,0.1833613810943433,0.17168704520719233,0.10293733354807108,-0.1350275748037547,-0.08491111980164268,CORE
2018-04,36,0.26623275328400453,0.10465604173394749,0.16157671155005704,0.16920828983126424,0.1029578191694066,-0.1350275748037547,-0.08491111980164257,CORE
2018-05,36,0.2549112611165587,0.10880405820869621,0.1461072029078625,0.1693940275879902,0.1033259173396295,-0.1350275748037546,-0.08491111980164268,CORE
2018-06,36,0.26034174463980775,0.11855077459080521,0.14179097004900254,0.16954206601264885,0.1018700724471626,-0.1350275748037546,-0.08491111980164257,CORE
2018-07,36,0.248491750299346,0.12379758427246035,0.12469416602688566,0.17013929496263733,0.10283000044504305,-0.11405346851145393,-0.06697993246405876,CORE
2018-08,36,0.2880245562997614,0.15968633331637516,0.12833822298338626,0.1675989696038909,0.0944353370933107,-0.11405346851145381,-0.06697993246405876,CORE
2018-09,36,0.3180105909948714,0.1720345395387579,0.14597605145611348,0.16190108004671735,0.09177057761599473,-0.11405346851145381,-0.06697993246405864,CORE
2018-10,36,0.26787876226125995,0.11366911397454538,0.15420964828671457,0.16779629204519397,0.09378346026345359,-0.11405346851145393,-0.06910442393564453,CORE
2018-11,36,0.265067672760265,0.11915116318246866,0.14591650957779634,0.16794162402019527,0.09386651791485011,-0.07958582605504982,-0.06910442393564453,CORE
2018-12,36,0.24426388023928958,0.09161559353374615,0.15264828670554342,0.17549909586796414,0.10859830114404918,-0.1328287228208792,-0.13532099886114823,CORE
2019-01,36,0.302142031570217,0.13923359740054275,0.16290843416967427,0.16638512073411083,0.11083743429929618,-0.13282872282087932,-0.13532099886114834,CORE
2019-02,36,0.31368134734311837,0.1517297706538796,0.16195157668923876,0.16668763281077303,0.11123863666658224,-0.13282872282087943,-0.13532099886114834,CORE
2019-03,36,0.28852524613711994,0.13376536667666894,0.154759879460451,0.16155530819328195,0.10643450001325055,-0.13282872282087932,-0.13532099886114834,CORE
2019-04,36,0.2689639567565991,0.1474934518990696,0.12147050485752953,0.16034911374425934,0.1077229769874511,-0.13282872282087943,-0.13532099886114823,CORE
2019-05,36,0.24124333557572086,0.11626887927414953,0.12497445630157134,0.1729278024102028,0.11619964859493838,-0.13282872282087943,-0.13532099886114834,CORE
2019-06,36,0.27027136721823486,0.1402633766931829,0.13000799052505196,0.17852575778988777,0.12113709744016611,-0.13282872282087932,-0.13532099886114846,CORE
2019-07,36,0.2438307846782306,0.13237894601321076,0.11145183866501984,0.1766280599830384,0.12025815552095508,-0.13282872282087932,-0.13532099886114834,CORE
2019-08,36,0.24333979400132244,0.12557441457144347,0.11776537942987897,0.1766719314152329,0.121202256562004,-0.13282872282087932,-0.13532099886114834,CORE
2019-09,36,0.23192331446586456,0.1328060294783091,0.09911728498755545,0.177340399663216,0.12114626941840612,-0.1328287228208792,-0.13532099886114846,CORE
2019-10,36,0.19816508501553587,0.14776384405101406,0.05040124096452181,0.17297905183941753,0.12011360663394224,-0.13282872282087932,-0.13532099886114834,CORE
2019-11,36,0.18975816748718488,0.1475274326018179,0.042230734885366994,0.17326932460636382,0.12006901341307363,-0.13282872282087932,-0.13532099886114846,CORE
2019-12,36,0.2077009041968232,0.15081108551001954,0.05688981868680365,0.17359009234586126,0.12038002989017271,-0.13282872282087943,-0.13532099886114834,CORE
2020-01,36,0.17062650937985224,0.14387342020741278,0.02675308917243946,0.17822080341269794,0.12055552306609771,-0.13282872282087932,-0.13532099886114834,CORE
2020-02,36,0.15049882209696075,0.09864988074299808,0.051848941353962674,0.1799279730426011,0.13031841811772826,-0.13282872282087932,-0.13532099886114834,CORE
2020-03,36,0.12176603149002152,0.050434879347464046,0.07133115214255747,0.1854136560129342,0.15138753076334338,-0.14300239652114788,-0.19447688715318667,CORE
2020-04,36,0.17866678020861637,0.08954482620642867,0.0891219540021877,0.2111921264404202,0.16696010641828513,-0.14300239652114777,-0.19447688715318656,CORE
2020-05,36,0.17553634934247353,0.10142367894776827,0.07411267039470526,0.21073047752028806,0.1684746515209808,-0.143002396521148,-0.19447688715318667,CORE
2020-06,36,0.21263254759047934,0.10555227460037742,0.10708027299010192,0.2112496402793764,0.16853582653180663,-0.14300239652114777,-0.19447688715318667,CORE
2020-07,36,0.21022136498621613,0.11922619549405322,0.09099516949216291,0.21035095447421268,0.17083069638702988,-0.14300239652114788,-0.19447688715318678,CORE
2020-08,36,0.23812974844646861,0.14357117691219456,0.09455857153427405,0.21225988953334377,0.17412740855151823,-0.143002396521148,-0.19447688715318656,CORE
2020-09,36,0.2083928582817347,0.12163263587484718,0.08676022240688752,0.2169450796807597,0.17641843071425792,-0.14300239652114766,-0.19447688715318678,CORE
2020-10,36,0.1769864856851293,0.10363047770692968,0.07335600797819963,0.2183832538775234,0.17744277981377704,-0.14300239652114788,-0.19447688715318667,CORE
2020-11,36,0.22776512353483236,0.130871142093977,0.09689398144085537,0.2284883002754808,0.1861517450878714,-0.14300239652114788,-0.19447688715318656,CORE
2020-12,36,0.25048407032102404,0.1400775285629905,0.11040654175803355,0.2306953148040052,0.18672588416600477,-0.14300239652114777,-0.19447688715318656,CORE
2021-01,36,0.18493535723119425,0.11561504945629908,0.06932030777489517,0.20954795502231724,0.18530271963266037,-0.143002396521148,-0.19447688715318667,CORE
2021-02,36,0.18666216418463843,0.13984681708710633,0.0468153470975321,0.2095140264442569,0.1834261558474364,-0.14300239652114788,-0.19447688715318656,CORE
2021-03,36,0.1972362377592196,0.16760878652313238,0.029627451236087232,0.20859502773911354,0.18283221909622274,-0.14300239652114788,-0.19447688715318656,CORE
2021-04,36,0.20005032148466206,0.18580943895974378,0.014240882524918286,0.20860798296980687,0.18408257230451344,-0.14300239652114777,-0.19447688715318656,CORE
2021-05,36,0.21872064230733046,0.1789227936938158,0.03979784861351465,0.20936045303530165,0.1840827284824415,-0.14300239652114788,-0.19447688715318667,CORE
2021-06,36,0.2380343681080106,0.18540306230004,0.052631305807970596,0.21247699210837595,0.18404115401575985,-0.14300239652114777,-0.19447688715318645,CORE
2021-07,36,0.2503066389627031,0.18056948210084922,0.06973715686185389,0.21201033276512837,0.1836819565344994,-0.14300239652114777,-0.19447688715318667,CORE
2021-08,36,0.24452240451722917,0.17974523949172982,0.06477716502549935,0.21136708679614868,0.18361920892151334,-0.14300239652114788,-0.19447688715318656,CORE
2021-09,36,0.2167595277425951,0.15883342798743172,0.057926099755163385,0.21517612577689627,0.18700738184727378,-0.14300239652114788,-0.19447688715318656,CORE
2021-10,36,0.270612592141934,0.21395909922763368,0.05665349291430033,0.21210788514165252,0.18308697386535405,-0.14300239652114777,-0.19447688715318667,CORE
2021-11,36,0.2834619236185234,0.20330419891544427,0.08015772470307914,0.21211282592303884,0.18368490776114932,-0.143002396521148,-0.19447688715318667,CORE
2021-12,36,0.32754448793220736,0.25968826310674675,0.06785622482546061,0.20250642020182053,0.17345221713694642,-0.143002396521148,-0.19447688715318667,CORE
2022-01,36,0.2519749209866389,0.20578318392327222,0.046191737063366656,0.2173053140099296,0.17479693766913626,-0.14300239652114788,-0.19447688715318656,CORE
2022-02,36,0.2474433207588791,0.18117342337694486,0.06626989738193423,0.2170123998622322,0.1765676440020936,-0.14300239652114788,-0.19447688715318656,CORE
2022-03,36,0.2605137329338687,0.18866310601315783,0.07185062692071087,0.21844361120728123,0.1770338497335688,-0.14300239652114777,-0.19447688715318667,CORE
2022-04,36,0.23914288854705168,0.1375328622772054,0.10161002626984628,0.22127863329924358,0.18612959112004526,-0.14300239652114788,-0.19447688715318656,CORE
2022-05,36,0.3070141409948757,0.16366968765090162,0.14334445334397405,0.20756722535172997,0.1807135001763955,-0.14300239652114777,-0.19447688715318645,CORE
2022-06,36,0.185090558530022,0.10568824909941066,0.07940230943061133,0.23511878004148762,0.18593638489106515,-0.20468786476133993,-0.19981330218516324,CORE
2022-07,36,0.23723180061179638,0.1329554395480288,0.10427636106376759,0.24568538589740055,0.1919030554070936,-0.20468786476133993,-0.19981330218516324,CORE
2022-08,36,0.2472972452413369,0.12363840691685124,0.12365883832448565,0.24539348177094406,0.19363161108453184,-0.20468786476133982,-0.19981330218516347,CORE
2022-09,36,0.20794208141132242,0.0809218764385462,0.12702020497277622,0.2544429587126415,0.20258449333823814,-0.20468786476133993,-0.2392718238921986,CORE
2022-10,36,0.2802193818001304,0.1013904523298641,0.1788289294702663,0.27272297548118407,0.2068151982781304,-0.20468786476133982,-0.2392718238921986,CORE
2022-11,36,0.2982316592362233,0.10821921777305876,0.19001244146316454,0.2724815769986447,0.2079630568303796,-0.20468786476133993,-0.2392718238921987,CORE
2022-12,36,0.25605799052037836,0.07618475778530387,0.1798732327350745,0.27616463932004975,0.21128700783016566,-0.20468786476133982,-0.23927182389219848,CORE
2023-01,36,0.31293259259076867,0.09843507071868185,0.21449752187208682,0.27394909046884486,0.21357601395444656,-0.2046878647613397,-0.2392718238921986,CORE
2023-02,36,0.31863928040135003,0.1195090141354298,0.19913026626592023,0.27316573473051403,0.20807474998383704,-0.20468786476133993,-0.23927182389219848,CORE
2023-03,36,0.3442308550506943,0.18469726391871744,0.15953359113197685,0.2686795715552851,0.19215962489202917,-0.2046878647613397,-0.2392718238921986,CORE
2023-04,36,0.2528226346963367,0.1444474631768362,0.10837517151950049,0.2543141515451393,0.18045201712248662,-0.20468786476134004,-0.23927182389219848,CORE
2023-05,36,0.2367996676316888,0.1285596778856437,0.1082399897460451,0.25408401012069565,0.17929556006177363,-0.20468786476133993,-0.23927182389219848,CORE
2023-06,36,0.24704549282080013,0.1456949384902717,0.10135055433052842,0.25623992175317706,0.1819028472308781,-0.20468786476134004,-0.2392718238921987,CORE
2023-07,36,0.23137257054281335,0.13618181731734835,0.095190753225465,0.2530784240440597,0.1802467702502358,-0.20468786476133993,-0.2392718238921987,CORE
2023-08,36,0.20307704502966595,0.10486364243124391,0.09821340259842204,0.2515515983110812,0.17761624837685946,-0.20468786476133982,-0.2392718238921986,CORE
2023-09,36,0.22232145736207864,0.10102772036974472,0.12129373699233392,0.24815887359576996,0.1786148162836864,-0.20468786476133982,-0.2392718238921988,CORE
2023-10,36,0.2252783979941535,0.10224025345391996,0.12303814454023354,0.24766819238548893,0.17841220009817652,-0.20468786476133982,-0.2392718238921986,CORE
2023-11,36,0.20922867996301364,0.09643286397446671,0.11279581598854693,0.2419581890066011,0.17534156680290647,-0.20468786476133993,-0.2392718238921986,CORE
2023-12,36,0.20488512831247596,0.09945780120122527,0.10542732711125069,0.24112997741862924,0.175884016053014,-0.2046878647613397,-0.2392718238921986,CORE
2024-01,36,0.22989277130062802,0.10904411900672817,0.12084865229389985,0.24295692650162473,0.17554333745946482,-0.20468786476133993,-0.23927182389219848,CORE
2024-02,36,0.24096688992098136,0.11774504951036957,0.1232218404106118,0.24323632051039118,0.17695395178524087,-0.20468786476133982,-0.2392718238921987,CORE
2024-03,36,0.25613950889942716,0.11320135183951807,0.1429381570599091,0.2435622668478812,0.17624811622669043,-0.2046878647613397,-0.2392718238921987,CORE
2024-04,36,0.24991620296016692,0.07932467184838798,0.17059153111177894,0.24371844829147624,0.17672809414277244,-0.20468786476133993,-0.2392718238921986,CORE
2024-05,36,0.23900886905202534,0.09483233890223097,0.14417653014979437,0.2430782234493466,0.17845395059265734,-0.20468786476133982,-0.2392718238921986,CORE
2024-06,36,0.21494306515373274,0.09940105689200318,0.11554200826172956,0.2402775307583987,0.1789422876631625,-0.20468786476133982,-0.2392718238921986,CORE
2024-07,36,0.20142672250821514,0.09498188241501682,0.10644484009319832,0.24074707590898128,0.17872523950088479,-0.2046878647613397,-0.2392718238921986,CORE
2024-08,36,0.20324208324812654,0.0927108028575705,0.11053128039055604,0.24091414245177803,0.17850722356485452,-0.2046878647613397,-0.23927182389219848,CORE
2024-09,36,0.2290793112503473,0.11795304560775222,0.11112626564259509,0.23758462852524984,0.17556769154327656,-0.20468786476133982,-0.2392718238921987,CORE
2024-10,36,0.2001950111141595,0.08970570140886314,0.11048930970529636,0.23596108790334278,0.1722734588605648,-0.20468786476133993,-0.23927182389219837,CORE
2024-11,36,0.2246636390828396,0.1139414043051632,0.1107222347776764,0.2407864639665021,0.17447711171030975,-0.20468786476133993,-0.2392718238921986,CORE
2024-12,36,0.20011780779638322,0.08840820691148954,0.11170960088489368,0.24374023191182428,0.17422843782554917,-0.18287526725584957,-0.20246994592948386,CORE
2025-01,36,0.28132015772599983,0.11807828558125144,0.1632418721447484,0.23280933600203305,0.1706890291902919,-0.18287526725584957,-0.20246994592948386,CORE
2025-02,36,0.2747209219243647,0.12450136900401931,0.1502195529203454,0.23279421258401523,0.1696087672051668,-0.18287526725584957,-0.20246994592948386,CORE
2025-03,36,0.24217040235368636,0.08972879400374922,0.15244160834993714,0.2323550159870546,0.1731121706790753,-0.18287526725584957,-0.12947580732442365,CORE
2025-04,36,0.26889477193472544,0.12035643991338052,0.14853833202134492,0.22951438724611267,0.16381989066790525,-0.18287526725584957,-0.12947580732442376,CORE
2025-05,36,0.25897007401561045,0.14249193461113285,0.1164781394044776,0.22916216559257213,0.16647484988272912,-0.09820327090415548,-0.12947580732442376,CORE
2025-06,36,0.3655418134341559,0.1955440252503149,0.16999778818384104,0.1945832842815086,0.1580813730553245,-0.09820327090415548,-0.12947580732442376,CORE
2025-07,36,0.30718239981656925,0.16979426167326572,0.13738813814330353,0.18306810540297933,0.1515800747210849,-0.09820327090415548,-0.09244592114023042,CORE
2025-08,36,0.3262423092261384,0.19420937415505657,0.13203293507108183,0.18499299575219366,0.14806086711948038,-0.06418529996981603,-0.08325822739561528,CORE
2025-09,36,0.3988346324526655,0.24792885896504036,0.15090577348762513,0.1707229508919776,0.13373185906013224,-0.06418529996981592,-0.08325822739561539,CORE
2025-10,36,0.31504244013355054,0.22542865313964322,0.08961378699390732,0.14309165832792362,0.1286263940148398,-0.06418529996981592,-0.08325822739561528,CORE
2025-11,36,0.306390142660097,0.20430939464434572,0.10208074801575129,0.1427266571255632,0.12693297598191308,-0.06418529996981592,-0.08325822739561517,CORE
2025-12,36,0.32778676992699185,0.228700597134593,0.09908617279239884,0.13624281023011683,0.11953915849571656,-0.06418529996981559,-0.08325822739561517,CORE
2026-01,36,0.3368916847034795,0.20985948367653795,0.12703220102694157,0.13979932534790332,0.11651827042184833,-0.04832979840794138,-0.08325822739561539,CORE
2026-02,36,0.37273825527639715,0.2166474268442098,0.15609082843218736,0.13931503818217122,0.11487198379403922,-0.04623830483138669,-0.08325822739561517,CORE
2026-03,36,0.3818911978697641,0.18185268890915807,0.20003850896060604,0.13799335385067224,0.12040400927932603,-0.04623830483138669,-0.08325822739561539,CORE
2026-04,36,0.41825072250911277,0.21543017343716198,0.2028205490719508,0.1320745260305539,0.13124750387646597,-0.04623830483138669,-0.08325822739561528,CORE
2026-05,36,0.40115896818774055,0.2344910352424716,0.16666793294526894,0.13594595621429947,0.1326046714092564,-0.04623830483138669,-0.0832582273956155,CORE
2026-06,36,0.3990234054698847,0.20476105483392204,0.19426235063596264,0.13515541201773376,0.1306711480876373,-0.04623830483138669,-0.08325822739561528,CORE
2026-07,36,0.3686090392126804,0.19203386585984883,0.17657517335283157,0.1358839212543698,0.13061454705021133,-0.04623830483138658,-0.0757899316873828,CORE
2026-08,36,0.36574470464521713,0.20917499388040306,0.15656971076481407,0.13638259429451527,0.12939411151956903,-0.04623830483138658,-0.07578993168738268,CORE
2026-09,36,0.3829025871131797,0.2305963341315953,0.1523062529815844,0.13439221596207598,0.12395394292951373,-0.04623830483138669,-0.07578993168738268,CORE
