ticker,name,class,motor,sector,sec_match,sec_ticker,cik,sec_title
MSFT,Microsoft Corporation,CEDEAR,Fundamental,Tecnologico,True,MSFT,0000789019,MICROSOFT CORP
BRK-B,Berkshire Hathaway Inc. New,CEDEAR,Fundamental,Financiero,True,BRK-B,0001067983,BERKSHIRE HATHAWAY INC
PG,Procter & Gamble Company (The),CEDEAR,Fundamental,Consumo Masivo,True,PG,0000080424,PROCTER & GAMBLE Co
MELI,"MercadoLibre, Inc.",CEDEAR,Fundamental,Tecnologico,True,MELI,0001099590,MERCADOLIBRE INC
META,"Meta Platforms, Inc.",CEDEAR,Fundamental,Comunicacion,True,META,0001326801,"Meta Platforms, Inc."
AVGO,Broadcom Inc.,CEDEAR,Fundamental,IA / Semiconductores,True,AVGO,0001730168,Broadcom Inc.
AMZN,"Amazon.com, Inc.",CEDEAR,Fundamental,Consumo Discrecional,True,AMZN,0001018724,AMAZON COM INC
GE,GE Aerospace,CEDEAR,Fundamental,Industrial,True,GE,0000040545,GENERAL ELECTRIC CO
NKE,"Nike, Inc.",CEDEAR,Fundamental,Consumo Discrecional,True,NKE,0000320187,"NIKE, Inc."
DIS,Walt Disney Company (The),CEDEAR,Fundamental,Comunicacion,True,DIS,0001744489,Walt Disney Co
CAT,"Caterpillar, Inc.",CEDEAR,Fundamental,Industrial,True,CAT,0000018230,CATERPILLAR INC
MMM,3M Company,CEDEAR,Fundamental,Industrial,True,MMM,0000066740,3M CO
PFE,"Pfizer, Inc.",CEDEAR,Fundamental,Salud,True,PFE,0000078003,PFIZER INC
V,Visa Inc.,CEDEAR,Fundamental,Financiero,True,V,0001403161,VISA INC.
AXP,American Express Company,CEDEAR,Fundamental,Financiero,True,AXP,0000004962,AMERICAN EXPRESS CO
CAAP,Corporacion America Airports SA,CEDEAR,Fundamental,Industrial,True,CAAP,0001717393,CORPORACION AMERICA AIRPORTS S.A.
ABBV,AbbVie Inc.,CEDEAR,Fundamental,Salud,True,ABBV,0001551152,AbbVie Inc.
BABA,Alibaba Group Holding Limited,CEDEAR,Fundamental,Consumo Discrecional,True,BABA,0001577552,Alibaba Group Holding Ltd
COIN,COIN,CEDEAR,Alternativo,Cripto,True,COIN,0001679788,"Coinbase Global, Inc."
NFLX,"Netflix, Inc.",CEDEAR,Fundamental,Comunicacion,True,NFLX,0001065280,NETFLIX INC
GLOB,Globant S.A.,CEDEAR,Fundamental,Tecnologico,True,GLOB,0001557860,Globant S.A.
BA,Boeing Company (The),CEDEAR,Fundamental,Industrial,True,BA,0000012927,BOEING CO
NU,Nu Holdings Ltd.,CEDEAR,Fundamental,Financiero,True,NU,0001691493,Nu Holdings Ltd.
CIBR,CIBR,ETF,Alternativo,Tecnologico,False,,,
ORCL,Oracle Corporation,CEDEAR,Fundamental,Tecnologico,True,ORCL,0001341439,ORACLE CORP
NVDA,NVIDIA Corporation,CEDEAR,Fundamental,IA / Semiconductores,True,NVDA,0001045810,NVIDIA CORP
TSM,Taiwan Semiconductor Manufactur,CEDEAR,Fundamental,IA / Semiconductores,True,TSM,0001046179,TAIWAN SEMICONDUCTOR MANUFACTURING CO LTD
ETHA,ETHA,ETF,Alternativo,Cripto,True,ETHA,0002000638,iShares Ethereum Trust ETF
AMD,"Advanced Micro Devices, Inc.",CEDEAR,Fundamental,IA / Semiconductores,True,AMD,0000002488,ADVANCED MICRO DEVICES INC
ASML,ASML Holding N.V. - New York Re,CEDEAR,Fundamental,IA / Semiconductores,True,ASML,0000937966,ASML HOLDING NV
LAR,Lithium Argentina AG,CEDEAR,Fundamental,Materiales,True,LAR,0001440972,Lithium Argentina AG
SH,SH,ETF,Alternativo,Diversificado (ETF),False,,,
GLD,GLD,ETF,Alternativo,Otro,True,GLD,0001222333,SPDR GOLD TRUST
WMT,Walmart Inc.,CEDEAR,Fundamental,Consumo Masivo,True,WMT,0000104169,Walmart Inc.
XLF,XLF,ETF,Alternativo,Financiero,False,,,
XLI,XLI,ETF,Alternativo,Industrial,False,,,
XLE,XLE,ETF,Alternativo,Energia,False,,,
TM,Toyota Motor Corporation,CEDEAR,Fundamental,Consumo Discrecional,True,TM,0001094517,TOYOTA MOTOR CORP/
SONY,Sony Group Corporation,CEDEAR,Fundamental,Tecnologico,True,SONY,0000313838,Sony Group Corp
EWJ,EWJ,ETF,Alternativo,Diversificado (ETF),False,,,
PBR,Petroleo Brasileiro S.A. Petrob,CEDEAR,Fundamental,Energia,True,PBR,0001119639,PETROBRAS - PETROLEO BRASILEIRO SA
BBD,Banco Bradesco Sa,CEDEAR,Fundamental,Financiero,True,BBD,0001160330,BANK BRADESCO
SID,Companhia Siderurgica Nacional ,CEDEAR,Fundamental,Materiales,True,SID,0001049659,NATIONAL STEEL CO
VALE,VALE S.A.,CEDEAR,Fundamental,Materiales,True,VALE,0000917851,Vale S.A.
ARKK,ARKK,ETF,Alternativo,Diversificado (ETF),False,,,
EEM,EEM,ETF,Alternativo,Diversificado (ETF),False,,,
EWZ,EWZ,ETF,Alternativo,Diversificado (ETF),False,,,
ARM,Arm Holdings plc,CEDEAR,Fundamental,IA / Semiconductores,True,ARM,0001973239,ARM HOLDINGS PLC /UK
TXAR,TERNIUM ARGENTINA SA,Acción,Fundamental,Materiales,False,,,
PAMP,Pampa Energia S.A.,Acción,Fundamental,Energia,False,,,
CEPU,Central Puerto S.A.,Acción,Fundamental,Energia,True,CEPU,0001717161,CENTRAL PUERTO S.A.
ECOG,ECOGAS INVERSIONES SA,Acción,Fundamental,Energia,False,,,
CVX,Chevron Corporation,CEDEAR,Fundamental,Energia,True,CVX,0000093410,CHEVRON CORP
AAPL,Apple Inc.,CEDEAR,Fundamental,Tecnologico,True,AAPL,0000320193,Apple Inc.
SPCX,Space Exploration Technologies ,CEDEAR,Fundamental,Industrial,True,SPCX,0001181412,SPACE EXPLORATION TECHNOLOGIES CORP
GOOGL,Alphabet Inc.,CEDEAR,Fundamental,Tecnologico,True,GOOGL,0001652044,Alphabet Inc.
MU,"Micron Technology, Inc.",CEDEAR,Fundamental,IA / Semiconductores,True,MU,0000723125,MICRON TECHNOLOGY INC
ACN,Accenture plc,CEDEAR,Fundamental,Otro,True,ACN,0001467373,Accenture plc
COST,Costco Wholesale Corporation,CEDEAR,Fundamental,Consumo Masivo,True,COST,0000909832,COSTCO WHOLESALE CORP /NEW
LLY,Eli Lilly and Company,CEDEAR,Fundamental,Salud,True,LLY,0000059478,ELI LILLY & Co
TSLA,"Tesla, Inc.",CEDEAR,Fundamental,Tecnologico,True,TSLA,0001318605,"Tesla, Inc."
VIST,Vista Energy S.A.B. de C.V.,CEDEAR,Fundamental,Energia,True,VIST,0001762506,"Vista Energy, S.A.B. de C.V."
YPF,YPF Sociedad Anonima,Acción,Fundamental,Energia,True,YPF,0000904851,YPF SOCIEDAD ANONIMA
BYMA.BA,BOLSAS Y MERCADOS ARGENTINOS SA,Acción,Fundamental,Financiero,False,,,
PANW,"Palo Alto Networks, Inc.",CEDEAR,Fundamental,Tecnologico,True,PANW,0001327567,Palo Alto Networks Inc
KEEL,BITF,CEDEAR,Alternativo,Otro,True,KEEL,0001812477,Keel Infrastructure Corp.
BPC7D,BPC7D,Bono,Renta Fija,BONOS HD,False,,,
BPD7D,BPD7D,Bono,Renta Fija,BONOS HD,False,,,
GD30D,GD30D,Bono,Renta Fija,BONOS HD,False,,,
AL30D,AL30D,Bono,Renta Fija,BONOS HD,False,,,
AL35D,AL35D,Bono,Renta Fija,BONOS HD,False,,,
GD38D,GD38D,Bono,Renta Fija,BONOS HD,False,,,
GD41D,GD41D,Bono,Renta Fija,BONOS HD,False,,,
PNXCD,PNXCD,ON,Renta Fija,ONs,False,,,
PLC4D,PLC4D,ON,Renta Fija,ONs,False,,,
VSCVD,VSCVD,ON,Renta Fija,ONs,False,,,
YM34D,YM34D,ON,Renta Fija,ONs,False,,,
YMCXD,YMCXD,ON,Renta Fija,ONs,False,,,
IRCPD,IRCPD,ON,Renta Fija,ONs,False,,,
RUCDD,RUCDD,ON,Renta Fija,ONs,False,,,
RUCED,RUCED,ON,Renta Fija,ONs,False,,,
TLCMD,TLCMD,ON,Renta Fija,ONs,False,,,
TLCPD,TLCPD,ON,Renta Fija,ONs,False,,,
TLCTD,TLCTD,ON,Renta Fija,ONs,False,,,
DNCAD,DNCAD,ON,Renta Fija,ONs,False,,,
VSCPD,VSCPD,ON,Renta Fija,ONs,False,,,
CS47D,CS47D,ON,Renta Fija,ONs,False,,,
IRCOD,IRCOD,ON,Renta Fija,ONs,False,,,
ZZC1D,ZZC1D,ON,Renta Fija,ONs,False,,,
YM39D,YM39D,ON,Renta Fija,ONs,False,,,
AO27D,AO27D,Bono,Renta Fija,BONOS HD,False,,,
AO28D,AO28D,Bono,Renta Fija,BONOS HD,False,,,
GD29D,GD29D,Bono,Renta Fija,BONOS HD,False,,,
AL29D,AL29D,Bono,Renta Fija,BONOS HD,False,,,
ADBE,Adobe Inc.,Acción USA/ADR,Fundamental,Tecnologico,True,ADBE,0000796343,ADOBE INC.
CRM,"Salesforce, Inc.",Acción USA/ADR,Fundamental,Tecnologico,True,CRM,0001108524,"Salesforce, Inc."
INTU,Intuit Inc.,Acción USA/ADR,Fundamental,Tecnologico,True,INTU,0000896878,INTUIT INC.
NOW,"ServiceNow, Inc.",Acción USA/ADR,Fundamental,Tecnologico,True,NOW,0001373715,"ServiceNow, Inc."
IBM,International Business Machines,Acción USA/ADR,Fundamental,Tecnologico,True,IBM,0000051143,INTERNATIONAL BUSINESS MACHINES CORP
CSCO,"Cisco Systems, Inc.",Acción USA/ADR,Fundamental,Tecnologico,True,CSCO,0000858877,"CISCO SYSTEMS, INC."
QCOM,QUALCOMM Incorporated,Acción USA/ADR,Fundamental,Tecnologico,True,QCOM,0000804328,QUALCOMM INC/DE
TXN,Texas Instruments Incorporated,Acción USA/ADR,Fundamental,Tecnologico,True,TXN,0000097476,TEXAS INSTRUMENTS INC
ADI,"Analog Devices, Inc.",Acción USA/ADR,Fundamental,Tecnologico,True,ADI,0000006281,ANALOG DEVICES INC
ANET,"Arista Networks, Inc.",Acción USA/ADR,Fundamental,Tecnologico,True,ANET,0001596532,"Arista Networks, Inc."
PLTR,Palantir Technologies Inc.,Acción USA/ADR,Fundamental,Tecnologico,True,PLTR,0001321655,Palantir Technologies Inc.
CRWD,"CrowdStrike Holdings, Inc.",Acción USA/ADR,Fundamental,Tecnologico,True,CRWD,0001535527,"CrowdStrike Holdings, Inc."
FTNT,"Fortinet, Inc.",Acción USA/ADR,Fundamental,Tecnologico,True,FTNT,0001262039,"Fortinet, Inc."
SNPS,"Synopsys, Inc.",Acción USA/ADR,Fundamental,Tecnologico,True,SNPS,0000883241,SYNOPSYS INC
CDNS,"Cadence Design Systems, Inc.",Acción USA/ADR,Fundamental,Tecnologico,True,CDNS,0000813672,CADENCE DESIGN SYSTEMS INC
ROP,"Roper Technologies, Inc.",Acción USA/ADR,Fundamental,Tecnologico,True,ROP,0000882835,ROPER TECHNOLOGIES INC
ADSK,"Autodesk, Inc.",Acción USA/ADR,Fundamental,Tecnologico,True,ADSK,0000769397,"Autodesk, Inc."
TEAM,Atlassian Corporation,Acción USA/ADR,Fundamental,Tecnologico,True,TEAM,0001650372,Atlassian Corp
DDOG,"Datadog, Inc.",Acción USA/ADR,Fundamental,Tecnologico,True,DDOG,0001561550,"Datadog, Inc."
MDB,"MongoDB, Inc.",Acción USA/ADR,Fundamental,Tecnologico,True,MDB,0001441816,"MongoDB, Inc."
INTC,Intel Corporation,Acción USA/ADR,Fundamental,IA / Semiconductores,True,INTC,0000050863,INTEL CORP
LRCX,Lam Research Corporation,Acción USA/ADR,Fundamental,IA / Semiconductores,True,LRCX,0000707549,LAM RESEARCH CORP
KLAC,KLA Corporation,Acción USA/ADR,Fundamental,IA / Semiconductores,True,KLAC,0000319201,KLA CORP
AMAT,"Applied Materials, Inc.",Acción USA/ADR,Fundamental,IA / Semiconductores,True,AMAT,0000006951,APPLIED MATERIALS INC /DE
MRVL,"Marvell Technology, Inc.",Acción USA/ADR,Fundamental,IA / Semiconductores,True,MRVL,0001835632,"Marvell Technology, Inc."
MCHP,Microchip Technology Incorporat,Acción USA/ADR,Fundamental,IA / Semiconductores,True,MCHP,0000827054,MICROCHIP TECHNOLOGY INC
NXPI,NXP Semiconductors N.V.,Acción USA/ADR,Fundamental,IA / Semiconductores,True,NXPI,0001413447,NXP Semiconductors N.V.
ON,ON Semiconductor Corporation,Acción USA/ADR,Fundamental,IA / Semiconductores,True,ON,0001097864,ON SEMICONDUCTOR CORP
MPWR,"Monolithic Power Systems, Inc.",Acción USA/ADR,Fundamental,IA / Semiconductores,True,MPWR,0001280452,"MONOLITHIC POWER SYSTEMS, INC."
JPM,JP Morgan Chase & Co.,Acción USA/ADR,Fundamental,Financiero,True,JPM,0000019617,JPMORGAN CHASE & CO
BAC,Bank of America Corporation,Acción USA/ADR,Fundamental,Financiero,True,BAC,0000070858,BANK OF AMERICA CORP /DE/
WFC,Wells Fargo & Company,Acción USA/ADR,Fundamental,Financiero,True,WFC,0000072971,WELLS FARGO & COMPANY/MN
C,"Citigroup, Inc.",Acción USA/ADR,Fundamental,Financiero,True,C,0000831001,CITIGROUP INC
GS,"Goldman Sachs Group, Inc. (The)",Acción USA/ADR,Fundamental,Financiero,True,GS,0000886982,GOLDMAN SACHS GROUP INC
MS,Morgan Stanley,Acción USA/ADR,Fundamental,Financiero,True,MS,0000895421,MORGAN STANLEY
BLK,"BlackRock, Inc.",Acción USA/ADR,Fundamental,Financiero,True,BLK,0002012383,"BlackRock, Inc."
SCHW,Charles Schwab Corporation (The,Acción USA/ADR,Fundamental,Financiero,True,SCHW,0000316709,SCHWAB CHARLES CORP
MA,Mastercard Incorporated,Acción USA/ADR,Fundamental,Financiero,True,MA,0001141391,Mastercard Inc
COF,Capital One Financial Corporati,Acción USA/ADR,Fundamental,Financiero,True,COF,0000927628,CAPITAL ONE FINANCIAL CORP
BNY,The Bank of New York Mellon Cor,Acción USA/ADR,Fundamental,Financiero,True,BNY,0001390777,Bank of New York Mellon Corp
PNC,"PNC Financial Services Group, I",Acción USA/ADR,Fundamental,Financiero,True,PNC,0000713676,"PNC FINANCIAL SERVICES GROUP, INC."
USB,U.S. Bancorp,Acción USA/ADR,Fundamental,Financiero,True,USB,0000036104,US BANCORP \DE\
SPGI,S&P Global Inc.,Acción USA/ADR,Fundamental,Financiero,True,SPGI,0000064040,S&P Global Inc.
MCO,Moody's Corporation,Acción USA/ADR,Fundamental,Financiero,True,MCO,0001059556,MOODYS CORP /DE/
UNH,UnitedHealth Group Incorporated,Acción USA/ADR,Fundamental,Salud,True,UNH,0000731766,UNITEDHEALTH GROUP INC
JNJ,Johnson & Johnson,Acción USA/ADR,Fundamental,Salud,True,JNJ,0000200406,JOHNSON & JOHNSON
MRK,"Merck & Company, Inc.",Acción USA/ADR,Fundamental,Salud,True,MRK,0000310158,"Merck & Co., Inc."
AMGN,Amgen Inc.,Acción USA/ADR,Fundamental,Salud,True,AMGN,0000318154,AMGEN INC
GILD,"Gilead Sciences, Inc.",Acción USA/ADR,Fundamental,Salud,True,GILD,0000882095,"GILEAD SCIENCES, INC."
REGN,"Regeneron Pharmaceuticals, Inc.",Acción USA/ADR,Fundamental,Salud,True,REGN,0000872589,"REGENERON PHARMACEUTICALS, INC."
VRTX,Vertex Pharmaceuticals Incorpor,Acción USA/ADR,Fundamental,Salud,True,VRTX,0000875320,VERTEX PHARMACEUTICALS INC / MA
TMO,Thermo Fisher Scientific Inc,Acción USA/ADR,Fundamental,Salud,True,TMO,0000097745,THERMO FISHER SCIENTIFIC INC.
DHR,Danaher Corporation,Acción USA/ADR,Fundamental,Salud,True,DHR,0000313616,DANAHER CORP /DE/
ISRG,"Intuitive Surgical, Inc.",Acción USA/ADR,Fundamental,Salud,True,ISRG,0001035267,INTUITIVE SURGICAL INC
MDT,Medtronic plc.,Acción USA/ADR,Fundamental,Salud,True,MDT,0001613103,Medtronic plc
BSX,Boston Scientific Corporation,Acción USA/ADR,Fundamental,Salud,True,BSX,0000885725,BOSTON SCIENTIFIC CORP
SYK,Stryker Corporation,Acción USA/ADR,Fundamental,Salud,True,SYK,0000310764,STRYKER CORP
ZTS,Zoetis Inc.,Acción USA/ADR,Fundamental,Salud,True,ZTS,0001555280,Zoetis Inc.
BMY,Bristol-Myers Squibb Company,Acción USA/ADR,Fundamental,Salud,True,BMY,0000014272,BRISTOL MYERS SQUIBB CO
HD,"Home Depot, Inc. (The)",Acción USA/ADR,Fundamental,Consumo Discrecional,True,HD,0000354950,"HOME DEPOT, INC."
LOW,"Lowe's Companies, Inc.",Acción USA/ADR,Fundamental,Consumo Discrecional,True,LOW,0000060667,LOWES COMPANIES INC
MCD,McDonald's Corporation,Acción USA/ADR,Fundamental,Consumo Discrecional,True,MCD,0000063908,MCDONALDS CORP
SBUX,Starbucks Corporation,Acción USA/ADR,Fundamental,Consumo Discrecional,True,SBUX,0000829224,STARBUCKS CORP
BKNG,Booking Holdings Inc. Common St,Acción USA/ADR,Fundamental,Consumo Discrecional,True,BKNG,0001075531,Booking Holdings Inc.
ABNB,"Airbnb, Inc.",Acción USA/ADR,Fundamental,Consumo Discrecional,True,ABNB,0001559720,"Airbnb, Inc."
TJX,"TJX Companies, Inc. (The)",Acción USA/ADR,Fundamental,Consumo Discrecional,True,TJX,0000109198,TJX COMPANIES INC /DE/
ORLY,"O'Reilly Automotive, Inc.",Acción USA/ADR,Fundamental,Consumo Discrecional,True,ORLY,0000898173,O REILLY AUTOMOTIVE INC
AZO,"AutoZone, Inc.",Acción USA/ADR,Fundamental,Consumo Discrecional,True,AZO,0000866787,AUTOZONE INC
MAR,Marriott International,Acción USA/ADR,Fundamental,Consumo Discrecional,True,MAR,0001048286,MARRIOTT INTERNATIONAL INC /MD/
CMG,"Chipotle Mexican Grill, Inc.",Acción USA/ADR,Fundamental,Consumo Discrecional,True,CMG,0001058090,CHIPOTLE MEXICAN GRILL INC
RCL,Royal Caribbean Cruises Ltd.,Acción USA/ADR,Fundamental,Consumo Discrecional,True,RCL,0000884887,ROYAL CARIBBEAN CRUISES LTD
KO,Coca-Cola Company (The),Acción USA/ADR,Fundamental,Consumo Masivo,True,KO,0000021344,COCA COLA CO
PEP,"Pepsico, Inc.",Acción USA/ADR,Fundamental,Consumo Masivo,True,PEP,0000077476,PEPSICO INC
PM,Philip Morris International Inc,Acción USA/ADR,Fundamental,Consumo Masivo,True,PM,0001413329,Philip Morris International Inc.
MO,"Altria Group, Inc.",Acción USA/ADR,Fundamental,Consumo Masivo,True,MO,0000764180,"ALTRIA GROUP, INC."
MDLZ,"Mondelez International, Inc.",Acción USA/ADR,Fundamental,Consumo Masivo,True,MDLZ,0001103982,"Mondelez International, Inc."
CL,Colgate-Palmolive Company,Acción USA/ADR,Fundamental,Consumo Masivo,True,CL,0000021665,COLGATE PALMOLIVE CO
KMB,Kimberly-Clark Corporation,Acción USA/ADR,Fundamental,Consumo Masivo,True,KMB,0000055785,KIMBERLY CLARK CORP
TGT,Target Corporation,Acción USA/ADR,Fundamental,Consumo Masivo,True,TGT,0000027419,TARGET CORP
KR,Kroger Company (The),Acción USA/ADR,Fundamental,Consumo Masivo,True,KR,0000056873,KROGER CO
TMUS,"T-Mobile US, Inc.",Acción USA/ADR,Fundamental,Comunicacion,True,TMUS,0001283699,"T-Mobile US, Inc."
VZ,Verizon Communications Inc.,Acción USA/ADR,Fundamental,Comunicacion,True,VZ,0000732712,VERIZON COMMUNICATIONS INC
T,AT&T Inc.,Acción USA/ADR,Fundamental,Comunicacion,True,T,0000732717,AT&T INC.
CMCSA,Comcast Corporation,Acción USA/ADR,Fundamental,Comunicacion,True,CMCSA,0001166691,COMCAST CORP
CHTR,"Charter Communications, Inc.",Acción USA/ADR,Fundamental,Comunicacion,True,CHTR,0001091667,"CHARTER COMMUNICATIONS, INC. /MO/"
EA,Electronic Arts Inc.,Acción USA/ADR,Fundamental,Comunicacion,False,,,
TTWO,"Take-Two Interactive Software, ",Acción USA/ADR,Fundamental,Comunicacion,True,TTWO,0000946581,TAKE TWO INTERACTIVE SOFTWARE INC
HON,Honeywell International Inc.,Acción USA/ADR,Fundamental,Industrial,True,HON,0000773840,HONEYWELL INTERNATIONAL INC
RTX,RTX Corporation,Acción USA/ADR,Fundamental,Industrial,True,RTX,0000101829,RTX Corp
LMT,Lockheed Martin Corporation,Acción USA/ADR,Fundamental,Industrial,True,LMT,0000936468,LOCKHEED MARTIN CORP
NOC,Northrop Grumman Corporation,Acción USA/ADR,Fundamental,Industrial,True,NOC,0001133421,NORTHROP GRUMMAN CORP /DE/
GD,General Dynamics Corporation,Acción USA/ADR,Fundamental,Industrial,True,GD,0000040533,GENERAL DYNAMICS CORP
DE,Deere & Company,Acción USA/ADR,Fundamental,Industrial,True,DE,0000315189,DEERE & CO
ETN,"Eaton Corporation, PLC",Acción USA/ADR,Fundamental,Industrial,True,ETN,0001551182,Eaton Corp plc
PH,Parker-Hannifin Corporation,Acción USA/ADR,Fundamental,Industrial,True,PH,0000076334,Parker-Hannifin Corp
EMR,Emerson Electric Company,Acción USA/ADR,Fundamental,Industrial,True,EMR,0000032604,EMERSON ELECTRIC CO
ITW,Illinois Tool Works Inc.,Acción USA/ADR,Fundamental,Industrial,True,ITW,0000049826,ILLINOIS TOOL WORKS INC
WM,"Waste Management, Inc.",Acción USA/ADR,Fundamental,Industrial,True,WM,0000823768,WASTE MANAGEMENT INC
UNP,Union Pacific Corporation,Acción USA/ADR,Fundamental,Industrial,True,UNP,0000100885,UNION PACIFIC CORP
UPS,"United Parcel Service, Inc.",Acción USA/ADR,Fundamental,Industrial,True,UPS,0001090727,UNITED PARCEL SERVICE INC
FDX,FedEx Corporation,Acción USA/ADR,Fundamental,Industrial,True,FDX,0001048911,FEDEX CORP
UBER,"Uber Technologies, Inc.",Acción USA/ADR,Fundamental,Industrial,True,UBER,0001543151,"Uber Technologies, Inc"
XOM,ExxonMobil Holdings Corporation,Acción USA/ADR,Fundamental,Energia,True,XOM,0002115436,ExxonMobil Holdings Corp
COP,ConocoPhillips,Acción USA/ADR,Fundamental,Energia,True,COP,0001163165,CONOCOPHILLIPS
EOG,"EOG Resources, Inc.",Acción USA/ADR,Fundamental,Energia,True,EOG,0000821189,EOG RESOURCES INC
SLB,SLB Limited,Acción USA/ADR,Fundamental,Energia,True,SLB,0000087347,SLB LIMITED/NV
OXY,Occidental Petroleum Corporatio,Acción USA/ADR,Fundamental,Energia,True,OXY,0000797468,OCCIDENTAL PETROLEUM CORP /DE/
MPC,Marathon Petroleum Corporation,Acción USA/ADR,Fundamental,Energia,True,MPC,0001510295,Marathon Petroleum Corp
VLO,Valero Energy Corporation,Acción USA/ADR,Fundamental,Energia,True,VLO,0001035002,VALERO ENERGY CORP/TX
PSX,Phillips 66,Acción USA/ADR,Fundamental,Energia,True,PSX,0001534701,Phillips 66
KMI,"Kinder Morgan, Inc.",Acción USA/ADR,Fundamental,Energia,True,KMI,0001506307,"KINDER MORGAN, INC."
WMB,"Williams Companies, Inc. (The)",Acción USA/ADR,Fundamental,Energia,True,WMB,0000107263,"WILLIAMS COMPANIES, INC."
LIN,Linde plc,Acción USA/ADR,Fundamental,Materiales,True,LIN,0001707925,LINDE PLC
APD,"Air Products and Chemicals, Inc",Acción USA/ADR,Fundamental,Materiales,True,APD,0000002969,"Air Products & Chemicals, Inc."
SHW,Sherwin-Williams Company (The),Acción USA/ADR,Fundamental,Materiales,True,SHW,0000089800,SHERWIN WILLIAMS CO
FCX,"Freeport-McMoRan, Inc.",Acción USA/ADR,Fundamental,Materiales,True,FCX,0000831259,FREEPORT-MCMORAN INC
NEM,Newmont Corporation,Acción USA/ADR,Fundamental,Materiales,True,NEM,0001164727,NEWMONT Corp /DE/
NUE,Nucor Corporation,Acción USA/ADR,Fundamental,Materiales,True,NUE,0000073309,NUCOR CORP
STLD,"Steel Dynamics, Inc.",Acción USA/ADR,Fundamental,Materiales,True,STLD,0001022671,STEEL DYNAMICS INC
DOW,Dow Inc.,Acción USA/ADR,Fundamental,Materiales,True,DOW,0001751788,DOW INC.
SAP,SAP  SE,Acción USA/ADR,Fundamental,Tecnologico,True,SAP,0001000184,SAP SE
SHOP,Shopify Inc.,Acción USA/ADR,Fundamental,Tecnologico,True,SHOP,0001594805,SHOPIFY INC.
SE,Sea Limited,Acción USA/ADR,Fundamental,Consumo Discrecional,False,,,
JD,"JD.com, Inc.",Acción USA/ADR,Fundamental,Consumo Discrecional,True,JD,0001549802,"JD.com, Inc."
BIDU,"Baidu, Inc.",Acción USA/ADR,Fundamental,Comunicacion,True,BIDU,0001329099,"Baidu, Inc."
NVO,Novo Nordisk A/S,Acción USA/ADR,Fundamental,Salud,True,NVO,0000353278,NOVO NORDISK A S
AZN,AstraZeneca PLC,Acción USA/ADR,Fundamental,Salud,True,AZN,0000901832,ASTRAZENECA PLC
SNY,Sanofi,Acción USA/ADR,Fundamental,Salud,True,SNY,0001121404,Sanofi
BP,BP p.l.c.,Acción USA/ADR,Fundamental,Energia,True,BP,0000313807,BP PLC
SHEL,Shell PLC,Acción USA/ADR,Fundamental,Energia,True,SHEL,0001306965,Shell plc
RIO,Rio Tinto Plc,Acción USA/ADR,Fundamental,Materiales,True,RIO,0000863064,RIO TINTO PLC
BHP,BHP Group Limited,Acción USA/ADR,Fundamental,Materiales,True,BHP,0000811809,BHP Group Ltd
UL,Unilever PLC,Acción USA/ADR,Fundamental,Consumo Masivo,True,UL,0000217410,UNILEVER PLC
DEO,Diageo plc,Acción USA/ADR,Fundamental,Consumo Masivo,True,DEO,0000835403,DIAGEO PLC
