file,bytes,sha256
AUDIT_HARNESS_ERRORS.json,160,fe65e6a9255862e48e5c7b7eee6ed6bbb98d7e764f99b416d73df9cd4d212264
benchmark_audit.json,1603,4b22987f4d47fb1a46b414e5405938afdd0d9a45609262e00b524910d79cf6d1
benchmark_comparison_extreme.csv,701,f730adb03ef4b7956b06c587832f5b869305fe0c59b5ff720c8270525b762a22
capacity_audit.json,299,722eb753e76d5bc48e74990023004b1a6ce34e102432bdbdf8d2fc105024a056
current_decisions_audit.csv,9556,2805785f13610c0b5c8b0cdff65984fc6469a4bc997428684b2e9cf7d36cb0bf
current_decisions_audit.json,110,a1d9939c03246662d68d5439967530255b9c998cb684c184810e5b1ddcf5f4e9
current_portfolio_vs_target.json,515,7c47bc391199b888df67b80a3c3d23ebcc0f0e994a77b30ff931ccf32aee0df9
decision_history_completeness.csv,961,e9006ca3aa3ec16338bee5a1df5cda2bacd2b4be64850b1dcbf7c56621339d1e
decision_history_completeness.json,311,f614c5b1deda24fe43a7bac323252619cc52d91300ca4a1561afb9ddfcb5f61b
drawdown_audit.json,492,959b365cb32f8cf0f781cb4beacdca090a37f1dfc67aea2dae2e4d66ec4edec2
drawdown_episodes.csv,4361,e0e159d85e03c4e8476137f37f90f4164dbd868053c3c37db9ac38d3af2fff42
EVIDENCE_MATRIX.csv,18514,a5a2e86655d72d6ca8956ec40091586a185bc38aa73237501d5371eccd92ec45
EXTREME_AUDIT_REPORT.md,32558,de1412bd044b62978a46725327e74f9b81a96403d475f754484bd336b13a307d
EXTREME_AUDIT_SUMMARY.json,31211,cda25feb0d9950afebbc665efa540c3d0d4eec82a31693dc0bea49bc5d9f2f15
extreme_data_leakage.csv,3855,dfd43df2dfc01c8f2fb367ee240ec9de2d7b6d55d8e9b443a959a68f123ef670
extreme_data_leakage.json,353,91a2e4b9797ac6b307b2870fa09c81d3b02b33ad231d7ab36d9e29777a9ce104
factor_ablation_sensitivity.csv,1323,bb335243953b8693cced05012676876865d51fdff3f2e4e776d0b03f8b9f9b68
factor_and_parameter_robustness.json,647,7aa6c1dd2bb72ebe1ed24f6078c8b538e988da6d2595ed5a63b95076a0a59893
false_discovery_audit.json,1468,0baa1f15b535740239dc745ef51b069442a979051e63e09abd04736db9c464a0
FINAL_VERDICT.json,3090,3cbc65f7b4afbddd96d316f339d94c6d2f694e1d2322b4d0c6d5636628396a53
forensic_summary_snapshot.json,35678,ab48c94e40e260aa114261e27000dac0b471acde40b8a4df271c4862a5b80ba4
forward_test_protocol.json,2452,3a7f6ff07decba11b08db72e641b70da9e67f255f255b5428cf625baf7dc0f11
GO_NO_GO.csv,2205,64e50c8ca62d59a98fdec448ac71eba67139b1290f917c0805f00afb117c35a1
institutional_readiness.json,2319,86ec5723517c326b73d3b76dda2fe0291478c33ca815026f3267a100e89bb4f1
model_thesis.json,2475,c0bd002968fd6aff4ebed66c24734bdf39afc024f2c68fc56b640651e1eb1bf7
multifactor_alpha_extreme.csv,1665,a17a6e2c117cf89aff04ae0a5f399f7cb42ac787e3105b7d85e30a39be385857
multifactor_audit.json,1414,e1e5fa15111b0720485669b8e2c504771b5dfd1420b2f1a328ca2276efefd461
oos_audit.json,2083,c3a8859a8440789478b438eb3da0696a9ea536f3202122ba858ef7b72d48a8a4
optimizer_layer_audit.json,540,dab02fb1553f627d64c2ba3c50e555670d16fb995e46bd84a151c31d4891976a
optimizer_layer_comparison.csv,845,e29ab5d742ded812bbe49fcf09ec871ee5a242456401b431f702ba277437f61c
parameter_neighborhood_sensitivity.csv,2249,996045b6d7d405942ad76511942403acc4e9036543eea0988f20bb571fb82251
performance_extreme_stress.csv,1877,953f1a17ecd8194253f8bb230d426d9314df6f43f8b3e1e09531120f9dcc7dbe
performance_extreme_summary.json,689,b53d7abef263cd3a63b1755738c633a30506cdb4425550f7b5629dbff9152220
persisted_trial_inventory.csv,136659,5ed074358d7685f9de8b9ce7de6876e2981b635837fa44770c90cab07bb22a57
PM_30_QUESTIONS.md,5906,b345de6a4efbaa338ceb337a756c723fef03fcd5cb3eee6241a56422d2eef910
RED_TEAM_10_REASONS.csv,2042,57d5157cf4d954fd4737d183e156831134c7b5ac9427bd10a9d2d1b84247b574
regime_analysis.csv,663,656f2f50a8a910c0ef12dd35ce3ebfbcbc015b1d6a24c30f80af4db3245063bf
regime_audit.json,100,3a136814950c9d71c4ef4a41a2455d7168e1239bf24c90ca5146f20cf49379ab
rolling_window_audit.json,1635,58c8677f01f5ada72693c11f9c4849f905095186d418d23cac6cec1642dc720f
rolling_window_dependence.csv,25279,f219fad07bd28c91fe6e4cf8991aa44842e0c22015d934172cc460d9987bb5aa
source_and_freeze_integrity.json,1900,6dd09dbb1882fd8bfe3ec7e702ad9e2b9cfa268989abce3c0bcce3ec19bbe8ce
statistical_stress\aligned_strategy_vs_spy.csv,84407,5dbc48b0c79ae49a3d4fe3d3a25750649c07896eb91e75c87435251774f018af
statistical_stress\annual_performance_contribution.csv,1099,e11222a85f84260eb6afec03533f3a6ab72b0d821ab79821389e4637d3312870
statistical_stress\rolling_36m_stress.csv,84119,e29513af4332e25ee5a1a716e421a85eb002184216bf0b7f3b916c14b1396f80
statistical_stress\rolling_60m_stress.csv,82354,0c0d9940921180cd8426caa0fd276ff7561406ce1999d281b0418af9076949f1
statistical_stress\simple_regime_diagnostic.csv,340,e1b3bebb428d8aeaa3ba53690f58363b5a88e8684593eaaff0bb4c18782c84fb
statistical_stress\statistical_stress_gates.csv,886,1c710d5fee216d382f9064f0f8a373628b61964cf0d22bc6ea1e7a21372576c9
statistical_stress\statistical_stress_summary.json,4288,915ef885f4d3194db439229ff0fde0783db2ace000c94308e40aefb2d4ad064e
survivorship_haircut_stress.csv,893,e61f4e2224e9fb5de7644b78d3d3e3d4427288508e3ba35c6a14d9522294b16c
transaction_cost_stress_extreme.csv,883,bcda55159a8ed1233bc9711d2d6a2591a8ae6eb5705f0d46056b1b3956476069
transaction_cost_stress_extreme.json,295,404db9dc5335115ee4a11d6ae6aa728e8e46dbe3763889acd808b20ff7c64f3e
