date,nav,net_return,gross_return,turnover,cost_fraction,execution_skipped,holdings,cash_weight
2025-01-02,1.003359270925078,0.0033592709250780395,0.003359270925078087,0.0,0.0,0,15,0.0
2025-01-03,1.0227132314440013,0.01928916299450667,0.01928916299450675,0.0,0.0,0,15,0.0
2025-01-06,1.031406477370412,0.00850017938472969,0.008500179384729741,0.0,0.0,0,15,0.0
2025-01-07,1.0151742108765989,-0.015737991616261104,-0.015737991616261233,0.0,0.0,0,15,0.0
2025-01-08,1.0162745463270921,0.0010838883008494893,0.0010838883008495574,0.0,0.0,0,15,0.0
2025-01-10,0.9936498660516422,-0.022262370298673284,-0.022262370298673315,0.0,0.0,0,15,0.0
2025-01-13,0.9884559486379417,-0.005227110264039991,-0.005227110264039975,0.0,0.0,0,15,0.0
2025-01-14,0.9991651370850281,0.010834259697504178,0.010834259697504121,0.0,0.0,0,15,0.0
2025-01-15,1.0194857383639513,0.020337580370554775,0.020337580370554723,0.0,0.0,0,15,0.0
2025-01-16,1.0295440273259373,0.009866041851774643,0.009866041851774608,0.0,0.0,0,15,0.0
2025-01-17,1.0373234973580077,0.007556228607606297,0.007556228607606255,0.0,0.0,0,15,0.0
2025-01-21,1.048551753919631,0.010824257418462935,0.010824257418462857,0.0,0.0,0,15,0.0
2025-01-22,1.075145521228819,0.02536237931010743,0.02536237931010733,0.0,0.0,0,15,0.0
2025-01-23,1.0813845071476968,0.005802922298134172,0.005802922298134219,0.0,0.0,0,15,0.0
2025-01-24,1.0733004356147728,-0.007475667978864342,-0.007475667978864301,0.0,0.0,0,15,0.0
2025-01-27,1.0263633022576282,-0.04373158884470185,-0.043731588844701914,0.0,0.0,0,15,0.0
2025-01-28,1.054233728008872,0.027154542343767574,0.027154542343767515,0.0,0.0,0,15,0.0
2025-01-29,1.0497063390486292,-0.0042944831302198505,-0.004294483130219821,0.0,0.0,0,15,0.0
2025-01-30,1.0582202084459251,0.008110715426385084,0.008110715426385107,0.0,0.0,0,15,0.0
2025-01-31,1.0579315010773587,-0.00027282352601309956,-0.0002728235260130772,0.0,0.0,0,15,0.0
2025-02-03,1.049923080938728,-0.007569885319110958,-0.007569885319110994,0.0,0.0,0,15,0.0
2025-02-04,1.067382218380865,0.01662896812071879,0.016628968120718797,0.0,0.0,0,15,0.0
2025-02-05,1.0787441912557036,0.010644708783020373,0.01064470878302045,0.0,0.0,0,15,0.0
2025-02-06,1.0865401484047075,0.0072268821581593645,0.007990250967757193,0.18932941287501143,0.0007573176515000457,0,15,0.0
2025-02-07,1.095877980230924,0.008594097364857278,0.008594097364857294,0.0,0.0,0,15,0.0
2025-02-10,1.1077388500235372,0.010823166453361788,0.01082316645336182,0.0,0.0,0,15,0.0
2025-02-11,1.0945161941962414,-0.011936618298631352,-0.011936618298631395,0.0,0.0,0,15,0.0
2025-02-12,1.0876447040822692,-0.006278107304769742,-0.006278107304769705,0.0,0.0,0,15,0.0
2025-02-13,1.1023376922619754,0.013508996204880885,0.013508996204880958,0.0,0.0,0,15,0.0
2025-02-14,1.0962871406990928,-0.005488836683491205,-0.00548883668349118,0.0,0.0,0,15,0.0
2025-02-18,1.105125144646641,0.00806176011689086,0.008061760116890831,0.0,0.0,0,15,0.0
2025-02-19,1.094554318418007,-0.009565275281121055,-0.009565275281121024,0.0,0.0,0,15,0.0
2025-02-20,1.0796981995359498,-0.013572756173059863,-0.01259298135487296,0.2480676154022337,0.0009922704616089348,0,15,0.0
2025-02-21,1.0375820640334188,-0.03900732215783287,-0.03900732215783289,0.0,0.0,0,15,0.0
2025-02-24,1.0084545425035436,-0.028072499072167023,-0.02807249907216707,0.0,0.0,0,15,0.0
2025-02-25,0.9924202144568214,-0.01589990165239985,-0.015899901652399843,0.0,0.0,0,15,0.0
2025-02-26,1.0068875313918575,0.014577813636086123,0.014577813636086078,0.0,0.0,0,15,0.0
2025-02-27,0.9731544631472329,-0.0335023199641713,-0.03350231996417129,0.0,0.0,0,15,0.0
2025-02-28,0.9840247242875122,0.011170129256895533,0.011170129256895575,0.0,0.0,0,15,0.0
2025-03-03,0.9576022789542147,-0.026851403914092464,-0.026851403914092443,0.0,0.0,0,15,0.0
2025-03-04,0.9572136193092994,-0.0004058675020487401,-0.00040586750204873746,0.0,0.0,0,15,0.0
2025-03-05,0.9757932214832227,0.01941008965932789,0.019410089659327813,0.0,0.0,0,15,0.0
2025-03-06,0.9253303137082378,-0.051714755405126045,-0.05171475540512599,0.0,0.0,0,15,0.0
2025-03-07,0.9287947251711433,0.003743972732312084,0.003743972732312053,0.0,0.0,0,15,0.0
2025-03-10,0.860916327506451,-0.0730822385454275,-0.0730822385454275,0.0,0.0,0,15,0.0
2025-03-11,0.8766799757716306,0.018310313977709436,0.01831031397770947,0.0,0.0,0,15,0.0
2025-03-12,0.8984463959315858,0.02482823922241062,0.024828239222410568,0.0,0.0,0,15,0.0
2025-03-13,0.8709722358520042,-0.030579631911255012,-0.030579631911254897,0.0,0.0,0,15,0.0
2025-03-14,0.9088324221508823,0.043468878502013863,0.04346887850201379,0.0,0.0,0,15,0.0
2025-03-17,0.9245184100539423,0.01725949418258743,0.017259494182587376,0.0,0.0,0,15,0.0
2025-03-18,0.9065849831109831,-0.01939758770397315,-0.019397587703973148,0.0,0.0,0,15,0.0
2025-03-19,0.9290581841009098,0.024788852020037888,0.0247888520200379,0.0,0.0,0,15,0.0
2025-03-20,0.9230628718943382,-0.006453107360949062,-0.006453107360949032,0.0,0.0,0,15,0.0
2025-03-21,0.9255378243999925,0.002681239361924659,0.0026812393619246653,0.0,0.0,0,15,0.0
2025-03-24,0.9564599155207617,0.033409862142387725,0.03340986214238765,0.0,0.0,0,15,0.0
2025-03-25,0.9650858110504821,0.009018564594025724,0.00901856459402566,0.0,0.0,0,15,0.0
2025-03-26,0.9367779282820906,-0.029331985243445602,-0.029331985243445647,0.0,0.0,0,15,0.0
2025-03-27,0.9230477763150261,-0.01465678423086203,-0.014656784230862066,0.0,0.0,0,15,0.0
2025-03-28,0.8899333811654219,-0.03587506085741621,-0.0358750608574162,0.0,0.0,0,15,0.0
2025-03-31,0.8856149205165469,-0.0048525662035732164,-0.004852566203573234,0.0,0.0,0,15,0.0
2025-04-01,0.8947015683116978,0.010260269542264444,0.010260269542264512,0.0,0.0,0,15,0.0
2025-04-02,0.9107234044315642,0.017907463993943384,0.01790746399394329,0.0,0.0,0,15,0.0
2025-04-03,0.8484712538701604,-0.0683546181623157,-0.06835461816231567,0.0,0.0,0,15,0.0
2025-04-04,0.7879703156593939,-0.07130581965482219,-0.07130581965482219,0.0,0.0,0,15,0.0
2025-04-07,0.7991901762926304,0.01423893820650779,0.015315801076817426,0.2651546615269439,0.0010606186461077755,0,15,0.0
2025-04-08,0.7886585452640206,-0.013177878483773608,-0.012594728451039792,0.14764708310169716,0.0005905883324067887,0,15,0.0
2025-04-09,0.894255532168496,0.13389443066152862,0.13389443066152854,0.0,0.0,0,15,0.0
2025-04-10,0.8548705467253304,-0.044042204969825804,-0.04404220496982565,0.0,0.0,0,15,0.0
2025-04-11,0.8695054666450146,0.01711945741462828,0.017119457414628173,0.0,0.0,0,15,0.0
2025-04-14,0.8763425917294808,0.007863234156361587,0.007863234156361606,0.0,0.0,0,15,0.0
2025-04-15,0.892785142485782,0.018762697273279283,0.018762697273279262,0.0,0.0,0,15,0.0
2025-04-16,0.870814205394029,-0.024609434057761503,-0.024609434057761476,0.0,0.0,0,15,0.0
2025-04-17,0.8695930088744027,-0.0014023617346408113,-0.0014023617346408058,0.0,0.0,0,15,0.0
2025-04-21,0.8438907666411155,-0.029556633932184107,-0.029556633932184124,0.0,0.0,0,15,0.0
2025-04-22,0.8659929178257874,0.02619077261935643,0.026190772619356432,0.0,0.0,0,15,0.0
2025-04-23,0.8957437410001788,0.03435458023038529,0.034354580230385325,0.0,0.0,0,15,0.0
2025-04-24,0.9428856380857793,0.05262877643215491,0.052628776432154904,0.0,0.0,0,15,0.0
2025-04-25,0.9530973409081935,0.010830266587945614,0.010830266587945713,0.0,0.0,0,15,0.0
2025-04-28,0.9583578080454946,0.0055193388036194335,0.005519338803619503,0.0,0.0,0,15,0.0
2025-04-29,0.9675900913588054,0.009633440908818125,0.009633440908818028,0.0,0.0,0,15,0.0
2025-04-30,0.9782167680181227,0.010982622449547952,0.010982622449547882,0.0,0.0,0,15,0.0
2025-05-01,0.9770516225040317,-0.0011910913329074013,-0.0011910913329073762,0.0,0.0,0,15,0.0
2025-05-02,0.9934264352901325,0.016759414148594054,0.01675941414859406,0.0,0.0,0,15,0.0
2025-05-05,0.9942552330490184,0.0008342819653714972,0.0008342819653714546,0.0,0.0,0,15,0.0
2025-05-06,0.9771722172346093,-0.017181720796200062,-0.017181720796200013,0.0,0.0,0,15,0.0
2025-05-07,0.9820137284361419,0.004954614054863304,0.00495461405486323,0.0,0.0,0,15,0.0
2025-05-08,0.9926025390070716,0.010782752078010605,0.010782752078010664,0.0,0.0,0,15,0.0
2025-05-09,0.98570192965613,-0.006952036771782244,-0.006952036771782206,0.0,0.0,0,15,0.0
2025-05-12,1.0218923098222858,0.03671533866103016,0.03781004826735382,0.2637066407651292,0.0010548265630605166,0,15,0.0
2025-05-13,1.0461445534640976,0.023732680448519394,0.02373268044851941,0.0,0.0,0,15,0.0
2025-05-14,1.0416023392966993,-0.00434186093342237,-0.004341860933422388,0.0,0.0,0,15,0.0
2025-05-15,1.0428873276948396,0.0012336650463053989,0.0012336650463052904,0.0,0.0,0,15,0.0
2025-05-16,1.0508848099379178,0.007668596626593915,0.007668596626593881,0.0,0.0,0,15,0.0
2025-05-19,1.047517137781816,-0.0032046063700367222,-0.0032046063700367036,0.0,0.0,0,15,0.0
2025-05-20,1.0451667399442028,-0.002243779841721971,-0.0022437798417219855,0.0,0.0,0,15,0.0
2025-05-21,1.022994463749864,-0.02121410426390191,-0.021214104263901863,0.0,0.0,0,15,0.0
2025-05-22,1.0249306643140377,0.001892679415953502,0.0018926794159534507,0.0,0.0,0,15,0.0
2025-05-23,1.0222819280010493,-0.0025843078026757116,-0.0025843078026757055,0.0,0.0,0,15,0.0
2025-05-27,1.0436588207009647,0.020910956277702564,0.02091095627770257,0.0,0.0,0,15,0.0
2025-05-28,1.0413860876005523,-0.0021776590733799672,-0.0021776590733799134,0.0,0.0,0,15,0.0
2025-05-29,1.0341110241930087,-0.0069859425761160665,-0.006985942576116021,0.0,0.0,0,15,0.0
2025-05-30,1.0416644491954092,0.007304268908935541,0.007304268908935623,0.0,0.0,0,15,0.0
2025-06-02,1.048280334225638,0.0063512631494133664,0.006351263149413383,0.0,0.0,0,15,0.0
2025-06-03,1.0558611764118997,0.007231693602133271,0.00723169360213319,0.0,0.0,0,15,0.0
2025-06-04,1.0572508156588574,0.001316119275907024,0.001316119275907134,0.0,0.0,0,15,0.0
2025-06-05,1.0530161386001378,-0.004005366556355527,-0.004005366556355551,0.0,0.0,0,15,0.0
2025-06-06,1.0666848026372,0.012980488651610944,0.012980488651610883,0.0,0.0,0,15,0.0
2025-06-09,1.0674536274887352,0.0007207610435944201,0.0007207610435944716,0.0,0.0,0,15,0.0
2025-06-10,1.0689683453168146,0.001419001059224323,0.0014190010592243186,0.0,0.0,0,15,0.0
2025-06-11,1.07095108673091,0.0018548177060451199,0.0018548177060450457,0.0,0.0,0,15,0.0
2025-06-12,1.071173481651964,0.00020766113766490513,0.0002076611376649744,0.0,0.0,0,15,0.0
2025-06-13,1.053125467563574,-0.016848824581202737,-0.01684882458120278,0.0,0.0,0,15,0.0
2025-06-16,1.0706073851887166,0.016600033104875234,0.01660003310487516,0.0,0.0,0,15,0.0
2025-06-17,1.0581907880079024,-0.011597712992261311,-0.011597712992261313,0.0,0.0,0,15,0.0
2025-06-18,1.057738988386599,-0.0004269547858699596,-0.00042695478587000785,0.0,0.0,0,15,0.0
2025-06-20,1.0477797666108044,-0.009415575945617483,-0.009415575945617474,0.0,0.0,0,15,0.0
2025-06-23,1.063343534850116,0.01485404541610369,0.014854045416103792,0.0,0.0,0,15,0.0
2025-06-24,1.0873974719796564,0.02262104046452973,0.022621040464529632,0.0,0.0,0,15,0.0
2025-06-25,1.0850392174271917,-0.0021687143967434874,-0.0021687143967434957,0.0,0.0,0,15,0.0
2025-06-26,1.0968062391259732,0.01084478930326882,0.0108447893032688,0.0,0.0,0,15,0.0
2025-06-27,1.0873348595587806,-0.008635417295528969,-0.008635417295528984,0.0,0.0,0,15,0.0
2025-06-30,1.105011448010437,0.016256802857244068,0.01625680285724411,0.0,0.0,0,15,0.0
2025-07-01,1.0936045047081997,-0.010322918665481073,-0.010322918665481105,0.0,0.0,0,15,0.0
2025-07-02,1.0975135353031207,0.00357444631774273,0.0035744463177427937,0.0,0.0,0,15,0.0
2025-07-03,1.1113996401304813,0.012652331274917161,0.012652331274917232,0.0,0.0,0,15,0.0
2025-07-07,1.1132299216256851,0.0016468257043784629,0.0016468257043783785,0.0,0.0,0,15,0.0
2025-07-08,1.1151637093935374,0.0017370964706269199,0.001737096470626965,0.0,0.0,0,15,0.0
2025-07-09,1.1234547323245019,0.0074348033935514035,0.007434803393551332,0.0,0.0,0,15,0.0
2025-07-10,1.1050091348855315,-0.0164186387828954,-0.01641863878289536,0.0,0.0,0,15,0.0
2025-07-11,1.0928779942245637,-0.010978317081717703,-0.010978317081717662,0.0,0.0,0,15,0.0
2025-07-14,1.107775035917482,0.013631019904914776,0.013631019904914806,0.0,0.0,0,15,0.0
2025-07-15,1.1005714208232804,-0.00650277796541554,-0.006502777965415555,0.0,0.0,0,15,0.0
2025-07-16,1.1045195369452394,0.0035873329501920903,0.003587332950192154,0.0,0.0,0,15,0.0
2025-07-17,1.1117269825027851,0.006525412468012304,0.006525412468012217,0.0,0.0,0,15,0.0
2025-07-18,1.1080196033564418,-0.003334792808569853,-0.0033347928085698413,0.0,0.0,0,15,0.0
2025-07-21,1.1083931785817422,0.0003371557905373912,0.00033715579053748314,0.0,0.0,0,15,0.0
2025-07-22,1.1036121056369237,-0.004313517113968657,-0.004313517113968646,0.0,0.0,0,15,0.0
2025-07-23,1.112779193880153,0.008306440457119368,0.00830644045711946,0.0,0.0,0,15,0.0
2025-07-24,1.1134819379279584,0.0006315215558219123,0.0006315215558218805,0.0,0.0,0,15,0.0
2025-07-25,1.1169230015504377,0.0030903632158441052,0.003090363215844038,0.0,0.0,0,15,0.0
2025-07-28,1.1204361483902487,0.0031453796142923984,0.0031453796142923095,0.0,0.0,0,15,0.0
2025-07-29,1.11588759714193,-0.004059625579604598,-0.004059625579604603,0.0,0.0,0,15,0.0
2025-07-30,1.121256586955609,0.004811407374210708,0.004811407374210657,0.0,0.0,0,15,0.0
2025-07-31,1.103100344755406,-0.01619276302269068,-0.016192763022690692,0.0,0.0,0,15,0.0
2025-08-01,1.095801461639696,-0.006616699151996364,-0.006616699151996418,0.0,0.0,0,15,0.0
2025-08-04,1.1265980003574156,0.02810412268627327,0.028104122686273166,0.0,0.0,0,15,0.0
2025-08-05,1.0976608676063537,-0.025685411071102116,-0.024157458495435057,0.3914444468959381,0.0015657777875837525,0,15,0.0
2025-08-06,1.1196541384190084,0.020036489831886772,0.020036489831886804,0.0,0.0,0,15,0.0
2025-08-07,1.0911600526790741,-0.025449006762185533,-0.024962561324755297,0.12472481007784102,0.000498899240311364,0,15,0.0
2025-08-08,1.0849055488521508,-0.005731976543282391,-0.005731976543282415,0.0,0.0,0,15,0.0
2025-08-11,1.080592064438696,-0.0039759077811138965,-0.003975907781113942,0.0,0.0,0,15,0.0
2025-08-12,1.098778977544577,0.016830507741446565,0.016830507741446475,0.0,0.0,0,15,0.0
2025-08-13,1.1019197330753918,0.0028584051888518314,0.0028584051888517663,0.0,0.0,0,15,0.0
2025-08-14,1.0963774358843847,-0.005029674144720997,-0.005029674144720946,0.0,0.0,0,15,0.0
2025-08-15,1.0967119777263301,0.0003051338261768066,0.00030513382617680163,0.0,0.0,0,15,0.0
2025-08-18,1.107394511129892,0.009740509468774583,0.00974050946877456,0.0,0.0,0,15,0.0
2025-08-19,1.0865064701144242,-0.01886233027663764,-0.018862330276637654,0.0,0.0,0,15,0.0
2025-08-20,1.0871512609992224,0.0005934533318796564,0.0005934533318795523,0.0,0.0,0,15,0.0
2025-08-21,1.0814889703318264,-0.005208374281046924,-0.005208374281046956,0.0,0.0,0,15,0.0
2025-08-22,1.0964534150934842,0.013836890779446609,0.013836890779446631,0.0,0.0,0,15,0.0
2025-08-25,1.0893697053585125,-0.006460566073723806,-0.006460566073723788,0.0,0.0,0,15,0.0
2025-08-26,1.0872932258528794,-0.001906129292396419,-0.0019061292923964028,0.0,0.0,0,15,0.0
2025-08-27,1.1046023821916755,0.015919492485772402,0.015919492485772322,0.0,0.0,0,15,0.0
2025-08-28,1.1249323096277764,0.018404747050937642,0.018404747050937535,0.0,0.0,0,15,0.0
2025-08-29,1.1206769759791548,-0.003782746403674264,-0.0037827464036742794,0.0,0.0,0,15,0.0
2025-09-02,1.1157842543193461,-0.004365862567609069,-0.0043658625676091,0.0,0.0,0,15,0.0
2025-09-03,1.1167589138101188,0.0008735196674443113,0.0008735196674442437,0.0,0.0,0,15,0.0
2025-09-04,1.1244894802965641,0.006922323512127182,0.006922323512127288,0.0,0.0,0,15,0.0
2025-09-05,1.128772845105051,0.003809163965995621,0.003809163965995677,0.0,0.0,0,15,0.0
2025-09-08,1.1459399383071631,0.015208634116738118,0.01520863411673806,0.0,0.0,0,15,0.0
2025-09-09,1.153047108757874,0.006202044464223677,0.006202044464223711,0.0,0.0,0,15,0.0
2025-09-10,1.1388428761123228,-0.012318865844824667,-0.012318865844824596,0.0,0.0,0,15,0.0
2025-09-11,1.1480642139259782,0.008097111556893966,0.00809711155689403,0.0,0.0,0,15,0.0
2025-09-12,1.1397216876845058,-0.0072666024602787704,-0.007266602460278911,0.0,0.0,0,15,0.0
2025-09-15,1.1542865764052852,0.01277933804205289,0.012779338042052885,0.0,0.0,0,15,0.0
2025-09-16,1.1477613022852193,-0.005653079792703797,-0.005653079792703906,0.0,0.0,0,15,0.0
2025-09-17,1.1530907592685675,0.004643349599552815,0.004643349599552886,0.0,0.0,0,15,0.0
2025-09-18,1.1792681412562367,0.022701926780051673,0.02270192678005175,0.0,0.0,0,15,0.0
2025-09-19,1.1886451565874092,0.007951554869602084,0.007951554869602,0.0,0.0,0,15,0.0
2025-09-22,1.1856100603618758,-0.0025534081459996916,-0.0025534081459998494,0.0,0.0,0,15,0.0
2025-09-23,1.1750338161488103,-0.00892050815580736,-0.008920508155807414,0.0,0.0,0,15,0.0
2025-09-24,1.1627675819030239,-0.010439047861608874,-0.010439047861608739,0.0,0.0,0,15,0.0
2025-09-25,1.1545453598983084,-0.007071251497447695,-0.007071251497447669,0.0,0.0,0,15,0.0
2025-09-26,1.1677154744065044,0.011407186729637031,0.011407186729636939,0.0,0.0,0,15,0.0
2025-09-29,1.173603374665634,0.005042238788624642,0.005042238788624731,0.0,0.0,0,15,0.0
2025-09-30,1.1694236120531574,-0.003561478010974173,-0.003561478010974225,0.0,0.0,0,15,0.0
2025-10-01,1.1697117439415903,0.00024638795169096284,0.0002463879516910279,0.0,0.0,0,15,0.0
2025-10-02,1.1794761788084471,0.008347727478526856,0.008347727478526816,0.0,0.0,0,15,0.0
2025-10-03,1.171848631478108,-0.0064668939206934395,-0.006466893920693459,0.0,0.0,0,15,0.0
2025-10-06,1.184350872202255,0.010668818811843783,0.010668818811843821,0.0,0.0,0,15,0.0
2025-10-07,1.1697349989198471,-0.012340830429102723,-0.012340830429102768,0.0,0.0,0,15,0.0
2025-10-08,1.1819020868751324,0.010401576396808387,0.01040157639680846,0.0,0.0,0,15,0.0
2025-10-09,1.1838703995466486,0.0016653771013470653,0.0016653771013469673,0.0,0.0,0,15,0.0
2025-10-10,1.1441159683693716,-0.03358005335085723,-0.03358005335085711,0.0,0.0,0,15,0.0
2025-10-13,1.1658979745415532,0.01903828525636775,0.019038285256367683,0.0,0.0,0,15,0.0
2025-10-14,1.1548573882552922,-0.00946959899351596,-0.009469598993515906,0.0,0.0,0,15,0.0
2025-10-15,1.151446991039961,-0.0029530894896758753,-0.002953089489675922,0.0,0.0,0,15,0.0
2025-10-16,1.1388620584907143,-0.0109296673204905,-0.010929667320490548,0.0,0.0,0,15,0.0
2025-10-17,1.149682451587755,0.009501056792936335,0.00950105679293643,0.0,0.0,0,15,0.0
2025-10-20,1.1738545342670643,0.021025007945391083,0.02102500794539112,0.0,0.0,0,15,0.0
2025-10-21,1.181661156132473,0.006650416757373545,0.0066504167573736075,0.0,0.0,0,15,0.0
2025-10-22,1.153056494168228,-0.02420716109334331,-0.02420716109334342,0.0,0.0,0,15,0.0
2025-10-23,1.1652221369756124,0.010550777753660867,0.010550777753660956,0.0,0.0,0,15,0.0
2025-10-24,1.1787449092431797,0.011605316993604564,0.01160531699360452,0.0,0.0,0,15,0.0
2025-10-27,1.1913394471775247,0.010684701868558966,0.010684701868559006,0.0,0.0,0,15,0.0
2025-10-28,1.1849631739004745,-0.005352188490154286,-0.005352188490154197,0.0,0.0,0,15,0.0
2025-10-29,1.1752264614336008,-0.00821689034843498,-0.008216890348434985,0.0,0.0,0,15,0.0
2025-10-30,1.1703487100099128,-0.004150477872781999,-0.004150477872782135,0.0,0.0,0,15,0.0
2025-10-31,1.1815395898870524,0.009562004709728678,0.009562004709728763,0.0,0.0,0,15,0.0
2025-11-03,1.1827529203069411,0.0010269062757386482,0.0010269062757386326,0.0,0.0,0,15,0.0
2025-11-04,1.1535980873556897,-0.024649977565631698,-0.02464997756563166,0.0,0.0,0,15,0.0
2025-11-05,1.1549166106984066,0.0011429659577013584,0.0011429659577014515,0.0,0.0,0,15,0.0
2025-11-06,1.1339238418807613,-0.018176869761142744,-0.018176869761142786,0.0,0.0,0,15,0.0
2025-11-07,1.1333162826075758,-0.0005358025387118825,-0.000535802538711834,0.0,0.0,0,15,0.0
2025-11-10,1.1530191520079962,0.01738514632039645,0.01738514632039642,0.0,0.0,0,15,0.0
2025-11-11,1.1527541728231396,-0.00022981334212446303,-0.00022981334212432894,0.0,0.0,0,15,0.0
2025-11-12,1.1505520690580064,-0.0019102978042058183,-0.0019102978042058365,0.0,0.0,0,15,0.0
2025-11-13,1.1256941443516846,-0.021605214900594416,-0.02160521490059438,0.0,0.0,0,15,0.0
2025-11-14,1.1218065455421742,-0.0034535125096074593,-0.003453512509607607,0.0,0.0,0,15,0.0
2025-11-17,1.0976258191460577,-0.02155516607761432,-0.021555166077614332,0.0,0.0,0,15,0.0
2025-11-18,1.091420949788192,-0.0056529914380960555,-0.005652991438096019,0.0,0.0,0,15,0.0
2025-11-19,1.0891666179278146,-0.002065501730395436,-0.0020655017303954867,0.0,0.0,0,15,0.0
2025-11-20,1.0575687923086425,-0.02901101181313126,-0.02901101181313129,0.0,0.0,0,15,0.0
2025-11-21,1.0603890837621424,0.002666768794626684,0.002666768794626644,0.0,0.0,0,15,0.0
2025-11-24,1.0819670587421037,0.020349110822043937,0.020349110822043888,0.0,0.0,0,15,0.0
2025-11-25,1.0880615165755967,0.005632757286139878,0.0056327572861399585,0.0,0.0,0,15,0.0
2025-11-26,1.0923101333954557,0.0039047579159223744,0.0039047579159222673,0.0,0.0,0,15,0.0
2025-11-28,1.1052645059892177,0.011859610377771723,0.011859610377771761,0.0,0.0,0,15,0.0
2025-12-01,1.1039800496265098,-0.001162125767857125,-0.0011621257678571058,0.0,0.0,0,15,0.0
2025-12-02,1.1316370646878866,0.025052096793536816,0.025052096793536895,0.0,0.0,0,15,0.0
2025-12-03,1.135355982459481,0.0032863166890173545,0.0045139761207093785,0.30553567717218366,0.0012221427086887347,0,15,0.0
2025-12-04,1.1364046871078848,0.0009236791496285424,0.0009236791496285369,0.0,0.0,0,15,0.0
2025-12-05,1.1414270156431867,0.004419489458534098,0.004419489458534059,0.0,0.0,0,15,0.0
2025-12-08,1.1354297518347347,-0.0052541807108643646,-0.005254180710864251,0.0,0.0,0,15,0.0
2025-12-09,1.1345521634886442,-0.0007729129386230271,-0.0007729129386231804,0.0,0.0,0,15,0.0
2025-12-10,1.1428949112130447,0.0073533399281944245,0.007353339928194452,0.0,0.0,0,15,0.0
2025-12-11,1.1394019208076362,-0.0030562656033712443,-0.002325903599486771,0.1830161789605452,0.0007320647158421808,0,15,0.0
2025-12-12,1.1222616398357945,-0.015043226326748926,-0.015043226326748954,0.0,0.0,0,15,0.0
2025-12-15,1.1153298550239172,-0.006176620999797877,-0.006176620999797894,0.0,0.0,0,15,0.0
2025-12-16,1.1224938966011653,0.006423249180480761,0.006423249180480721,0.0,0.0,0,15,0.0
2025-12-17,1.0993110416585663,-0.02065298975147667,-0.020652989751476645,0.0,0.0,0,15,0.0
2025-12-18,1.1224680204526625,0.021064992451234277,0.021064992451234353,0.0,0.0,0,15,0.0
2025-12-19,1.1352816957108196,0.011415626124466005,0.011415626124465979,0.0,0.0,0,15,0.0
2025-12-22,1.1437478782238748,0.007457340803644685,0.007457340803644687,0.0,0.0,0,15,0.0
2025-12-23,1.1428737246966738,-0.0007642886547325478,-0.0007642886547325557,0.0,0.0,0,15,0.0
2025-12-24,1.1449958073003086,0.001856795337733308,0.0018567953377334016,0.0,0.0,0,15,0.0
2025-12-26,1.146446477148333,0.00126696520526548,0.001266965205265509,0.0,0.0,0,15,0.0
2025-12-29,1.1336676561487449,-0.011146461046636968,-0.011146461046636918,0.0,0.0,0,15,0.0
2025-12-30,1.1257037812891197,-0.007024876132287083,-0.0070248761322871936,0.0,0.0,0,15,0.0
2025-12-31,1.111971072236524,-0.012199220861521476,-0.012199220861521446,0.0,0.0,0,15,0.0
2026-01-02,1.100807306331903,-0.01003961900031003,-0.010039619000310007,0.0,0.0,0,15,0.0
2026-01-05,1.1261830074630033,0.02305190107763444,0.023051901077634468,0.0,0.0,0,15,0.0
2026-01-06,1.1468036906501797,0.018310241808415784,0.0183102418084158,0.0,0.0,0,15,0.0
2026-01-07,1.1431085441628388,-0.003222126434948902,-0.0032221264349489454,0.0,0.0,0,15,0.0
2026-01-08,1.1212816367963137,-0.019094343645651102,-0.0190943436456511,0.0,0.0,0,15,0.0
2026-01-09,1.125390856743045,0.003664752736406207,0.00366475273640615,0.0,0.0,0,15,0.0
2026-01-12,1.1322218996526567,0.0060699292771768665,0.006069929277176758,0.0,0.0,0,15,0.0
2026-01-13,1.1291602516824653,-0.002704105945248725,-0.0027041059452487756,0.0,0.0,0,15,0.0
2026-01-14,1.111271334787674,-0.015842673232729032,-0.015842673232729015,0.0,0.0,0,15,0.0
2026-01-15,1.1265547965161002,0.013753132335899254,0.013753132335899294,0.0,0.0,0,15,0.0
2026-01-16,1.125252664269427,-0.0011558534486739713,-0.001155853448674116,0.0,0.0,0,15,0.0
2026-01-20,1.0975275632325805,-0.024639000570460423,-0.0246390005704604,0.0,0.0,0,15,0.0
2026-01-21,1.1082200074177044,0.009742301280918353,0.009742301280918407,0.0,0.0,0,15,0.0
2026-01-22,1.1194664735611144,0.01014822514314262,0.010148225143142687,0.0,0.0,0,15,0.0
2026-01-23,1.1266684265884137,0.006433379826364272,0.0064333798263642005,0.0,0.0,0,15,0.0
2026-01-26,1.1309610163670918,0.003809984976392844,0.0038099849763928227,0.0,0.0,0,15,0.0
2026-01-27,1.1382727865500006,0.006465094797339699,0.007133195094297382,0.16584209025478702,0.0006633683610191481,0,15,0.0
2026-01-28,1.1378553781236789,-0.000366703334432672,-0.00036670333443280997,0.0,0.0,0,15,0.0
2026-01-29,1.1181437973542405,-0.017323450016945685,-0.017323450016945685,0.0,0.0,0,15,0.0
2026-01-30,1.06567400984317,-0.04692579580124212,-0.04692579580124211,0.0,0.0,0,15,0.0
2026-02-02,1.07601273766468,0.00970158578140734,0.009701585781407358,0.0,0.0,0,15,0.0
2026-02-03,1.0360973221163923,-0.03709567196659591,-0.03709567196659593,0.0,0.0,0,15,0.0
2026-02-04,1.0080346954114734,-0.027084933148554535,-0.027084933148554695,0.0,0.0,0,15,0.0
2026-02-05,0.9796429460443238,-0.028165448566787932,-0.0281654485667879,0.0,0.0,0,15,0.0
2026-02-06,1.0161668825339845,0.03728290663158429,0.03728290663158433,0.0,0.0,0,15,0.0
2026-02-09,1.0327280831911505,0.016297717374795573,0.0169270285180654,0.15470902179353171,0.0006188360871741269,0,15,0.0
2026-02-10,1.0338096526601046,0.0010472935582539478,0.0010472935582538634,0.0,0.0,0,15,0.0
2026-02-11,1.029508727495114,-0.004160267950607532,-0.0041602679506075315,0.0,0.0,0,15,0.0
2026-02-12,1.0033270503628129,-0.02543123378468426,-0.025431233784684273,0.0,0.0,0,15,0.0
2026-02-13,1.0231515640928848,0.019758775289576036,0.019758775289575956,0.0,0.0,0,15,0.0
2026-02-17,1.0137870658232953,-0.009152601235470015,-0.009152601235469997,0.0,0.0,0,15,0.0
2026-02-18,1.0351810845048455,0.021103069276363406,0.021103069276363476,0.0,0.0,0,15,0.0
2026-02-19,1.031362743246922,-0.0036885732506888314,-0.003688573250688855,0.0,0.0,0,15,0.0
2026-02-20,1.0221731218913424,-0.008910173860507076,-0.008910173860507022,0.0,0.0,0,15,0.0
2026-02-23,0.9868099954324862,-0.03459602458869515,-0.03459602458869521,0.0,0.0,0,15,0.0
2026-02-24,1.0010382946064238,0.014418478977507476,0.014418478977507528,0.0,0.0,0,15,0.0
2026-02-25,1.017241154681003,0.01618605418182284,0.01618605418182275,0.0,0.0,0,15,0.0
2026-02-26,1.0317669061060593,0.014279555401601307,0.014279555401601286,0.0,0.0,0,15,0.0
2026-02-27,1.0266779294161732,-0.004932293001228549,-0.004932293001228545,0.0,0.0,0,15,0.0
2026-03-02,1.0438891248942592,0.016763967535440516,0.016763967535440544,0.0,0.0,0,15,0.0
2026-03-03,1.0182848402207845,-0.02452778179489923,-0.0235156934977205,0.25911535148066017,0.0010364614059226408,0,15,0.0
2026-03-04,1.0299746596973447,0.011479911135695131,0.011479911135695096,0.0,0.0,0,15,0.0
2026-03-05,1.0299669487204537,-7.486569517434205e-06,-7.486569517457448e-06,0.0,0.0,0,15,0.0
2026-03-06,1.0103965332056821,-0.019001013128706945,-0.019001013128706907,0.0,0.0,0,15,0.0
2026-03-09,1.0270963228658196,0.01652795621453107,0.016527956214531108,0.0,0.0,0,15,0.0
2026-03-10,1.018827801540274,-0.008050385481348732,-0.008050385481348678,0.0,0.0,0,15,0.0
2026-03-11,1.0232775396970235,0.004367507590607778,0.004367507590607831,0.0,0.0,0,15,0.0
2026-03-12,1.0002440661523557,-0.022509507588222455,-0.022509507588222497,0.0,0.0,0,15,0.0
2026-03-13,0.9995252219178867,-0.0007186688317324386,-0.000718668831732464,0.0,0.0,0,15,0.0
2026-03-16,1.0103394394531873,0.010819354327597841,0.010819354327597818,0.0,0.0,0,15,0.0
2026-03-17,1.021305981292155,0.010854314313319291,0.010854314313319218,0.0,0.0,0,15,0.0
2026-03-18,1.012704481973335,-0.008422059085502864,-0.008422059085502892,0.0,0.0,0,15,0.0
2026-03-19,1.0129445470818406,0.00023705346700708674,0.00023705346700704817,0.0,0.0,0,15,0.0
2026-03-20,0.9948626363222494,-0.017850839724329215,-0.017850839724329215,0.0,0.0,0,15,0.0
2026-03-23,1.0144774256780618,0.0197160780188943,0.019716078018894367,0.0,0.0,0,15,0.0
2026-03-24,1.0023801640997487,-0.011924623724601346,-0.011924623724601307,0.0,0.0,0,15,0.0
2026-03-25,1.0008368769980451,-0.0015396225473891523,-0.0015396225473891904,0.0,0.0,0,15,0.0
2026-03-26,0.9763012989862048,-0.024515061920413528,-0.024515061920413576,0.0,0.0,0,15,0.0
2026-03-27,0.9516859718743796,-0.025212838636377688,-0.02521283863637771,0.0,0.0,0,15,0.0
2026-03-30,0.9374522361541504,-0.014956336586737118,-0.014956336586737123,0.0,0.0,0,15,0.0
2026-03-31,0.9873250759654901,0.053200406258499644,0.053200406258499644,0.0,0.0,0,15,0.0
2026-04-01,1.0000166522841127,0.012854506208314076,0.012854506208313979,0.0,0.0,0,15,0.0
2026-04-02,1.0026534035486419,0.0026367073573290156,0.0026367073573290985,0.0,0.0,0,15,0.0
2026-04-06,1.0118477109122683,0.009169975717516765,0.0091699757175168,0.0,0.0,0,15,0.0
2026-04-07,1.0187626847953275,0.006834006549093052,0.00683400654909316,0.0,0.0,0,15,0.0
2026-04-08,1.0542552869451183,0.034838930282297564,0.034838930282297585,0.0,0.0,0,15,0.0
2026-04-09,1.0329684707430935,-0.02019132980941163,-0.02019132980941159,0.0,0.0,0,15,0.0
2026-04-10,1.0233717176558783,-0.009290460802072298,-0.009290460802072346,0.0,0.0,0,15,0.0
2026-04-13,1.054559705396213,0.030475717866987218,0.030475717866987304,0.0,0.0,0,15,0.0
2026-04-14,1.0615270455698456,0.006606871225953714,0.006606871225953805,0.0,0.0,0,15,0.0
2026-04-15,1.079247281590844,0.016693155482897737,0.016693155482897806,0.0,0.0,0,15,0.0
2026-04-16,1.100336021826932,0.01954023011760797,0.019540230117607957,0.0,0.0,0,15,0.0
2026-04-17,1.129362381636028,0.0263795415521364,0.02637954155213641,0.0,0.0,0,15,0.0
2026-04-20,1.1463505753830596,0.015042287598088677,0.015042287598088675,0.0,0.0,0,15,0.0
2026-04-21,1.15612690042102,0.008528215755196467,0.008528215755196465,0.0,0.0,0,15,0.0
2026-04-22,1.1752891299308044,0.016574503631743287,0.016574503631743183,0.0,0.0,0,15,0.0
2026-04-23,1.166847441518555,-0.007182648249921653,-0.007182648249921762,0.0,0.0,0,15,0.0
2026-04-24,1.1876051154360905,0.017789535443057725,0.017789535443057804,0.0,0.0,0,15,0.0
2026-04-27,1.1848014052527684,-0.002360810126935675,-0.0023608101269357515,0.0,0.0,0,15,0.0
2026-04-28,1.1531643783921814,-0.02670238802918834,-0.026702388029188447,0.0,0.0,0,15,0.0
2026-04-29,1.1629544038417734,0.00848970505249369,0.008489705052493607,0.0,0.0,0,15,0.0
2026-04-30,1.1684206591682704,0.004700317835711676,0.004700317835711588,0.0,0.0,0,15,0.0
2026-05-01,1.1822796230107264,0.011861279354921095,0.011861279354921003,0.0,0.0,0,15,0.0
2026-05-04,1.1881139345711926,0.004934798373339877,0.004934798373339791,0.0,0.0,0,15,0.0
2026-05-05,1.1882719481654846,0.00013299532115085277,0.0001329953211508638,0.0,0.0,0,15,0.0
2026-05-06,1.2038769555132065,0.01313252187078362,0.013132521870783722,0.0,0.0,0,15,0.0
2026-05-07,1.2034302086485325,-0.0003710901372669939,-0.00037109013726708244,0.0,0.0,0,15,0.0
2026-05-08,1.2255237228052562,0.01835878308351191,0.01835878308351192,0.0,0.0,0,15,0.0
2026-05-11,1.2333739019346652,0.006405570927211279,0.006405570927211364,0.0,0.0,0,15,0.0
2026-05-12,1.224012129770514,-0.0075903764052946965,-0.00759037640529462,0.0,0.0,0,15,0.0
2026-05-13,1.2450069748132169,0.01715248119856394,0.017152481198563833,0.0,0.0,0,15,0.0
2026-05-14,1.259993261107386,0.012037110311303723,0.012037110311303743,0.0,0.0,0,15,0.0
2026-05-15,1.2420898383141037,-0.01420914170409715,-0.01420914170409724,0.0,0.0,0,15,0.0
2026-05-18,1.238270496005746,-0.003074932416757936,-0.0023980932361224797,0.1696165514636709,0.0006784662058546836,0,15,0.0
2026-05-19,1.2280943649117901,-0.008218019509291907,-0.008218019509291893,0.0,0.0,0,15,0.0
2026-05-20,1.2606237912335299,0.02648772541520139,0.026824523134789956,0.08199982372841777,0.0003279992949136711,0,15,0.0
2026-05-21,1.2727238209834044,0.009598446288273443,0.009598446288273485,0.0,0.0,0,15,0.0
2026-05-22,1.3046539030441515,0.02508798965990544,0.025087989659905437,0.0,0.0,0,15,0.0
2026-05-26,1.3463225338295597,0.03193845562273845,0.031938455622738476,0.0,0.0,0,15,0.0
2026-05-27,1.3420132038059336,-0.003200815492085951,-0.0032008154920859845,0.0,0.0,0,15,0.0
2026-05-28,1.3705587798903953,0.02127071179590989,0.02127071179590979,0.0,0.0,0,15,0.0
2026-05-29,1.3817364347612027,0.008155545777979167,0.008155545777979148,0.0,0.0,0,15,0.0
2026-06-01,1.4432519162531139,0.044520416444358,0.0445204164443579,0.0,0.0,0,15,0.0
2026-06-02,1.4637677534585736,0.014215007771284816,0.014215007771284769,0.0,0.0,0,15,0.0
2026-06-03,1.4593391930368285,-0.0030254529185257395,-0.0030254529185256914,0.0,0.0,0,15,0.0
2026-06-04,1.4527025935501106,-0.004547674398374335,-0.004547674398374358,0.0,0.0,0,15,0.0
2026-06-05,1.3416109044991598,-0.07647242425544598,-0.07647242425544586,0.0,0.0,0,15,0.0
2026-06-08,1.3827430034724768,0.030658739307632743,0.03065873930763268,0.0,0.0,0,15,0.0
2026-06-09,1.3631047125122986,-0.014202415713448269,-0.014202415713448154,0.0,0.0,0,15,0.0
2026-06-10,1.3422778522302108,-0.015278987806961908,-0.015278987806961967,0.0,0.0,0,15,0.0
2026-06-11,1.4070130896774442,0.04822789658614646,0.04822789658614655,0.0,0.0,0,15,0.0
2026-06-12,1.4137146905861353,0.004762998267647589,0.004762998267647643,0.0,0.0,0,15,0.0
2026-06-15,1.4398769549660946,0.018506042664883315,0.018506042664883343,0.0,0.0,0,15,0.0
2026-06-16,1.412096565967461,-0.019293585401738644,-0.01929358540173859,0.0,0.0,0,15,0.0
2026-06-17,1.3875437807845823,-0.017387468941302164,-0.017387468941302147,0.0,0.0,0,15,0.0
2026-06-18,1.4190283045409708,0.022690832673103678,0.02269083267310365,0.0,0.0,0,15,0.0
2026-06-22,1.4367390698682745,0.012480910543241519,0.012480910543241438,0.0,0.0,0,15,0.0
2026-06-23,1.382214977638332,-0.03794989178859154,-0.03794989178859157,0.0,0.0,0,15,0.0
2026-06-24,1.3523045970206176,-0.021639456308612415,-0.02163945630861238,0.0,0.0,0,15,0.0
2026-06-25,1.3622931907740377,0.007386349033662087,0.007386349033662021,0.0,0.0,0,15,0.0
2026-06-26,1.3267471137220548,-0.026092824432151773,-0.026092824432151763,0.0,0.0,0,15,0.0
2026-06-29,1.3465061750736884,0.014892861757356046,0.014892861757356143,0.0,0.0,0,15,0.0
2026-06-30,1.3770869013221958,0.02271116673255058,0.02271116673255062,0.0,0.0,0,15,0.0
2026-07-01,1.3490120735737874,-0.02038711407497429,-0.020387114074974337,0.0,0.0,0,15,0.0
2026-07-02,1.295718681627849,-0.03950549664448455,-0.039505496644484446,0.0,0.0,0,15,0.0
2026-07-06,1.3240623920675612,0.021874895254348825,0.021874895254348714,0.0,0.0,0,15,0.0
2026-07-07,1.2896103379877801,-0.026019962719417755,-0.02601996271941784,0.0,0.0,0,15,0.0
2026-07-08,1.2956325034866838,0.004669755911153928,0.004669755911153957,0.0,0.0,0,15,0.0
2026-07-09,1.322785419759187,0.02095726697148459,0.02095726697148448,0.0,0.0,0,15,0.0
2026-07-10,1.3018494233317,-0.015827205315960158,-0.015827205315960127,0.0,0.0,0,15,0.0
2026-07-13,1.2791729260146893,-0.017418679081161903,-0.01741867908116201,0.0,0.0,0,15,0.0
2026-07-14,1.3166568767306424,0.029303270850748575,0.029303270850748547,0.0,0.0,0,15,0.0
2026-07-15,1.2994154438592371,-0.013094856508262809,-0.013094856508262673,0.0,0.0,0,15,0.0
2026-07-16,1.2692188280367933,-0.023238615459856726,-0.023238615459856674,0.0,0.0,0,15,0.0
2026-07-17,1.2517977912642015,-0.013725794471185382,-0.013725794471185339,0.0,0.0,0,15,0.0
2026-07-20,1.2599657435960743,0.0065249774275635275,0.006524977427563584,0.0,0.0,0,15,0.0
2026-07-21,1.2753640250702925,0.012221190577983432,0.012684508392542388,0.11437861711105059,0.0004575144684442024,0,15,0.0
2026-07-22,1.2718531680246965,-0.0027528274097290417,-0.002752827409729112,0.0,0.0,0,15,0.0
2026-07-23,1.264877598762781,-0.005484571204669275,-0.0054845712046692925,0.0,0.0,0,15,0.0
2026-07-24,1.2370302481183457,-0.022015846174897602,-0.022015846174897765,0.0,0.0,0,15,0.0
2026-07-27,1.2512841350249329,0.011522666424906625,0.011522666424906642,0.0,0.0,0,15,0.0
2026-07-28,1.23328713279474,-0.014382826191458364,-0.014382826191458371,0.0,0.0,0,15,0.0
2026-07-29,1.1871364689699029,-0.03742085893676317,-0.03742085893676309,0.0,0.0,0,15,0.0
2026-07-30,1.234137679220825,0.03959208690783944,0.04003624057777789,0.10676398874611989,0.0004270559549844796,0,15,0.0
2026-07-31,1.2429739172707688,0.007159847883035697,0.007159847883035732,0.0,0.0,0,15,0.0
2026-08-03,1.2599599346285937,0.013665626544377973,0.01421833034619541,0.13623886131817195,0.0005449554452726878,0,15,0.0
2026-08-04,1.2859279410945277,0.020610184302081613,0.020610184302081534,0.0,0.0,0,15,0.0
2026-08-05,1.2688918216602094,-0.013248113591666555,-0.013248113591666548,0.0,0.0,0,15,0.0
2026-08-06,1.2585338626324623,-0.008162996128539102,-0.007607260754295783,0.13999885132820886,0.0005599954053128355,0,15,0.0
2026-08-07,1.291149445455701,0.02591553854182127,0.02591553854182123,0.0,0.0,0,15,0.0
2026-08-10,1.2943845420480877,0.0025055942236376083,0.0025055942236376924,0.0,0.0,0,15,0.0
2026-08-11,1.2951828954005207,0.0006167822053635419,0.0006167822053635096,0.0,0.0,0,15,0.0
2026-08-12,1.306270471037402,0.008560625434643754,0.00856062543464377,0.0,0.0,0,15,0.0
2026-08-13,1.3179310186245607,0.008926595100858581,0.00892659510085857,0.0,0.0,0,15,0.0
2026-08-14,1.3084790478362374,-0.007171825121915498,-0.007171825121915414,0.0,0.0,0,15,0.0
2026-08-17,1.3008765927956631,-0.005810146561495144,-0.005810146561495177,0.0,0.0,0,15,0.0
2026-08-18,1.2609045670248316,-0.030726992854048674,-0.03072699285404868,0.0,0.0,0,15,0.0
2026-08-19,1.2332082617789724,-0.021965425433591812,-0.021965425433591788,0.0,0.0,0,15,0.0
2026-08-20,1.2107158398176532,-0.01823894848780261,-0.018238948487802577,0.0,0.0,0,15,0.0
2026-08-21,1.219877238117298,0.007566926935576035,0.00756692693557608,0.0,0.0,0,15,0.0
2026-08-24,1.2003307513974568,-0.01602332276484497,-0.016023322764844965,0.0,0.0,0,15,0.0
2026-08-25,1.2108290474523047,0.008746169372587875,0.008746169372587884,0.0,0.0,0,15,0.0
2026-08-26,1.2194273106273346,0.007101137186229067,0.007101137186229074,0.0,0.0,0,15,0.0
2026-08-27,1.2780723114165506,0.04809224812182222,0.048092248121822334,0.0,0.0,0,15,0.0
2026-08-28,1.2475508008151708,-0.02388089494525647,-0.02388089494525663,0.0,0.0,0,15,0.0
2026-08-31,1.254026345483409,0.005190605996971964,0.0051906059969719165,0.0,0.0,0,15,0.0
2026-09-01,1.217138004061541,-0.02941592220508582,-0.02941592220508594,0.0,0.0,0,15,0.0
2026-09-02,1.1891132332328176,-0.023025138263044753,-0.023025138263044892,0.0,0.0,0,15,0.0
2026-09-03,1.2125855273595731,0.019739326307000926,0.019739326307000912,0.0,0.0,0,15,0.0
2026-09-04,1.2102443525379794,-0.0019307296423797249,-0.0019307296423798671,0.0,0.0,0,15,0.0
