ensemble,top_n,policy,hold_floor,score_edge
H20,5,MONTHLY,,
H20,5,WEEKLY,,
H20,5,DAILY,,
H20,5,EVENT_LOOSE,0.7,0.03
H20,5,EVENT_BALANCED,0.8,0.05
H20,5,EVENT_STRICT,0.85,0.1
H20,10,MONTHLY,,
H20,10,WEEKLY,,
H20,10,DAILY,,
H20,10,EVENT_LOOSE,0.7,0.03
H20,10,EVENT_BALANCED,0.8,0.05
H20,10,EVENT_STRICT,0.85,0.1
H20,15,MONTHLY,,
H20,15,WEEKLY,,
H20,15,DAILY,,
H20,15,EVENT_LOOSE,0.7,0.03
H20,15,EVENT_BALANCED,0.8,0.05
H20,15,EVENT_STRICT,0.85,0.1
H20,20,MONTHLY,,
H20,20,WEEKLY,,
H20,20,DAILY,,
H20,20,EVENT_LOOSE,0.7,0.03
H20,20,EVENT_BALANCED,0.8,0.05
H20,20,EVENT_STRICT,0.85,0.1
H60,5,MONTHLY,,
H60,5,WEEKLY,,
H60,5,DAILY,,
H60,5,EVENT_LOOSE,0.7,0.03
H60,5,EVENT_BALANCED,0.8,0.05
H60,5,EVENT_STRICT,0.85,0.1
H60,10,MONTHLY,,
H60,10,WEEKLY,,
H60,10,DAILY,,
H60,10,EVENT_LOOSE,0.7,0.03
H60,10,EVENT_BALANCED,0.8,0.05
H60,10,EVENT_STRICT,0.85,0.1
H60,15,MONTHLY,,
H60,15,WEEKLY,,
H60,15,DAILY,,
H60,15,EVENT_LOOSE,0.7,0.03
H60,15,EVENT_BALANCED,0.8,0.05
H60,15,EVENT_STRICT,0.85,0.1
H60,20,MONTHLY,,
H60,20,WEEKLY,,
H60,20,DAILY,,
H60,20,EVENT_LOOSE,0.7,0.03
H60,20,EVENT_BALANCED,0.8,0.05
H60,20,EVENT_STRICT,0.85,0.1
H120,5,MONTHLY,,
H120,5,WEEKLY,,
H120,5,DAILY,,
H120,5,EVENT_LOOSE,0.7,0.03
H120,5,EVENT_BALANCED,0.8,0.05
H120,5,EVENT_STRICT,0.85,0.1
H120,10,MONTHLY,,
H120,10,WEEKLY,,
H120,10,DAILY,,
H120,10,EVENT_LOOSE,0.7,0.03
H120,10,EVENT_BALANCED,0.8,0.05
H120,10,EVENT_STRICT,0.85,0.1
H120,15,MONTHLY,,
H120,15,WEEKLY,,
H120,15,DAILY,,
H120,15,EVENT_LOOSE,0.7,0.03
H120,15,EVENT_BALANCED,0.8,0.05
H120,15,EVENT_STRICT,0.85,0.1
H120,20,MONTHLY,,
H120,20,WEEKLY,,
H120,20,DAILY,,
H120,20,EVENT_LOOSE,0.7,0.03
H120,20,EVENT_BALANCED,0.8,0.05
H120,20,EVENT_STRICT,0.85,0.1
H252,5,MONTHLY,,
H252,5,WEEKLY,,
H252,5,DAILY,,
H252,5,EVENT_LOOSE,0.7,0.03
H252,5,EVENT_BALANCED,0.8,0.05
H252,5,EVENT_STRICT,0.85,0.1
H252,10,MONTHLY,,
H252,10,WEEKLY,,
H252,10,DAILY,,
H252,10,EVENT_LOOSE,0.7,0.03
H252,10,EVENT_BALANCED,0.8,0.05
H252,10,EVENT_STRICT,0.85,0.1
H252,15,MONTHLY,,
H252,15,WEEKLY,,
H252,15,DAILY,,
H252,15,EVENT_LOOSE,0.7,0.03
H252,15,EVENT_BALANCED,0.8,0.05
H252,15,EVENT_STRICT,0.85,0.1
H252,20,MONTHLY,,
H252,20,WEEKLY,,
H252,20,DAILY,,
H252,20,EVENT_LOOSE,0.7,0.03
H252,20,EVENT_BALANCED,0.8,0.05
H252,20,EVENT_STRICT,0.85,0.1
SHORT_20_60,5,MONTHLY,,
SHORT_20_60,5,WEEKLY,,
SHORT_20_60,5,DAILY,,
SHORT_20_60,5,EVENT_LOOSE,0.7,0.03
SHORT_20_60,5,EVENT_BALANCED,0.8,0.05
SHORT_20_60,5,EVENT_STRICT,0.85,0.1
SHORT_20_60,10,MONTHLY,,
SHORT_20_60,10,WEEKLY,,
SHORT_20_60,10,DAILY,,
SHORT_20_60,10,EVENT_LOOSE,0.7,0.03
SHORT_20_60,10,EVENT_BALANCED,0.8,0.05
SHORT_20_60,10,EVENT_STRICT,0.85,0.1
SHORT_20_60,15,MONTHLY,,
SHORT_20_60,15,WEEKLY,,
SHORT_20_60,15,DAILY,,
SHORT_20_60,15,EVENT_LOOSE,0.7,0.03
SHORT_20_60,15,EVENT_BALANCED,0.8,0.05
SHORT_20_60,15,EVENT_STRICT,0.85,0.1
SHORT_20_60,20,MONTHLY,,
SHORT_20_60,20,WEEKLY,,
SHORT_20_60,20,DAILY,,
SHORT_20_60,20,EVENT_LOOSE,0.7,0.03
SHORT_20_60,20,EVENT_BALANCED,0.8,0.05
SHORT_20_60,20,EVENT_STRICT,0.85,0.1
MEDIUM_60_120,5,MONTHLY,,
MEDIUM_60_120,5,WEEKLY,,
MEDIUM_60_120,5,DAILY,,
MEDIUM_60_120,5,EVENT_LOOSE,0.7,0.03
MEDIUM_60_120,5,EVENT_BALANCED,0.8,0.05
MEDIUM_60_120,5,EVENT_STRICT,0.85,0.1
MEDIUM_60_120,10,MONTHLY,,
MEDIUM_60_120,10,WEEKLY,,
MEDIUM_60_120,10,DAILY,,
MEDIUM_60_120,10,EVENT_LOOSE,0.7,0.03
MEDIUM_60_120,10,EVENT_BALANCED,0.8,0.05
MEDIUM_60_120,10,EVENT_STRICT,0.85,0.1
MEDIUM_60_120,15,MONTHLY,,
MEDIUM_60_120,15,WEEKLY,,
MEDIUM_60_120,15,DAILY,,
MEDIUM_60_120,15,EVENT_LOOSE,0.7,0.03
MEDIUM_60_120,15,EVENT_BALANCED,0.8,0.05
MEDIUM_60_120,15,EVENT_STRICT,0.85,0.1
MEDIUM_60_120,20,MONTHLY,,
MEDIUM_60_120,20,WEEKLY,,
MEDIUM_60_120,20,DAILY,,
MEDIUM_60_120,20,EVENT_LOOSE,0.7,0.03
MEDIUM_60_120,20,EVENT_BALANCED,0.8,0.05
MEDIUM_60_120,20,EVENT_STRICT,0.85,0.1
LONG_120_252,5,MONTHLY,,
LONG_120_252,5,WEEKLY,,
LONG_120_252,5,DAILY,,
LONG_120_252,5,EVENT_LOOSE,0.7,0.03
LONG_120_252,5,EVENT_BALANCED,0.8,0.05
LONG_120_252,5,EVENT_STRICT,0.85,0.1
LONG_120_252,10,MONTHLY,,
LONG_120_252,10,WEEKLY,,
LONG_120_252,10,DAILY,,
LONG_120_252,10,EVENT_LOOSE,0.7,0.03
LONG_120_252,10,EVENT_BALANCED,0.8,0.05
LONG_120_252,10,EVENT_STRICT,0.85,0.1
LONG_120_252,15,MONTHLY,,
LONG_120_252,15,WEEKLY,,
LONG_120_252,15,DAILY,,
LONG_120_252,15,EVENT_LOOSE,0.7,0.03
LONG_120_252,15,EVENT_BALANCED,0.8,0.05
LONG_120_252,15,EVENT_STRICT,0.85,0.1
LONG_120_252,20,MONTHLY,,
LONG_120_252,20,WEEKLY,,
LONG_120_252,20,DAILY,,
LONG_120_252,20,EVENT_LOOSE,0.7,0.03
LONG_120_252,20,EVENT_BALANCED,0.8,0.05
LONG_120_252,20,EVENT_STRICT,0.85,0.1
ALL_EQUAL,5,MONTHLY,,
ALL_EQUAL,5,WEEKLY,,
ALL_EQUAL,5,DAILY,,
ALL_EQUAL,5,EVENT_LOOSE,0.7,0.03
ALL_EQUAL,5,EVENT_BALANCED,0.8,0.05
ALL_EQUAL,5,EVENT_STRICT,0.85,0.1
ALL_EQUAL,10,MONTHLY,,
ALL_EQUAL,10,WEEKLY,,
ALL_EQUAL,10,DAILY,,
ALL_EQUAL,10,EVENT_LOOSE,0.7,0.03
ALL_EQUAL,10,EVENT_BALANCED,0.8,0.05
ALL_EQUAL,10,EVENT_STRICT,0.85,0.1
ALL_EQUAL,15,MONTHLY,,
ALL_EQUAL,15,WEEKLY,,
ALL_EQUAL,15,DAILY,,
ALL_EQUAL,15,EVENT_LOOSE,0.7,0.03
ALL_EQUAL,15,EVENT_BALANCED,0.8,0.05
ALL_EQUAL,15,EVENT_STRICT,0.85,0.1
ALL_EQUAL,20,MONTHLY,,
ALL_EQUAL,20,WEEKLY,,
ALL_EQUAL,20,DAILY,,
ALL_EQUAL,20,EVENT_LOOSE,0.7,0.03
ALL_EQUAL,20,EVENT_BALANCED,0.8,0.05
ALL_EQUAL,20,EVENT_STRICT,0.85,0.1
ALL_LONG,5,MONTHLY,,
ALL_LONG,5,WEEKLY,,
ALL_LONG,5,DAILY,,
ALL_LONG,5,EVENT_LOOSE,0.7,0.03
ALL_LONG,5,EVENT_BALANCED,0.8,0.05
ALL_LONG,5,EVENT_STRICT,0.85,0.1
ALL_LONG,10,MONTHLY,,
ALL_LONG,10,WEEKLY,,
ALL_LONG,10,DAILY,,
ALL_LONG,10,EVENT_LOOSE,0.7,0.03
ALL_LONG,10,EVENT_BALANCED,0.8,0.05
ALL_LONG,10,EVENT_STRICT,0.85,0.1
ALL_LONG,15,MONTHLY,,
ALL_LONG,15,WEEKLY,,
ALL_LONG,15,DAILY,,
ALL_LONG,15,EVENT_LOOSE,0.7,0.03
ALL_LONG,15,EVENT_BALANCED,0.8,0.05
ALL_LONG,15,EVENT_STRICT,0.85,0.1
ALL_LONG,20,MONTHLY,,
ALL_LONG,20,WEEKLY,,
ALL_LONG,20,DAILY,,
ALL_LONG,20,EVENT_LOOSE,0.7,0.03
ALL_LONG,20,EVENT_BALANCED,0.8,0.05
ALL_LONG,20,EVENT_STRICT,0.85,0.1
ALL_MEDIUM,5,MONTHLY,,
ALL_MEDIUM,5,WEEKLY,,
ALL_MEDIUM,5,DAILY,,
ALL_MEDIUM,5,EVENT_LOOSE,0.7,0.03
ALL_MEDIUM,5,EVENT_BALANCED,0.8,0.05
ALL_MEDIUM,5,EVENT_STRICT,0.85,0.1
ALL_MEDIUM,10,MONTHLY,,
ALL_MEDIUM,10,WEEKLY,,
ALL_MEDIUM,10,DAILY,,
ALL_MEDIUM,10,EVENT_LOOSE,0.7,0.03
ALL_MEDIUM,10,EVENT_BALANCED,0.8,0.05
ALL_MEDIUM,10,EVENT_STRICT,0.85,0.1
ALL_MEDIUM,15,MONTHLY,,
ALL_MEDIUM,15,WEEKLY,,
ALL_MEDIUM,15,DAILY,,
ALL_MEDIUM,15,EVENT_LOOSE,0.7,0.03
ALL_MEDIUM,15,EVENT_BALANCED,0.8,0.05
ALL_MEDIUM,15,EVENT_STRICT,0.85,0.1
ALL_MEDIUM,20,MONTHLY,,
ALL_MEDIUM,20,WEEKLY,,
ALL_MEDIUM,20,DAILY,,
ALL_MEDIUM,20,EVENT_LOOSE,0.7,0.03
ALL_MEDIUM,20,EVENT_BALANCED,0.8,0.05
ALL_MEDIUM,20,EVENT_STRICT,0.85,0.1
