signal_date,execution_date,interval_end,status,gross_return,turnover,cost_return,net_return_approx,weighted_price_coverage
2014-01-31,2014-02-03,2014-02-10,OK,0.02148580151167375,0.5,0.01,0.011270943496556995,1.0
2014-02-07,2014-02-10,2014-02-18,OK,0.024084281014392424,0.2141769453327244,0.004283538906654488,0.019697576152974072,1.0
2014-02-14,2014-02-18,2014-02-24,OK,0.029050111932763627,0.9279873886983339,0.018559747773966677,0.009951201408519239,1.0
2014-02-21,2014-02-24,2014-03-03,OK,-0.044995860180807284,0.5369560509187284,0.010739121018374568,-0.055251765211374315,1.0
2014-02-28,2014-03-03,2014-03-10,OK,-0.018399965518914443,0.43648246968149895,0.00872964939362998,-0.026968989664709397,1.0
2014-03-07,2014-03-10,2014-03-17,OK,-0.0379244767841596,0.40974826804504993,0.008194965360900999,-0.045808652371484126,1.0
2014-03-14,2014-03-17,2014-03-24,OK,-0.012822670123690589,0.9775208484325834,0.019550416968651667,-0.03212239854477261,1.0000000000000002
2014-03-21,2014-03-24,2014-03-31,OK,0.04670103473105927,0.5932585760439079,0.011865171520878157,0.03428174742289447,1.0
2014-03-28,2014-03-31,2014-04-07,OK,0.004757746143789637,0.9279423226812166,0.018558846453624333,-0.013889398589982727,1.0
2014-04-04,2014-04-07,2014-04-14,OK,-0.004790062362670378,0.8904910366328923,0.017809820732657848,-0.022514572943350797,1.0000000000000002
2014-04-11,2014-04-14,2014-04-21,OK,0.013875500929130289,0.17720467165015144,0.0035440934330030287,0.010282231424404653,1.0
2014-04-17,2014-04-21,2014-04-28,OK,-0.016034706599926944,0.004919216138738143,9.838432277476286e-05,-0.01613151335895191,1.0000000000000002
2014-04-25,2014-04-28,2014-05-05,OK,0.03412495647858595,0.09549479463801228,0.0019098958927602455,0.03214988547160669,1.0
2014-05-02,2014-05-05,2014-05-12,OK,0.012887755617600246,0.1310801470246727,0.0026216029404934537,0.01023236609908329,1.0
2014-05-09,2014-05-12,2014-05-19,OK,-0.005586598659393868,0.3074443585745408,0.006148887171490816,-0.011701134466055696,1.0
2014-05-16,2014-05-19,2014-05-27,OK,0.004112035779782454,0.14336021434730303,0.0028672042869460606,0.0012330414462204953,1.0
2014-05-23,2014-05-27,2014-06-02,OK,7.447441325528215e-05,0.1226486436936548,0.002452972873873096,-0.002378681144333372,1.0
2014-05-30,2014-06-02,2014-06-09,OK,0.035981391817867144,0.06904187888594836,0.0013808375777189673,0.034550869782227434,1.0
2014-06-06,2014-06-09,2014-06-16,OK,-0.0007857394676166647,0.4073014344482749,0.008146028688965497,-0.0089253675003369,1.0
2014-06-13,2014-06-16,2014-06-23,OK,0.01514604567715556,0.26461296665225376,0.005292259333045076,0.009773629542516815,1.0
2014-06-20,2014-06-23,2014-06-30,OK,-0.015438141851348536,0.23714597055669673,0.004742919411133935,-0.020107839399823857,1.0
2014-06-27,2014-06-30,2014-07-07,OK,0.014303130222982243,0.18393246594108598,0.0036786493188217194,0.010571864703908807,1.0
2014-07-03,2014-07-07,2014-07-14,OK,0.018447262110918974,0.14695211635028152,0.0029390423270056303,0.01545400249975204,1.0
2014-07-11,2014-07-14,2014-07-21,OK,0.019677136748988154,0.10296393580484942,0.0020592787160969885,0.01757733732399025,1.0
2014-07-18,2014-07-21,2014-07-28,OK,-0.018043714373038887,3.207206809852092e-08,6.414413619704184e-10,-0.018043715002906247,1.0
2014-07-25,2014-07-28,2014-08-04,OK,-0.02672639804855207,0.04460206484155665,0.000892041296831133,-0.027594598294608308,1.0
2014-08-01,2014-08-04,2014-08-11,OK,0.013642637657594214,0.1463430558233254,0.002926861116466508,0.010675846435441505,1.0
2014-08-08,2014-08-11,2014-08-18,OK,0.021167900397288143,0.11294618033932287,0.0022589236067864574,0.01886116012058814,1.0
2014-08-15,2014-08-18,2014-08-25,OK,0.03769241210628265,0.08510695320028466,0.0017021390640056932,0.03592611531521417,1.0
2014-08-22,2014-08-25,2014-09-02,OK,0.041915797570442274,0.04642609346740824,0.0009285218693481648,0.0409483559663788,1.0
2014-08-29,2014-09-02,2014-09-08,OK,-0.022209400467199325,0.06575240067253188,0.0013150480134506376,-0.023495242052685605,1.0
2014-09-05,2014-09-08,2014-09-15,OK,-0.041864435584684855,0.066591054203286,0.0013318210840657198,-0.04314050073076636,1.0
2014-09-12,2014-09-15,2014-09-22,OK,-0.005812222774887838,0.11842391265733822,0.0023684782531467642,-0.008166934904789813,1.0
2014-09-19,2014-09-22,2014-09-29,OK,-0.026948048757973193,0.0966690154887493,0.001933380309774986,-0.028829328240892682,1.0
2014-09-26,2014-09-29,2014-10-06,OK,0.015546298061242782,0.0828538550550996,0.0016570771011019919,0.01386345954561663,1.0
2014-10-03,2014-10-06,2014-10-13,OK,-0.023152812124337174,0.22897693903770902,0.00457953878075418,-0.027626321704084522,1.0
2014-10-10,2014-10-13,2014-10-20,OK,-0.06920597339244182,0.12597039342911237,0.0025194078685822473,-0.07155102318710627,1.0
2014-10-17,2014-10-20,2014-10-27,OK,-0.0067574569123785184,0.2511064596605972,0.005022129193211944,-0.011745649283958937,1.0
2014-10-24,2014-10-27,2014-11-03,OK,0.030331493010152984,0.20596577218123185,0.004119315443624637,0.02608723257894341,0.9999999999999998
2014-10-31,2014-11-03,2014-11-10,OK,-0.002272508046436169,0.15746359236614782,0.0031492718473229565,-0.00541462314814567,1.0
2014-11-07,2014-11-10,2014-11-17,OK,-0.005683449509383782,0.18106653004210374,0.0036213306008420747,-0.009284198460599136,1.0
2014-11-14,2014-11-17,2014-11-24,OK,0.010399084519455735,0.051540584047335525,0.0010308116809467104,0.009357553340715086,1.0
2014-11-21,2014-11-24,2014-12-01,OK,0.0022132032028399284,0.1607952010964765,0.0032159040219295297,-0.0010098182681709256,1.0
2014-11-28,2014-12-01,2014-12-08,OK,0.005358052119918207,0.0050398692241338285,0.00010079738448267658,0.00525671465779598,1.0
2014-12-05,2014-12-08,2014-12-15,OK,-0.02538906233518179,0.18923826758750636,0.0037847653517501276,-0.029077736043492286,1.0
2014-12-12,2014-12-15,2014-12-22,OK,0.03320042190892508,0.10315321097704262,0.0020630642195408524,0.03106886308687029,1.0
2014-12-19,2014-12-22,2014-12-29,OK,0.005303796014635758,0.08592630131062291,0.0017185260262124584,0.003576155276934445,1.0
2014-12-26,2014-12-29,2015-01-05,OK,-0.0378378531469153,0.08485646152716259,0.0016971292305432517,-0.03947076665086191,1.0
2015-01-02,2015-01-05,2015-01-12,OK,0.014820496545685242,0.0005686220256940627,1.1372440513881254e-05,0.014808955559955983,1.0
2015-01-09,2015-01-12,2015-01-20,OK,0.0140066067035146,0.09635651399918985,0.001927130279983797,0.01205248386763258,1.0
2015-01-16,2015-01-20,2015-01-26,OK,0.07158451868184579,0.009707401363329328,0.00019414802726658656,0.07137647266149427,1.0
2015-01-23,2015-01-26,2015-02-02,OK,-0.03314535092254204,0.08010789642500452,0.0016021579285000903,-0.03469440476426855,1.0
2015-01-30,2015-02-02,2015-02-09,OK,0.000832219919419779,0.051654187989366704,0.0010330837597873341,-0.00020172359325087985,1.0
2015-02-06,2015-02-09,2015-02-17,OK,0.0471103041825834,0.10556154619634749,0.0021112309239269497,0.04489961252763042,1.0
2015-02-13,2015-02-17,2015-02-23,OK,0.01786932177050204,0.03634704321902063,0.0007269408643804127,0.01712939096590782,1.0
2015-02-20,2015-02-23,2015-03-02,OK,0.01018333066034662,0.0015219675405966923,3.043935081193385e-05,0.010152581335560296,1.0
2015-02-27,2015-03-02,2015-03-09,OK,-0.028837205387339984,0.06119138912870048,0.0012238277825740095,-0.030025741396789263,1.0
2015-03-06,2015-03-09,2015-03-16,OK,-0.0026577031289722916,0.061191305321406125,0.0012238261064281225,-0.003878276668928038,1.0
2015-03-13,2015-03-16,2015-03-23,OK,0.01150327696561601,0.05779406745721471,0.001155881349144294,0.010334099193173296,1.0
2015-03-20,2015-03-23,2015-03-30,OK,-0.002762009794094715,0.15156525246349978,0.003031305049269996,-0.005784942349129629,1.0
2015-03-27,2015-03-30,2015-04-06,OK,-0.008973161407292062,0.14967684367332015,0.002993536873466403,-0.011939836791214131,1.0
2015-04-02,2015-04-06,2015-04-13,OK,0.02140432441455588,0.08557347047735833,0.0017114694095471668,0.019656222158541237,1.0
2015-04-10,2015-04-13,2015-04-20,OK,0.03821047809768826,0.1314382135517374,0.002628764271034748,0.03548126748705105,1.0
2015-04-17,2015-04-20,2015-04-27,OK,0.005036255315168731,0.33419725131514905,0.006683945026302981,-0.0016813517647992215,1.0
2015-04-24,2015-04-27,2015-05-04,OK,-0.004891408296942558,0.10409510540249098,0.0020819021080498196,-0.006963126971747613,1.0
2015-05-01,2015-05-04,2015-05-11,OK,0.0029217417196130205,0.1333721536863838,0.002667443073727676,0.0002465050661721868,1.0
2015-05-08,2015-05-11,2015-05-18,OK,0.030276937191348576,0.07368274119019351,0.0014736548238038702,0.02875866461300247,1.0
2015-05-15,2015-05-18,2015-05-26,OK,-0.029087956078857075,0.004560585523453623,9.121171046907247e-05,-0.029176514627098138,1.0
2015-05-22,2015-05-26,2015-06-01,OK,0.004149091341629141,0.0980085674839089,0.001960171349678178,0.0021807870619758862,1.0
2015-05-29,2015-06-01,2015-06-08,OK,-0.005304343458082148,0.2760688581936009,0.005521377163872018,-0.010796433341115352,1.0
2015-06-05,2015-06-08,2015-06-15,OK,0.016260956416466885,0.1384385678384389,0.002768771356768778,0.01344716218933839,1.0
2015-06-12,2015-06-15,2015-06-22,OK,0.026309521288299952,0.18672575763468074,0.003734515152693615,0.02247675282969519,1.0
2015-06-19,2015-06-22,2015-06-29,OK,-0.023610691066251133,0.04538822747185201,0.0009077645494370403,-0.024497022667350543,1.0
2015-06-26,2015-06-29,2015-07-06,OK,-0.008064727177569285,0.20366709462356936,0.004073341892471387,-0.012105218678976959,1.0
2015-07-02,2015-07-06,2015-07-13,OK,0.03383650985404897,0.09002424807933815,0.001800484961586763,0.031975102765317454,1.0
2015-07-10,2015-07-13,2015-07-20,OK,0.005750421401923587,0.08680199468027852,0.0017360398936055704,0.004004398547359012,1.0
2015-07-17,2015-07-20,2015-07-27,OK,-0.04437909319988294,0.10829646583680014,0.002165929316736003,-0.046448900537607196,1.0
2015-07-24,2015-07-27,2015-08-03,OK,0.0310693396671798,0.08984623250173998,0.0017969246500347997,0.029216585754836766,1.0
2015-07-31,2015-08-03,2015-08-10,OK,0.02628828618574562,0.05036497861377314,0.0010072995722754628,0.02525450643403948,1.0
2015-08-07,2015-08-10,2015-08-17,OK,0.004921352991961417,2.7255019549241033e-07,5.451003909848206e-09,0.004921347514131202,1.0
2015-08-14,2015-08-17,2015-08-24,OK,-0.13544074754930902,8.930225417681792e-06,1.7860450835363585e-07,-0.13544090196348924,1.0
2015-08-21,2015-08-24,2015-08-31,OK,0.08832451571540609,0.13026528524091788,0.002605305704818358,0.08548909764591905,1.0
2015-08-28,2015-08-31,2015-09-08,OK,-0.0459408005993011,0.18233010527145688,0.0036466021054291377,-0.049419874884539694,1.0
2015-09-04,2015-09-08,2015-09-14,OK,-0.01152681162609687,5.898281552063622e-08,1.1796563104127244e-09,-0.011526812792155505,1.0
2015-09-11,2015-09-14,2015-09-21,OK,0.021343220415394066,0.04004943795096401,0.0008009887590192802,0.020525135976740883,1.0
2015-09-18,2015-09-21,2015-09-28,OK,-0.05851638259598231,3.267264810785653e-08,6.534529621571306e-10,-0.058516383211197565,1.0
2015-09-25,2015-09-28,2015-10-05,OK,0.10260359844501796,1.0144515328078946e-05,2.028903065615789e-07,0.10260337473743597,1.0
2015-10-02,2015-10-05,2015-10-12,OK,0.032853959354455065,0.0016900010981673562,3.3800021963347124e-05,0.032819048867943845,1.0
2015-10-09,2015-10-12,2015-10-19,OK,-0.04281073523255577,0.041724358149003285,0.0008344871629800657,-0.043609497386546514,1.0
2015-10-16,2015-10-19,2015-10-26,OK,-7.200520530442015e-05,0.04251540407129206,0.0008503080814258413,-0.0009222520601221973,1.0
2015-10-23,2015-10-26,2015-11-02,OK,0.019680636873287798,0.07949504132417665,0.0015899008264835329,0.018059445785973738,1.0
2015-10-30,2015-11-02,2015-11-09,OK,-0.008581087753443871,0.2037421332641582,0.004074842665283164,-0.012620963836234789,1.0
2015-11-06,2015-11-09,2015-11-16,OK,-0.016798824468825788,2.61567338633098e-05,5.23134677266196e-07,-0.016799338815455367,1.0
2015-11-13,2015-11-16,2015-11-23,OK,0.036918449747250254,0.3184219976320222,0.006368439952640445,0.03031489686424993,1.0
2015-11-20,2015-11-23,2015-11-30,OK,-0.01281021763098496,0.21461934941297153,0.0042923869882594305,-0.017047618207768345,1.0000000000000002
2015-11-27,2015-11-30,2015-12-07,OK,0.007588582588288208,0.051408405401961024,0.0010281681080392205,0.0065526121416465966,0.9999999999999998
2015-12-04,2015-12-07,2015-12-14,OK,-0.03153028081339338,0.0469623391066871,0.000939246782133742,-0.032439912880733335,1.0
2015-12-11,2015-12-14,2015-12-21,OK,-0.022660533073374522,0.19066776666441346,0.0038133553332882694,-0.02638747574201239,1.0
2015-12-18,2015-12-21,2015-12-28,OK,0.01734391034402663,0.08758382199306779,0.0017516764398613559,0.015561852985040536,0.9999999999999999
2015-12-24,2015-12-28,2016-01-04,OK,-0.029003358511776142,0.11425695118356322,0.0022851390236712644,-0.031222220829094538,1.0
2015-12-31,2016-01-04,2016-01-11,OK,-0.027016307909662456,0.05273723111855567,0.0010547446223711135,-0.02804255722654958,1.0
2016-01-08,2016-01-11,2016-01-19,OK,-0.03445687070052228,0.05266682067361199,0.0010533364134722397,-0.0354739124373914,1.0
2016-01-15,2016-01-19,2016-01-25,OK,-0.016697301209619576,0.10568387691739503,0.0021136775383479006,-0.018775686037449613,1.0
2016-01-22,2016-01-25,2016-02-01,OK,0.024861365552471724,0.041941537519407344,0.000838830750388147,0.02400168032416139,1.0
2016-01-29,2016-02-01,2016-02-08,OK,-0.06111754018238816,0.25130161971922516,0.005026032394384503,-0.06583639383995088,1.0
2016-02-05,2016-02-08,2016-02-16,OK,0.03612097255021887,0.1492805812398692,0.002985611624797384,0.033027517729876665,1.0
2016-02-12,2016-02-16,2016-02-22,OK,0.04021586111321227,0.08902825575736184,0.0017805651151472368,0.03836368903869114,1.0
2016-02-19,2016-02-22,2016-02-29,OK,-0.0007924399307369782,0.15259626041263924,0.003051925208252785,-0.0038419466715891026,1.0
2016-02-26,2016-02-29,2016-03-07,OK,0.028767323179645733,0.10467821675698742,0.0020935643351397484,0.026613532602679513,1.0
2016-03-04,2016-03-07,2016-03-14,OK,0.011561775874407034,0.21270208696298912,0.004254041739259783,0.007258549857997565,1.0
2016-03-11,2016-03-14,2016-03-21,OK,0.038163979543903555,0.1000606843970408,0.0020012136879408162,0.036086391577713206,1.0
2016-03-18,2016-03-21,2016-03-28,OK,0.007614259773857974,0.02689539202253048,0.0005379078404506096,0.007072256163375812,1.0
2016-03-24,2016-03-28,2016-04-04,OK,-0.010157840456745608,0.06359208762729068,0.0012718417525458138,-0.011416763043682776,1.0
2016-04-01,2016-04-04,2016-04-11,OK,0.007334684526885761,1.685715475541194e-08,3.3714309510823883e-10,0.007334684187269902,0.9999999999999998
2016-04-08,2016-04-11,2016-04-18,OK,0.041324339359146006,0.05268343056824933,0.0010536686113649866,0.04022712858851296,1.0
2016-04-15,2016-04-18,2016-04-25,OK,0.012209230790504387,0.15722802294026889,0.0031445604588053776,0.009026277667322669,1.0
2016-04-22,2016-04-25,2016-05-02,OK,0.024358389639759098,0.10287404180061771,0.0020574808360123544,0.022250791883866805,1.0
2016-04-29,2016-05-02,2016-05-09,OK,-0.03773100802799896,0.1019524652515805,0.00203904930503161,-0.03969312194733299,1.0
2016-05-06,2016-05-09,2016-05-16,OK,-0.002878466755738773,0.1778975031105614,0.003557950062211228,-0.006426175376977428,1.0000000000000002
2016-05-13,2016-05-16,2016-05-23,OK,-0.026264324599624807,0.08424382209181984,0.0016848764418363968,-0.027904948899682536,1.0
2016-05-20,2016-05-23,2016-05-31,OK,-0.005124794194126264,0.058283359302930035,0.0011656671860586008,-0.0062844875757575025,1.0
2016-05-27,2016-05-31,2016-06-06,OK,0.03028816859957257,0.08034837329255852,0.0016069674658511705,0.02863252903218161,1.0
2016-06-03,2016-06-06,2016-06-13,OK,-0.004771829565427106,0.113411190486569,0.0022682238097313802,-0.007029229797722136,0.9999999999999999
2016-06-10,2016-06-13,2016-06-20,OK,0.030966318312990192,0.07939227682234501,0.0015878455364469002,0.029329303046229827,1.0
2016-06-17,2016-06-20,2016-06-27,OK,-0.048014105607873746,0.08707972378981196,0.0017415944757962394,-0.04967207898258308,0.9999999999999999
2016-06-24,2016-06-27,2016-07-05,OK,0.06306969279420592,0.06780795619592367,0.0013561591239184734,0.061628001130961785,1.0000000000000002
2016-07-01,2016-07-05,2016-07-11,OK,0.04124199735489442,0.06781096259108273,0.0013562192518216545,0.0398298449122767,1.0
2016-07-08,2016-07-11,2016-07-18,OK,0.023387811608805435,0.09621530681827976,0.0019243061363655952,0.021418500163044918,1.0
2016-07-15,2016-07-18,2016-07-25,OK,-0.003947014039608841,4.157029560858394e-08,8.314059121716788e-10,-0.0039470148677331895,1.0
2016-07-22,2016-07-25,2016-08-01,OK,-0.005285686708926801,0.08168445896877874,0.0016336891793755747,-0.006910740719120456,1.0
2016-07-29,2016-08-01,2016-08-08,OK,0.015127426671627949,0.08167802386173924,0.0016335604772347847,0.013469154628060087,1.0
2016-08-05,2016-08-08,2016-08-15,OK,0.0253660138925833,0.11809965386955881,0.002361993077391176,0.022944106465976777,1.0
2016-08-12,2016-08-15,2016-08-22,OK,-0.008557168485481053,0.10037794951621916,0.0020075589903243833,-0.010547548455280609,1.0
2016-08-19,2016-08-22,2016-08-29,OK,0.0022168001830651487,0.08575627662821508,0.0017151255325643018,0.0004978725599062983,1.0
2016-08-26,2016-08-29,2016-09-06,OK,0.030041081854191635,0.22921791059126154,0.004584358211825231,0.02531900456207592,1.0000000000000002
2016-09-02,2016-09-06,2016-09-12,OK,-0.011125311624237593,0.07411367834009962,0.0014822735668019924,-0.012591094435696504,1.0
2016-09-09,2016-09-12,2016-09-19,OK,-0.023117981360599775,0.07712106258907067,0.0015424212517814134,-0.02462474494663225,1.0
2016-09-16,2016-09-19,2016-09-26,OK,0.0017062719692566733,0.003392602895221625,6.78520579044325e-05,0.001638304137287827,1.0
2016-09-23,2016-09-26,2016-10-03,OK,0.03340290324805323,2.0194334142951444e-07,4.038866828590289e-09,0.033402899074276515,0.9999999999999999
2016-09-30,2016-10-03,2016-10-10,OK,0.03833461197299598,0.003954580690238432,7.909161380476863e-05,0.03825248841286566,1.0
2016-10-07,2016-10-10,2016-10-17,OK,-0.013012100749206529,0.007347399843515119,0.00014694799687030237,-0.013157136643936695,1.0000000000000002
2016-10-14,2016-10-17,2016-10-24,OK,0.09218352548129606,0.09404055640964798,0.0018808111281929595,0.09012933455254202,1.0
2016-10-21,2016-10-24,2016-10-31,OK,-0.032347574238012655,0.050473843494731524,0.0010094768698946305,-0.03332439697991674,1.0
2016-10-28,2016-10-31,2016-11-07,OK,-0.0002038032025547848,0.26876975980759077,0.005375395196151815,-0.005578102875950619,1.0
2016-11-04,2016-11-07,2016-11-14,OK,-0.025842878061247486,0.07959574906852704,0.0015919149813705409,-0.027393653377870697,1.0
2016-11-11,2016-11-14,2016-11-21,OK,0.02845496889336921,0.09775098453481196,0.001955019690696239,0.026444319178188458,1.0000000000000002
2016-11-18,2016-11-21,2016-11-28,OK,0.0017198917088604804,0.004429662745556416,8.859325491112832e-05,0.001631146083144852,1.0
2016-11-25,2016-11-28,2016-12-05,OK,0.012711349710533367,0.01199415913255076,0.0002398831826510152,0.012468417288858058,1.0
2016-12-02,2016-12-05,2016-12-12,OK,0.02533020308289624,0.1541167998416043,0.0030823359968320863,0.022169790889294605,1.0
2016-12-09,2016-12-12,2016-12-19,OK,-0.015585115302023243,0.1480102149576071,0.002960204299152142,-0.018499184475855524,1.0
2016-12-16,2016-12-19,2016-12-27,OK,0.007087967229058541,0.11685503267707506,0.0023371006535415012,0.004734301282673714,1.0
2016-12-23,2016-12-27,2017-01-03,OK,0.009900893123757146,0.18970680222127953,0.003794136044425591,0.006069191743858671,1.0
2016-12-30,2017-01-03,2017-01-09,OK,0.0059615452780524105,0.09620152423812582,0.0019240304847625166,0.004026044598438583,1.0
2017-01-06,2017-01-09,2017-01-17,OK,0.005909325530895871,8.470682307047239e-08,1.6941364614094478e-09,0.005909323826748247,1.0
2017-01-13,2017-01-17,2017-01-23,OK,0.005183209455865676,0.08896663800772105,0.001779332760154421,0.0033946540413236637,1.0
2017-01-20,2017-01-23,2017-01-30,OK,-0.009154581106170203,0.07243047990263696,0.001448609598052739,-0.010589929290166333,1.0000000000000002
2017-01-27,2017-01-30,2017-02-06,OK,-0.0007521823920357933,0.10041877045968167,0.0020083754091936336,-0.0027590471366100155,0.9999999999999999
2017-02-03,2017-02-06,2017-02-13,OK,0.01805035866239546,0.15945837285418757,0.0031891674570837516,0.014803625588876823,1.0
2017-02-10,2017-02-13,2017-02-21,OK,0.010934407692299534,0.20123000280832273,0.004024600056166455,0.006865801018320461,1.0
2017-02-17,2017-02-21,2017-02-27,OK,-0.0025962805879737776,0.2026099983964613,0.004052199967929226,-0.006637959907787705,1.0
2017-02-24,2017-02-27,2017-03-06,OK,0.0014515242081528765,0.07009370388181368,0.0014018740776362737,4.761527635621654e-05,1.0
2017-03-03,2017-03-06,2017-03-13,OK,-0.003233349944029861,0.0960253700404899,0.001920507400809798,-0.005147647672342881,1.0
2017-03-10,2017-03-13,2017-03-20,OK,-0.0022960662882393584,0.16164757973808935,0.003232951594761787,-0.005521594811832897,1.0
2017-03-17,2017-03-20,2017-03-27,OK,-0.010239166979164455,0.1199163652410206,0.002398327304820412,-0.012612937410240166,1.0
2017-03-24,2017-03-27,2017-04-03,OK,0.016663712831930036,0.06701342181207846,0.0013402684362415693,0.015301110547349284,1.0000000000000002
2017-03-31,2017-04-03,2017-04-10,OK,-0.0055786071822481915,7.319848095835302e-06,1.4639696191670604e-07,-0.005578752762518957,1.0
2017-04-07,2017-04-10,2017-04-17,OK,0.003922540873161681,0.009748946420373841,0.00019497892840747682,0.003726797131937909,1.0000000000000002
2017-04-13,2017-04-17,2017-04-24,OK,0.007237857231730928,0.06306091238453276,0.0012612182476906552,0.0059675104664254075,1.0
2017-04-21,2017-04-24,2017-05-01,OK,0.028459638241131822,0.09890459670103376,0.001978091934020675,0.026425250526261213,1.0
2017-04-28,2017-05-01,2017-05-08,OK,-0.0072221847872432614,0.025236258656518004,0.0005047251731303601,-0.007723264741906544,1.0
2017-05-05,2017-05-08,2017-05-15,OK,0.021808108593783227,0.03154550339332988,0.0006309100678665976,0.021163439570643483,1.0
2017-05-12,2017-05-15,2017-05-22,OK,-0.005808476354544465,0.01776962953574164,0.00035539259071483284,-0.00616180465579963,1.0
2017-05-19,2017-05-22,2017-05-30,OK,0.0293754336355031,0.06059405018281071,0.0012118810036562142,0.02812795310184968,1.0
2017-05-26,2017-05-30,2017-06-05,OK,0.010884424349495273,0.1003202329774987,0.002006404659549974,0.008856181130213914,1.0
2017-06-02,2017-06-05,2017-06-12,OK,-0.03423341462077775,0.08313170397396692,0.0016626340794793385,-0.0358391310584516,1.0
2017-06-09,2017-06-12,2017-06-19,OK,0.0135853069060907,0.07236807791431624,0.0014473615582863248,0.012118282496831112,1.0
2017-06-16,2017-06-19,2017-06-26,OK,-0.0019126773304313023,0.16602345926917506,0.003320469185383501,-0.00522679552967753,1.0
2017-06-23,2017-06-26,2017-07-03,OK,-0.025051958847340645,0.09896122196533531,0.0019792244393067064,-0.026981599837444303,1.0
2017-06-30,2017-07-03,2017-07-10,OK,0.013813593542612163,0.0086113158556613,0.000172226317113226,0.013638988161157162,1.0
2017-07-07,2017-07-10,2017-07-17,OK,0.023788729633663585,0.012242127421499919,0.00024484254842999835,0.02353806259204627,1.0
2017-07-14,2017-07-17,2017-07-24,OK,0.05147563605552195,0.07885274814561039,0.0015770549629122077,0.049817401185299426,1.0
2017-07-21,2017-07-24,2017-07-31,OK,0.01975974077315885,0.0032537839018312743,6.507567803662549e-05,0.019693379216593643,1.0
2017-07-28,2017-07-31,2017-08-07,OK,0.0036872568257792235,0.034787155501380077,0.0006957431100276016,0.002988948332220298,1.0
2017-08-04,2017-08-07,2017-08-14,OK,-0.021168156028964186,0.09530054375120395,0.001906010875024079,-0.023033820168392838,1.0
2017-08-11,2017-08-14,2017-08-21,OK,-0.009294803305024728,0.17307811036699575,0.003461562207339915,-0.012724190972519311,1.0
2017-08-18,2017-08-21,2017-08-28,OK,0.005849040081091776,0.3068932923163741,0.006137865846327481,-0.00032472638858327407,1.0000000000000002
2017-08-25,2017-08-28,2017-09-05,OK,0.025415499117890757,0.10347165191580072,0.0020694330383160147,0.023293470406015038,0.9999999999999999
2017-09-01,2017-09-05,2017-09-11,OK,0.01649621402132073,0.19416716343501464,0.003883343268700293,0.012548810290941681,0.9999999999999999
2017-09-08,2017-09-11,2017-09-18,OK,0.00019618415098097386,0.09392633946567697,0.0018785267893135394,-0.001682711175515772,1.0
2017-09-15,2017-09-18,2017-09-25,OK,-0.019166814634341948,0.0290639056019511,0.000581278112039022,-0.01973695149655652,0.9999999999999997
2017-09-22,2017-09-25,2017-10-02,OK,0.0010769015553729186,0.22716765746549833,0.004543353149309966,-0.0034713443380102182,1.0
2017-09-29,2017-10-02,2017-10-09,OK,0.035418612106299666,0.055160276681227215,0.0011032055336245444,0.03427633256380602,1.0
2017-10-06,2017-10-09,2017-10-16,OK,0.006255186899015259,2.2778943259416096e-08,4.5557886518832194e-10,0.006255186440586646,1.0
2017-10-13,2017-10-16,2017-10-23,OK,-0.009217927522807753,0.07584556223606345,0.001516911244721269,-0.010720855989616584,1.0
2017-10-20,2017-10-23,2017-10-30,OK,0.02459767817783455,0.07900645188542671,0.0015801290377085342,0.022978681634576947,1.0
2017-10-27,2017-10-30,2017-11-06,OK,0.022278061809883298,0.08900319776628884,0.001780063955325777,0.02045834147973502,1.0
2017-11-03,2017-11-06,2017-11-13,OK,-0.019328182871416473,0.06050705399880095,0.001210141079976019,-0.02051493412329841,1.0
2017-11-10,2017-11-13,2017-11-20,OK,-0.006629037199520643,3.087883802821434e-08,6.175767605642868e-10,-0.006629037813003502,1.0
2017-11-17,2017-11-20,2017-11-27,OK,0.0036431981949024785,0.05631279399603868,0.0011262558799207737,0.0025128391415929485,1.0
2017-11-24,2017-11-27,2017-12-04,OK,-0.017826747764605376,0.05081019268329757,0.0010162038536659513,-0.018824836008494605,1.0
2017-12-01,2017-12-04,2017-12-11,OK,-0.00021799650183724519,0.20978695799761002,0.0041957391599522,-0.004412821005330025,1.0
2017-12-08,2017-12-11,2017-12-18,OK,0.013914910103423321,0.08180838738236734,0.0016361677476473468,0.012255975228653293,0.9999999999999999
2017-12-15,2017-12-18,2017-12-26,OK,0.004897608674936084,0.014032841704470934,0.0002806568340894187,0.004615577293501483,1.0
2017-12-22,2017-12-26,2018-01-02,OK,0.019906329246901947,0.26515856537111687,0.005303171307422337,0.014497591265381304,1.0
2017-12-29,2018-01-02,2018-01-08,OK,0.032781797347778786,0.11853428861076423,0.0023706857722152848,0.030333396235003418,0.9999999999999999
2018-01-05,2018-01-08,2018-01-16,OK,0.03550856810529747,0.034787908290463965,0.0006957581658092793,0.03478810456327297,1.0
2018-01-12,2018-01-16,2018-01-22,OK,0.03358909234400209,0.03177836252438486,0.0006355672504876972,0.03293217696644679,1.0000000000000002
2018-01-19,2018-01-22,2018-01-29,OK,0.07346749175695022,0.06951452305232592,0.0013902904610465184,0.07197506014291699,1.0
2018-01-26,2018-01-29,2018-02-05,OK,-0.08644893457169466,0.04506239829420875,0.000901247965884175,-0.08727227061114329,1.0
2018-02-02,2018-02-05,2018-02-12,OK,0.00902499327877758,0.009821332814393912,0.00019642665628787824,0.008826793873236927,1.0
2018-02-09,2018-02-12,2018-02-20,OK,0.04217420241155431,0.0019879893474957153,3.975978694991431e-05,0.04213276578730185,0.9999999999999998
2018-02-16,2018-02-20,2018-02-26,OK,0.04311449577032378,0.0020745598305669643,4.149119661133929e-05,0.0430712157016917,0.9999999999999999
2018-02-23,2018-02-26,2018-03-05,OK,-0.0012697316931162721,1.306377567730324e-07,2.6127551354606477e-09,-0.0012697343025539487,1.0
2018-03-02,2018-03-05,2018-03-12,OK,0.014060035349099005,0.00016896070956830348,3.3792141913660695e-06,0.014056608623036704,1.0
2018-03-09,2018-03-12,2018-03-19,OK,-0.026132188203711115,1.243096632420926e-06,2.4861932648418517e-08,-0.026132212415946987,1.0
2018-03-16,2018-03-19,2018-03-26,OK,0.00428029768562582,2.3513649715670027e-06,4.7027299431340055e-08,0.004280250457035617,1.0
2018-03-23,2018-03-26,2018-04-02,OK,-0.05007305251541573,0.0001958507987215221,3.917015974430442e-06,-0.05007677339444361,1.0
2018-03-29,2018-04-02,2018-04-09,OK,-0.005161285116829463,0.004933384198836555,9.86676839767311e-05,-0.005259443548757292,1.0
2018-04-06,2018-04-09,2018-04-16,OK,0.029435101050417307,0.18368362658562729,0.0036736725317125457,0.025653293596507476,1.0
2018-04-13,2018-04-16,2018-04-23,OK,0.02993207955481255,0.011737785847551504,0.00023475571695103008,0.029690297111065744,1.0
2018-04-20,2018-04-23,2018-04-30,OK,-0.0038735346415145573,0.0566905719923349,0.0011338114398466979,-0.005002954223472078,1.0
2018-04-27,2018-04-30,2018-05-07,OK,0.0041981801799489,1.660162646070773e-08,3.3203252921415463e-10,0.004198179846522487,1.0
2018-05-04,2018-05-07,2018-05-14,OK,0.06646610911800584,0.06985773289350782,0.0013971546578701564,0.06497609102619095,1.0
2018-05-11,2018-05-14,2018-05-21,OK,-0.005004505297921306,0.015684350429596212,0.00031368700859192426,-0.005316622458216846,1.0
2018-05-18,2018-05-21,2018-05-29,OK,-0.054608563696305325,9.362516506773657e-08,1.8725033013547313e-09,-0.05460856546655379,1.0
2018-05-25,2018-05-29,2018-06-04,OK,0.013516335886316184,0.10019243523704309,0.002003848704740862,0.011485402489416652,1.0
2018-06-01,2018-06-04,2018-06-11,OK,0.011883002224780392,0.14223007032266605,0.002844601406453321,0.009004598413485665,1.0
2018-06-08,2018-06-11,2018-06-18,OK,0.014293306728595072,0.06392375281388755,0.0012784750562777512,0.01299655803619304,1.0
2018-06-15,2018-06-18,2018-06-25,OK,-0.019581259798649296,0.05520134930874406,0.0011040269861748813,-0.020663668545583214,1.0
2018-06-22,2018-06-25,2018-07-02,OK,0.0033103832047037857,0.0588029795668427,0.0011760595913368542,0.002130430405448136,0.9999999999999998
2018-06-29,2018-07-02,2018-07-09,OK,0.031497209453351695,0.13939656297432657,0.0027879312594865312,0.028621466139043594,1.0
2018-07-06,2018-07-09,2018-07-16,OK,-0.009662488257737198,6.720705359857318e-06,1.3441410719714636e-07,-0.009662621373069613,1.0
2018-07-13,2018-07-16,2018-07-23,OK,-0.023266210562998817,0.01672170939532981,0.0003344341879065962,-0.023592863734670066,1.0000000000000002
2018-07-20,2018-07-23,2018-07-30,OK,-0.008588372733385977,0.0769188404398778,0.001538376808797556,-0.010113537388745208,1.0
2018-07-27,2018-07-30,2018-08-06,OK,0.015860956531295083,0.1618460992506719,0.003236921985013438,0.012572693867382023,1.0
2018-08-03,2018-08-06,2018-08-13,OK,0.0009415691109218678,0.1831957345601135,0.0036639146912022702,-0.002725795409178833,1.0
2018-08-10,2018-08-13,2018-08-20,OK,0.0019737617734508126,0.1298282779561673,0.002596565559123346,-0.0006279287875154971,1.0
2018-08-17,2018-08-20,2018-08-27,OK,0.028450360502147113,0.15546622057571902,0.0031093244115143804,0.02525257469020703,1.0
2018-08-24,2018-08-27,2018-09-04,OK,0.005353224099164231,0.12907067548404488,0.0025814135096808976,0.0027579917044735502,1.0
2018-08-31,2018-09-04,2018-09-10,OK,-0.0122153321018371,0.024469480455407068,0.0004893896091081413,-0.01269874365434287,1.0
2018-09-07,2018-09-10,2018-09-17,OK,0.003655060277933506,0.23547526268146005,0.004709505253629201,-0.0010716585012769952,1.0
2018-09-14,2018-09-17,2018-09-24,OK,0.021399662163219167,0.1881140748846486,0.003762281497692972,0.01755686911251253,1.0
2018-09-21,2018-09-24,2018-10-01,OK,0.014485901449093369,0.15226056625582524,0.003045211325116505,0.01139657749282974,1.0
2018-09-28,2018-10-01,2018-10-08,OK,-0.02552837463898022,0.12639403085018397,0.0025278806170036796,-0.027991722572550337,1.0
2018-10-05,2018-10-08,2018-10-15,OK,-0.0247386785658765,0.15758159329996932,0.0031516318659993866,-0.02781234322418502,1.0
2018-10-12,2018-10-15,2018-10-22,OK,0.0022731074115669133,0.16376956270061457,0.0032753912540122916,-0.0010097291585806634,1.0
2018-10-19,2018-10-22,2018-10-29,OK,-0.038754347595733804,0.1786434729384223,0.003572869458768446,-0.04218875282958301,1.0
2018-10-26,2018-10-29,2018-11-05,OK,0.03869513583607663,0.23684246896652567,0.004736849379330514,0.03377499342657786,1.0000000000000002
2018-11-02,2018-11-05,2018-11-12,OK,0.0064282070244500045,0.03563709879515572,0.0007127419759031144,0.005710883395570798,1.0
2018-11-09,2018-11-12,2018-11-19,OK,-0.028604928895445823,0.01801704679588673,0.0003603409359177346,-0.028954962304513554,1.0000000000000002
2018-11-16,2018-11-19,2018-11-26,OK,-0.029667481029948217,0.05160106260848268,0.0010320212521696536,-0.030668884811196562,1.0
2018-11-23,2018-11-26,2018-12-03,OK,0.04776085996335176,0.22775751227340046,0.00455515024546801,0.04298815182489779,1.0
2018-11-30,2018-12-03,2018-12-10,OK,-0.030068022261829717,0.03927594239641015,0.000785518847928203,-0.030829922111551333,1.0
2018-12-07,2018-12-10,2018-12-17,OK,-0.03912394202517932,4.448329516346472e-08,8.896659032692944e-10,-0.039123942880037954,1.0
2018-12-14,2018-12-17,2018-12-24,OK,-0.07723277054089175,0.23652892213237278,0.004730578442647456,-0.08159799330415252,1.0
2018-12-21,2018-12-24,2018-12-31,OK,0.07011867245260253,0.1932387269411252,0.003864774538822504,0.06598290505378923,1.0
2018-12-28,2018-12-31,2019-01-07,OK,-0.0007487291464298345,0.18902553686658885,0.003780510737331777,-0.00452640930518422,1.0
2019-01-04,2019-01-07,2019-01-14,OK,0.0003853464374984762,0.2769001899300666,0.005538003798601332,-0.005154791411137505,1.0
2019-01-11,2019-01-14,2019-01-22,OK,0.02110063735225324,0.26673254146372166,0.005334650829274434,0.015653421990429406,1.0
2019-01-18,2019-01-22,2019-01-28,OK,-0.00899299469710831,0.2420926753442974,0.004841853506885948,-0.013791305441082646,1.0
2019-01-25,2019-01-28,2019-02-04,OK,0.0514244313677564,0.25265312827172176,0.005053062565434435,0.04611151793322876,1.0
2019-02-01,2019-02-04,2019-02-11,OK,-0.009649029027931756,0.23395433103253777,0.0046790866206507555,-0.01428296700595566,1.0
2019-02-08,2019-02-11,2019-02-19,OK,0.017852432514746133,0.13675884838735064,0.002735176967747013,0.015068425984766654,1.0
2019-02-15,2019-02-19,2019-02-25,OK,0.013356303525580218,0.2856237530948508,0.005712475061897016,0.00756753091287421,1.0
2019-02-22,2019-02-25,2019-03-04,OK,-0.010738025493283674,0.08014688779530255,0.0016029377559060509,-0.012323750862702543,1.0000000000000002
2019-03-01,2019-03-04,2019-03-11,OK,-0.007903109070306112,0.15101997979739634,0.003020399595947927,-0.010899638118811339,1.0
2019-03-08,2019-03-11,2019-03-18,OK,0.029807523862661688,0.12734881287954067,0.0025469762575908135,0.027184628549494994,1.0
2019-03-15,2019-03-18,2019-03-25,OK,0.004484534435490763,0.0405519430122406,0.0008110388602448119,0.0036698584435486126,1.0
2019-03-22,2019-03-25,2019-04-01,OK,0.031145329321637247,0.013807307219362835,0.0002761461443872567,0.030860582514642187,1.0
2019-03-29,2019-04-01,2019-04-08,OK,0.002436750348304165,0.027154713077625167,0.0005430942615525033,0.0018923327016207026,1.0
2019-04-05,2019-04-08,2019-04-15,OK,-0.009885961569753842,0.06980154809484727,0.0013960309618969455,-0.011268191423211338,1.0
2019-04-12,2019-04-15,2019-04-22,OK,0.016942470190576257,0.08509019672132064,0.0017018039344264128,0.015211833493720572,1.0
2019-04-18,2019-04-22,2019-04-29,OK,-0.014869115006838476,0.03016706867644209,0.0006033413735288418,-0.01546348522809593,1.0
2019-04-26,2019-04-29,2019-05-06,OK,-0.026813167855464913,0.05626175912703471,0.0011252351825406942,-0.02790823191817937,1.0
2019-05-03,2019-05-06,2019-05-13,OK,-0.06356735800218814,0.15913918995020662,0.0031827837990041326,-0.06654782064399745,1.0
2019-05-10,2019-05-13,2019-05-20,OK,0.0035383732864344296,0.02729506409071609,0.0005459012818143219,0.0029905404021075555,1.0
2019-05-17,2019-05-20,2019-05-28,OK,-0.009579962129926291,0.14909478922644268,0.0029818957845288534,-0.012533291465763985,1.0
2019-05-24,2019-05-28,2019-06-03,OK,-0.04170194878352971,0.02347237422645823,0.0004694474845291646,-0.04215181939310253,0.9999999999999998
2019-05-31,2019-06-03,2019-06-10,OK,0.07662677130939666,0.018323980108312262,0.00036647960216624527,0.07623220955856569,1.0
2019-06-07,2019-06-10,2019-06-17,OK,0.005403094515449969,0.05706917687394804,0.0011413835374789608,0.004255543974839737,1.0
2019-06-14,2019-06-17,2019-06-24,OK,0.023317236556938445,0.0708262685022247,0.001416525370044494,0.021867681729751842,0.9999999999999999
2019-06-21,2019-06-24,2019-07-01,OK,-0.005614476126166599,0.13867644883413147,0.0027735289766826292,-0.008372433190624418,1.0
2019-06-28,2019-07-01,2019-07-08,OK,0.01987591120434419,0.015368814267730452,0.0003073762853546091,0.019562425535235572,1.0
2019-07-05,2019-07-08,2019-07-15,OK,0.021156605331390244,0.003711223373894259,7.422446747788518e-05,0.021080810526148186,1.0
2019-07-12,2019-07-15,2019-07-22,OK,-0.027513287115774523,3.587589355799614e-08,7.175178711599228e-10,-0.027513287813551,1.0000000000000002
2019-07-19,2019-07-22,2019-07-29,OK,0.013530606302341203,0.1063892827576165,0.00212778565515233,0.011374030417193204,1.0
2019-07-26,2019-07-29,2019-08-05,OK,-0.06454357040635832,0.13555928833385733,0.0027111857666771468,-0.06707976656361925,1.0
2019-08-02,2019-08-05,2019-08-12,OK,0.027183659053071976,0.135751820026209,0.00271503640052418,0.024394818028719456,1.0
2019-08-09,2019-08-12,2019-08-19,OK,0.014058134053793818,0.12121928820325834,0.002424385764065167,0.011599665949659332,1.0
2019-08-16,2019-08-19,2019-08-26,OK,-0.005583070093656037,0.031750993442442255,0.0006350198688488451,-0.006214544602066163,1.0
2019-08-23,2019-08-26,2019-09-03,OK,0.016000910101047736,0.024645861524772675,0.0004929172304954535,0.015500105746259818,1.0
2019-08-30,2019-09-03,2019-09-09,OK,0.006115748213822795,1.8701941398534737e-07,3.740388279706947e-09,0.006115744450559069,1.0
2019-09-06,2019-09-09,2019-09-16,OK,-0.011479736505738029,0.020582311742551523,0.00041164623485103044,-0.011886657150279478,1.0
2019-09-13,2019-09-16,2019-09-23,OK,0.008032387887094516,0.061924160187581644,0.0012384832037516328,0.00678395670585874,1.0
2019-09-20,2019-09-23,2019-09-30,OK,-0.004294155730718219,0.025418121943529392,0.0005083624388705878,-0.00480033518210865,1.0
2019-09-27,2019-09-30,2019-10-07,OK,-0.006769131691521279,0.10768143963654848,0.0021536287927309697,-0.008908182287339583,1.0
2019-10-04,2019-10-07,2019-10-14,OK,0.004968243413112541,0.03346164834603799,0.0006692329669207598,0.004295685533912019,1.0
2019-10-11,2019-10-14,2019-10-21,OK,0.012799519063632898,0.04501426815292704,0.0009002853630585408,0.011887710480907199,1.0000000000000002
2019-10-18,2019-10-21,2019-10-28,OK,0.0003311308907968356,0.2001553538494925,0.00400310707698985,-0.0036733017386054723,1.0
2019-10-25,2019-10-28,2019-11-04,OK,-0.0008569595962921649,0.11300354670694968,0.0022600709341389935,-0.0031150937409558654,1.0000000000000002
2019-11-01,2019-11-04,2019-11-11,OK,-0.01067238661550841,0.15288172850576678,0.0030576345701153356,-0.013697388927362497,1.0
2019-11-08,2019-11-11,2019-11-18,OK,7.878207602493782e-05,0.19979090286534068,0.003995818057306814,-0.003917350780124007,1.0
2019-11-15,2019-11-18,2019-11-25,OK,-0.0030326088822427663,0.03244140124947562,0.0006488280249895125,-0.003679469265600699,1.0
2019-11-22,2019-11-25,2019-12-02,OK,-0.02293914817738481,0.10698038001545288,0.0021396076003090576,-0.025029675001909002,1.0
2019-11-29,2019-12-02,2019-12-09,OK,0.008313585090519894,0.24769738656256055,0.004953947731251211,0.0033184522932707683,0.9999999999999999
2019-12-06,2019-12-09,2019-12-16,OK,0.025567960340198963,0.15001127708876072,0.0030002255417752146,0.022491025150759958,1.0000000000000002
2019-12-13,2019-12-16,2019-12-23,OK,0.022671220386490595,0.10720130854654422,0.0021440261709308843,0.020478586525723985,1.0000000000000002
2019-12-20,2019-12-23,2019-12-30,OK,-0.0038965135011942886,0.0035084750710205033,7.016950142041007e-05,-0.0039664095862049775,1.0
2019-12-27,2019-12-30,2020-01-06,OK,-0.000354046871294125,0.01727245301023785,0.000345449060204757,-0.000699373626339872,1.0000000000000002
2020-01-03,2020-01-06,2020-01-13,OK,0.013377981528082462,0.09752939982971179,0.001950587996594236,0.011401298601301013,1.0
2020-01-10,2020-01-13,2020-01-21,OK,-0.01151817455178258,0.09421306721634554,0.0018842613443269109,-0.013380732645044469,1.0
2020-01-17,2020-01-21,2020-01-27,OK,-0.042756327310298325,0.06851003320321637,0.0013702006640643274,-0.04406794322628915,1.0
2020-01-24,2020-01-27,2020-02-03,OK,0.013994328479234888,0.2044023369860633,0.004088046739721267,0.009849072270599502,1.0
2020-01-31,2020-02-03,2020-02-10,OK,0.0503036623123473,0.03907331602957403,0.0007814663205914805,0.04948288537385648,1.0
2020-02-07,2020-02-10,2020-02-18,OK,0.04422207210060981,0.04400968455259789,0.0008801936910519579,0.043302954420689765,1.0
2020-02-14,2020-02-18,2020-02-24,OK,-0.06408936600008641,0.10403640453030188,0.002080728090606038,-0.06603674154654693,0.9999999999999999
2020-02-21,2020-02-24,2020-03-02,OK,-0.03826606286923029,0.17382164864636285,0.003476432972927257,-0.041609466439454845,1.0
2020-02-28,2020-03-02,2020-03-09,OK,-0.07226481940739012,0.07829754331328811,0.0015659508662657622,-0.0737176071171044,1.0
2020-03-06,2020-03-09,2020-03-16,OK,-0.12177705872546257,0.022179167566420226,0.0004435833513284045,-0.12216662380096655,1.0
2020-03-13,2020-03-16,2020-03-23,OK,0.0575870163243728,0.0001524802572026862,3.0496051440537244e-06,0.05758379110156753,1.0
2020-03-20,2020-03-23,2020-03-30,OK,0.09972483742816042,0.06717664853145316,0.0013435329706290634,0.09824732085045618,1.0
2020-03-27,2020-03-30,2020-04-06,OK,0.034416302534056566,1.2482747279430467e-05,2.4965494558860934e-07,0.03441604428691081,0.9999999999999998
2020-04-03,2020-04-06,2020-04-13,OK,0.05705502901198837,0.025758772251315336,0.0005151754450263067,0.0565104602169999,1.0000000000000002
2020-04-09,2020-04-13,2020-04-20,OK,0.07196388677881731,7.194231930410938e-08,1.4388463860821878e-09,0.07196388523642594,1.0
2020-04-17,2020-04-20,2020-04-27,OK,0.01771745532143983,2.2776121318365688e-06,4.5552242636731376e-08,0.01771740896212748,1.0
2020-04-24,2020-04-27,2020-05-04,OK,-0.014035258882056593,4.185399786702757e-08,8.370799573405515e-10,-0.014035259707387948,0.9999999999999998
2020-05-01,2020-05-04,2020-05-11,OK,0.038946217032343515,2.0959954756609044e-06,4.1919909513218085e-08,0.03894617347981222,1.0
2020-05-08,2020-05-11,2020-05-18,OK,0.021235888543201284,0.023186061227242302,0.00046372122454484604,0.02076231978641685,1.0
2020-05-15,2020-05-18,2020-05-26,OK,-0.022930464018140292,7.502640798967055e-08,1.500528159793411e-09,-0.022930465484260587,1.0
2020-05-22,2020-05-26,2020-06-01,OK,0.026498592792755574,4.4154314441267135e-08,8.830862888253427e-10,0.026498591886268796,1.0
2020-05-29,2020-06-01,2020-06-08,OK,0.00023211871969660257,1.1089675701374169e-07,2.217935140274834e-09,0.00023211650124643768,0.9999999999999998
2020-06-05,2020-06-08,2020-06-15,OK,-0.01177789057721902,0.13146083205746284,0.0026292166411492567,-0.014376140592464948,1.0
2020-06-12,2020-06-15,2020-06-22,OK,0.045009453553202086,0.09486596369123416,0.0018973192738246834,0.04302673697564674,1.0
2020-06-19,2020-06-22,2020-06-29,OK,-0.025085762233897756,0.07807200343762721,0.0015614400687525443,-0.026608032388343195,1.0
2020-06-26,2020-06-29,2020-07-06,OK,0.07948799629972328,0.03811914111367764,0.0007623828222735528,0.0786650131944937,1.0
2020-07-02,2020-07-06,2020-07-13,OK,0.008120777933793906,0.009652598914921205,0.00019305197829842411,0.007926158223250157,1.0
2020-07-10,2020-07-13,2020-07-20,OK,0.02814228490292251,0.03350283925772127,0.0006700567851544253,0.027453371188819187,1.0
2020-07-17,2020-07-20,2020-07-27,OK,-0.006118931646246445,0.00967526281518218,0.00019350525630364358,-0.006311252857113647,1.0000000000000002
2020-07-24,2020-07-27,2020-08-03,OK,0.018801402863612475,0.00780480280437768,0.00015609605608755362,0.018642371982689143,1.0
2020-07-31,2020-08-03,2020-08-10,OK,-0.015680658318034287,6.560897728054293e-08,1.3121795456108587e-09,-0.015680659609638048,1.0
2020-08-07,2020-08-10,2020-08-17,OK,0.018532562396465318,0.021302609929154073,0.00042605219858308146,0.0180986143589279,1.0
2020-08-14,2020-08-17,2020-08-24,OK,0.013633610419223502,0.13458498240686598,0.0026916996481373195,0.010905213186717777,1.0
2020-08-21,2020-08-24,2020-08-31,OK,0.034567632393970975,0.030721098560361378,0.0006144219712072276,0.0339319713099282,1.0
2020-08-28,2020-08-31,2020-09-08,OK,-0.05899685768569136,0.02505343119840936,0.0005010686239681871,-0.059468364835360554,1.0
2020-09-04,2020-09-08,2020-09-14,OK,-0.011624875665116288,0.09156814362720031,0.0018313628725440062,-0.013434949171969301,1.0
2020-09-11,2020-09-14,2020-09-21,OK,-0.018048751873023544,0.009747242615519949,0.00019494485231039897,-0.01824017821406576,1.0
2020-09-18,2020-09-21,2020-09-28,OK,0.040955294693082074,0.22068667243070714,0.004413733448614143,0.03636079549038307,1.0000000000000002
2020-09-25,2020-09-28,2020-10-05,OK,0.012705483729796732,3.7591032491651744e-07,7.518206498330349e-09,0.012705476116067649,1.0
2020-10-02,2020-10-05,2020-10-12,OK,0.041064067909766695,0.004409397151967931,8.818794303935863e-05,0.040972258611045476,1.0
2020-10-09,2020-10-12,2020-10-19,OK,-0.014909397704409046,6.846917102417407e-08,1.3693834204834815e-09,-0.014909399053375738,0.9999999999999999
2020-10-16,2020-10-19,2020-10-26,OK,-0.03082872082157003,4.4737290634548405e-08,8.947458126909681e-10,-0.030828721688732075,0.9999999999999999
2020-10-23,2020-10-26,2020-11-02,OK,-0.04578660180166982,0.025079593910823417,0.0005015918782164683,-0.04626522749229145,1.0
2020-10-30,2020-11-02,2020-11-09,OK,0.06653142575593614,0.06516344736795798,0.0013032689473591597,0.0651414484673658,1.0000000000000002
2020-11-06,2020-11-09,2020-11-16,OK,0.018957814581718708,0.02584436281328714,0.0005168872562657428,0.018431128272689,1.0
2020-11-13,2020-11-16,2020-11-23,OK,0.012851181939916745,0.07384351952827932,0.0014768703905655865,0.011355332019260533,1.0
2020-11-20,2020-11-23,2020-11-30,OK,0.018021495064683174,4.2707470657718863e-07,8.541494131543772e-09,0.018021486369258488,1.0
2020-11-27,2020-11-30,2020-12-07,OK,0.03397893195979191,0.08960153145558843,0.0017920306291117686,0.03212601004386362,1.0
2020-12-04,2020-12-07,2020-12-14,OK,-0.01451935016028393,0.13672276888240795,0.002734455377648159,-0.01721410302280635,1.0
2020-12-11,2020-12-14,2020-12-21,OK,0.024398102140836424,0.039027738091923836,0.0007805547618384768,0.02359850332419211,1.0
2020-12-18,2020-12-21,2020-12-28,OK,0.006541910112758271,0.06527170029871315,0.001305434005974263,0.005227936074858608,1.0
2020-12-24,2020-12-28,2021-01-04,OK,-0.009366173535673325,0.0810964787695461,0.0016219295753909218,-0.010972911837198507,1.0
2020-12-31,2021-01-04,2021-01-11,OK,0.04337922271783598,5.4135957799905654e-08,1.0827191559981132e-09,0.04337922158814944,1.0
2021-01-08,2021-01-11,2021-01-19,OK,0.02121199989462811,4.0977883756371236e-08,8.195576751274248e-10,0.021211999057686004,1.0
2021-01-15,2021-01-19,2021-01-25,OK,0.002792307825785774,1.2451847550411156e-06,2.4903695100822313e-08,0.0027922828525519527,1.0
2021-01-22,2021-01-25,2021-02-01,OK,-0.010914391158399766,0.007105159363767313,0.00014210318727534625,-0.011054943375904402,1.0000000000000002
2021-01-29,2021-02-01,2021-02-08,OK,0.037274448615689605,0.015818410286286652,0.00031636820572573303,0.036946287959535695,1.0
2021-02-05,2021-02-08,2021-02-16,OK,0.02844505278070338,5.594800517922596e-08,1.1189601035845192e-09,0.028445051629914397,1.0
2021-02-12,2021-02-16,2021-02-22,OK,-0.063197264250506,7.016750155990677e-06,1.4033500311981355e-07,-0.0631973957167209,1.0
2021-02-19,2021-02-22,2021-03-01,OK,0.00950479141165386,7.182303619882683e-08,1.4364607239765365e-09,0.009504789961539917,1.0
2021-02-26,2021-03-01,2021-03-08,OK,-0.10891359147092076,0.20716159000260437,0.004143231800052088,-0.11260556901533259,1.0
2021-03-05,2021-03-08,2021-03-15,OK,0.09555835126695288,0.2255947614811115,0.00451189522962223,0.09061530676809881,0.9999999999999997
2021-03-12,2021-03-15,2021-03-22,OK,-0.00819283994172157,0.022872352371494993,0.0004574470474298999,-0.008646539198710057,1.0
2021-03-19,2021-03-22,2021-03-29,OK,0.01715449959685107,0.15707217726480877,0.0031414435452961752,0.013959166159523528,1.0
2021-03-26,2021-03-29,2021-04-05,OK,0.05846332902041895,0.0775764860799564,0.0015515297215991282,0.05682109170622107,1.0000000000000002
2021-04-01,2021-04-05,2021-04-12,OK,0.00982352038586846,0.014788504388238252,0.000295770087764765,0.009524844794617238,1.0
2021-04-09,2021-04-12,2021-04-19,OK,-0.005755600940473657,0.023171646258007918,0.00046343292516015834,-0.006216366530653938,1.0
2021-04-16,2021-04-19,2021-04-26,OK,0.002146279938443975,0.08124348675960699,0.00162486973519214,0.000517922777936608,1.0
2021-04-23,2021-04-26,2021-05-03,OK,-0.010425273019563358,0.11547255832640677,0.002309451166528135,-0.012710647527155006,1.0000000000000002
2021-04-30,2021-05-03,2021-05-10,OK,-0.003038815474925776,0.1695117076836446,0.003390234153672892,-0.006418747332588848,1.0
2021-05-07,2021-05-10,2021-05-17,OK,-0.008673294984352029,0.023216148538645603,0.00046432297077291207,-0.009133590745031395,1.0
2021-05-14,2021-05-17,2021-05-24,OK,0.024393582099606768,0.08808472421687703,0.0017616944843375406,0.022588913576231162,0.9999999999999999
2021-05-21,2021-05-24,2021-06-01,OK,0.007726507133920115,0.03235906396087371,0.0006471812792174742,0.007074325403931825,1.0
2021-05-28,2021-06-01,2021-06-07,OK,0.020093861187160743,0.04476116290662857,0.0008952232581325714,0.019180649437147812,1.0000000000000002
2021-06-04,2021-06-07,2021-06-14,OK,0.013204180622186671,0.14007939017559526,0.0028015878035119054,0.010365600147288268,1.0
2021-06-11,2021-06-14,2021-06-21,OK,0.010899394896549956,0.039288653378412725,0.0007857730675682545,0.010105057378019255,0.9999999999999999
2021-06-18,2021-06-21,2021-06-28,OK,0.030038420960734877,0.036048910085275915,0.0007209782017055183,0.02929578571230307,1.0
2021-06-25,2021-06-28,2021-07-06,OK,0.0047484163011075895,0.01226370047753397,0.0002452740095506794,0.004501977628451614,1.0
2021-07-02,2021-07-06,2021-07-12,OK,0.009968690375735978,7.955168793512845e-08,1.5910337587025691e-09,0.009968688768841716,1.0
2021-07-09,2021-07-12,2021-07-19,OK,-0.03178921298236566,0.03717186551650648,0.0007434373103301297,-0.03250901700569864,0.9999999999999999
2021-07-16,2021-07-19,2021-07-26,OK,0.030929533278797695,0.05555838287547804,0.0011111676575095608,0.02978399772424689,1.0000000000000002
2021-07-23,2021-07-26,2021-08-02,OK,-0.0068645774783628434,0.06659005830404799,0.0013318011660809598,-0.008187236392153574,1.0000000000000002
2021-07-30,2021-08-02,2021-08-09,OK,0.021836073288806667,0.06056768481129999,0.001211353696226,0.020598268384491192,0.9999999999999998
2021-08-06,2021-08-09,2021-08-16,OK,0.0015932630823539161,0.04915731540149651,0.0009831463080299302,0.0006085503636066303,1.0000000000000002
2021-08-13,2021-08-16,2021-08-23,OK,0.015319745089231703,0.001894400414488556,3.788800828977112e-05,0.015281276646313069,0.9999999999999999
2021-08-20,2021-08-23,2021-08-30,OK,0.015813965695751053,0.04116868070705281,0.0008233736141410562,0.01497757127952104,1.0
2021-08-27,2021-08-30,2021-09-07,OK,-0.01426627141909543,0.036847235805767625,0.0007369447161153526,-0.014992702681869807,1.0
2021-09-03,2021-09-07,2021-09-13,OK,-0.019587970118120794,0.031173855361166597,0.000623477107223332,-0.020199234574398428,0.9999999999999999
2021-09-10,2021-09-13,2021-09-20,OK,-0.022246981784068063,0.051531884025659745,0.0010306376805131949,-0.023254690886876817,1.0
2021-09-17,2021-09-20,2021-09-27,OK,0.023138277589029616,0.057810549569464895,0.0011562109913892979,0.021955313866770076,1.0
2021-09-24,2021-09-27,2021-10-04,OK,-0.040146755290914285,0.08450565956303,0.0016901131912605998,-0.04176901592147131,0.9999999999999998
2021-10-01,2021-10-04,2021-10-11,OK,0.028701505327808408,0.1261236331498472,0.0025224726629969442,0.02610663390223511,1.0000000000000002
2021-10-08,2021-10-11,2021-10-18,OK,0.04514599126023002,0.0220803758724008,0.000441607517448016,0.04468444693365892,1.0
2021-10-15,2021-10-18,2021-10-25,OK,0.013654680901966807,0.0019386552106498809,3.8773104212997616e-05,0.01361537836338833,1.0
2021-10-22,2021-10-25,2021-11-01,OK,0.006364848968375229,0.048110318999857765,0.0009622063799971553,0.005396518290093022,1.0
2021-10-29,2021-11-01,2021-11-08,OK,0.03263505471947088,0.008635183758759938,0.00017270367517519875,0.03245671485040624,1.0000000000000002
2021-11-05,2021-11-08,2021-11-15,OK,0.015922915281323564,0.0355666672824916,0.0007113333456498321,0.015200255435074084,1.0000000000000002
2021-11-12,2021-11-15,2021-11-22,OK,-0.005290787927061942,0.020402761978009783,0.0004080552395601957,-0.005696684232887161,1.0
2021-11-19,2021-11-22,2021-11-29,OK,0.01856127416953375,0.014304096724092254,0.0002860819344818451,0.018269882189831055,1.0
2021-11-26,2021-11-29,2021-12-06,OK,-0.043304314621683215,0.09525157717187882,0.0019050315434375764,-0.04512685007979944,1.0
2021-12-03,2021-12-06,2021-12-13,OK,0.022304618418904402,0.037878833971230014,0.0007575766794246003,0.021530144280722308,1.0000000000000002
2021-12-10,2021-12-13,2021-12-20,OK,-0.018202030991031206,0.028185780997097645,0.0005637156199419529,-0.018755485841788877,1.0
2021-12-17,2021-12-20,2021-12-27,OK,0.05389555249782914,0.1260416624820793,0.0025208332496415857,0.05123885754744317,0.9999999999999998
2021-12-23,2021-12-27,2022-01-03,OK,-0.008547826106777807,2.455646975521892e-07,4.911293951043785e-09,-0.008547830976090909,1.0
2021-12-31,2022-01-03,2022-01-10,OK,-0.045056523942926266,6.718106761548407e-05,1.3436213523096815e-06,-0.04505780702537088,1.0
2022-01-07,2022-01-10,2022-01-18,OK,-0.008840618004394875,0.06428546403333389,0.001285709280666678,-0.010114960820446384,1.0
2022-01-14,2022-01-18,2022-01-24,OK,-0.03986061187128277,0.0330868573720734,0.0006617371474414679,-0.04049597177112918,1.0000000000000002
2022-01-21,2022-01-24,2022-01-31,OK,0.005730508540743592,0.2745920563999912,0.005491841127999823,0.00020719637025523596,1.0
2022-01-28,2022-01-31,2022-02-07,OK,0.0022934389101253545,0.05966640763659828,0.0011933281527319655,0.0010973739321753495,1.0000000000000002
2022-02-04,2022-02-07,2022-02-14,OK,0.013842822210968728,0.041616981189693834,0.0008323396237938767,0.012998960657743641,1.0
2022-02-11,2022-02-14,2022-02-22,OK,-0.016240280241469354,0.12588673199217082,0.0025177346398434163,-0.01871712616518806,1.0
2022-02-18,2022-02-22,2022-02-28,OK,0.030447496210633616,0.165428315861398,0.0033085663172279602,0.0270381923329992,0.9999999999999999
2022-02-25,2022-02-28,2022-03-07,OK,0.00011191897612394325,0.09059036070364856,0.0018118072140729713,-0.0017000910135573921,1.0
2022-03-04,2022-03-07,2022-03-14,OK,-0.011756334641352334,0.026783616514912092,0.0005356723302982418,-0.01228570942847751,1.0
2022-03-11,2022-03-14,2022-03-21,OK,0.03769449267658324,0.07318353990413354,0.0014636707980826707,0.036175649550321376,1.0
2022-03-18,2022-03-21,2022-03-28,OK,0.028313309147068453,0.04679347346533598,0.0009358694693067197,0.027350942116155963,1.0
2022-03-25,2022-03-28,2022-04-04,OK,0.022464317345194218,6.989164814842304e-08,1.3978329629684607e-09,0.022464315915959876,1.0
2022-04-01,2022-04-04,2022-04-11,OK,0.006848055512743946,8.132296779662386e-08,1.6264593559324773e-09,0.006848053875146531,1.0
2022-04-08,2022-04-11,2022-04-18,OK,0.019858838455615924,0.018536347143920405,0.0003707269428784081,0.019480749306267864,0.9999999999999999
2022-04-14,2022-04-18,2022-04-25,OK,-0.04316394587695684,0.024406034080971417,0.00048812068161942836,-0.04363099734389342,1.0
2022-04-22,2022-04-25,2022-05-02,OK,-0.024432163717700784,1.1588801800610157e-07,2.3177603601220315e-09,-0.02443216597883313,1.0
2022-04-29,2022-05-02,2022-05-09,OK,-0.027858887745767696,0.12107193812174319,0.0024214387624348637,-0.030212867917536634,1.0
2022-05-06,2022-05-09,2022-05-16,OK,0.03637589625543577,0.08729820675497008,0.0017459641350994015,0.03456642111009223,1.0
2022-05-13,2022-05-16,2022-05-23,OK,0.014846949027513781,0.0031246997057449515,6.249399411489903e-05,0.014783527188253709,1.0
2022-05-20,2022-05-23,2022-05-31,OK,0.01602917137275757,0.11228446938434973,0.002245689387686995,0.013747485445025465,1.0
2022-05-27,2022-05-31,2022-06-06,OK,0.01634364581255784,0.014476708332338589,0.0002895341666467718,0.01604937960204067,1.0
2022-06-03,2022-06-06,2022-06-13,OK,-0.08913111814110214,0.007874388100463871,0.00015748776200927742,-0.08927456884278995,1.0000000000000002
2022-06-10,2022-06-13,2022-06-21,OK,-0.05773646751846875,0.023519624088305692,0.00047039248176611385,-0.0581797011999905,1.0
2022-06-17,2022-06-21,2022-06-27,OK,-0.029772815860191235,0.043063262453015505,0.0008612652490603101,-0.03060843881758446,1.0
2022-06-24,2022-06-27,2022-07-05,OK,-0.04900135147874665,0.2184579864861566,0.004369159729723133,-0.05315641647688685,1.0
2022-07-01,2022-07-05,2022-07-11,OK,0.015944328292241797,0.0498052255873765,0.00099610451174753,0.014932341563145712,1.0
2022-07-08,2022-07-11,2022-07-18,OK,0.009973766004529289,0.0033564687519449356,6.712937503889871e-05,0.009905967096811796,0.9999999999999998
2022-07-15,2022-07-18,2022-07-25,OK,0.046996230488327344,0.02558616630278417,0.0005117233260556834,0.046460458094894186,1.0
2022-07-22,2022-07-25,2022-08-01,OK,0.03462805412878501,3.389885342397377e-07,6.779770684794754e-09,0.034628047114244165,1.0
2022-07-29,2022-08-01,2022-08-08,OK,-0.011557976704949303,0.07524374209174002,0.0015048748418348004,-0.013045458238418295,1.0
2022-08-05,2022-08-08,2022-08-15,OK,0.04966751481568744,0.020712600341991277,0.0004142520068398255,0.049232687941160425,1.0
2022-08-12,2022-08-15,2022-08-22,OK,-0.0024060524175429096,1.5679005891629125e-07,3.135801178325825e-09,-0.0024060555457992017,1.0000000000000002
2022-08-19,2022-08-22,2022-08-29,OK,0.039594077145122177,0.04136180746393642,0.0008272361492787283,0.03873408734393169,1.0
2022-08-26,2022-08-29,2022-09-06,OK,-0.056223744969798845,0.05479534186875118,0.0010959068373750237,-0.05725803582063871,1.0
2022-09-02,2022-09-06,2022-09-12,OK,0.03847855896879012,0.020394178173980752,0.00040788356347961507,0.03805498063356083,1.0
2022-09-09,2022-09-12,2022-09-19,OK,-0.06467353485010982,0.006564821230799795,0.0001312964246159959,-0.06479633987083266,1.0
2022-09-16,2022-09-19,2022-09-26,OK,-0.09291059051764436,0.1171919188639637,0.0023438383772792742,-0.09503666148721268,0.9999999999999998
2022-09-23,2022-09-26,2022-10-03,OK,0.08143414298437095,1.1704497841281622e-05,2.3408995682563245e-07,0.08143388983149924,1.0
2022-09-30,2022-10-03,2022-10-10,OK,0.020626612204601116,0.004419516182011139,8.839032364022277e-05,0.020536398688032476,1.0
2022-10-07,2022-10-10,2022-10-17,OK,0.022188300685744962,0.022927397744358816,0.00045854795488717634,0.021719578330956057,1.0
2022-10-14,2022-10-17,2022-10-24,OK,0.0679828822690552,4.6324193306096945e-08,9.264838661219389e-10,0.06798288127958618,1.0
2022-10-21,2022-10-24,2022-10-31,OK,0.0061311027038497825,0.015500812046815063,0.00031001624093630127,0.0058191857215004195,1.0
2022-10-28,2022-10-31,2022-11-07,OK,0.007664851828384914,0.005388700759222985,0.00010777401518445969,0.007556251741343001,1.0
2022-11-04,2022-11-07,2022-11-14,OK,0.025989264519306606,0.20347143091792738,0.0040694286183585475,0.021814074444143072,1.0
2022-11-11,2022-11-14,2022-11-21,OK,0.0014655978351161359,0.03354673467389087,0.0006709346934778174,0.0007936798212040408,1.0
2022-11-18,2022-11-21,2022-11-28,OK,-0.00038837856072216834,0.06488289938405674,0.0012976579876811348,-0.0016855325658616804,1.0
2022-11-25,2022-11-28,2022-12-05,OK,-0.01112418115546904,0.05072109368207227,0.0010144218736414454,-0.012127318416420008,1.0
2022-12-02,2022-12-05,2022-12-12,OK,-0.004464572744177356,0.09163775532901547,0.0018327551065803094,-0.006289145382262107,1.0
2022-12-09,2022-12-12,2022-12-19,OK,-0.04308967818057829,0.10349392173345358,0.0020698784346690714,-0.04507036621962457,1.0
2022-12-16,2022-12-19,2022-12-27,OK,0.021615041854346463,0.009819144384050186,0.00019638288768100373,0.021414414142328697,1.0
2022-12-23,2022-12-27,2023-01-03,OK,-0.03443348300902119,0.010702093242672812,0.00021404186485345623,-0.03464015466695791,0.9999999999999997
2022-12-30,2023-01-03,2023-01-09,OK,0.04394230437486735,0.03373620579209061,0.0006747241158418122,0.04323793132655829,1.0000000000000002
2023-01-06,2023-01-09,2023-01-17,OK,0.04842487577424926,0.019673789289928228,0.0003934757857985646,0.048012345972403336,1.0
2023-01-13,2023-01-17,2023-01-23,OK,0.01634398594603271,0.019674168111077812,0.00039348336222155627,0.015944071497269174,1.0000000000000002
2023-01-20,2023-01-23,2023-01-30,OK,0.02409680017526621,0.06032570340186168,0.0012065140680372335,0.02286121297882282,1.0
2023-01-27,2023-01-30,2023-02-06,OK,-0.016934414934173088,0.013877527829438149,0.000277550556588763,-0.017207265334471367,1.0
2023-02-03,2023-02-06,2023-02-13,OK,0.03442308158427612,0.051516096365817374,0.0010303219273163475,0.03335729280119759,1.0
2023-02-10,2023-02-13,2023-02-21,OK,-0.04128227929522236,0.079347905734171,0.00158695811468342,-0.04280372416178557,1.0
2023-02-17,2023-02-21,2023-02-27,OK,0.016259380352002032,0.004956703196690509,9.913406393381018e-05,0.016158634429616958,0.9999999999999999
2023-02-24,2023-02-27,2023-03-06,OK,0.03678619969036143,0.021746880598707295,0.00043493761197414593,0.03633526237654028,0.9999999999999999
2023-03-03,2023-03-06,2023-03-13,OK,-0.08221854670511443,0.04206325822638994,0.0008412651645277988,-0.08299064427042102,1.0
2023-03-10,2023-03-13,2023-03-20,OK,-0.008937928967854036,0.03329468542846593,0.0006658937085693185,-0.009597870965756039,1.0
2023-03-17,2023-03-20,2023-03-27,OK,0.008762992258500059,0.047794707797505824,0.0009558941559501165,0.007798721609461268,1.0
2023-03-24,2023-03-27,2023-04-03,OK,0.048817958113109586,0.04826534453796972,0.0009653068907593944,0.047805526910990936,1.0000000000000002
2023-03-31,2023-04-03,2023-04-10,OK,-0.02316921178103017,0.034432561436661166,0.0006886512287332233,-0.0238419075036016,1.0
2023-04-06,2023-04-10,2023-04-17,OK,-0.005385129792080001,8.744197146741406e-08,1.7488394293482812e-09,-0.0053851315315016635,1.0
2023-04-14,2023-04-17,2023-04-24,OK,-0.0035732302049870804,5.9563206324815196e-05,1.191264126496304e-06,-0.003574417212452663,1.0
2023-04-21,2023-04-24,2023-05-01,OK,-0.00047899222382852876,0.05259601248774768,0.0010519202497549537,-0.0015304086119637406,1.0
2023-04-28,2023-05-01,2023-05-08,OK,-0.014043534824722852,0.10494571017763837,0.0020989142035527674,-0.016112972853563945,1.0
2023-05-05,2023-05-08,2023-05-15,OK,0.0039454323498267175,0.1369680298867823,0.0027393605977356463,0.0011952637901708751,1.0
2023-05-12,2023-05-15,2023-05-22,OK,0.029121273086814507,0.010773849231617793,0.00021547698463235586,0.028899521138068707,1.0
2023-05-19,2023-05-22,2023-05-30,OK,0.033709156025175394,0.00041172074611934423,8.234414922386884e-06,0.03370064403507578,1.0
2023-05-26,2023-05-30,2023-06-05,OK,0.011863865656605584,0.08422808068476634,0.0016845616136953268,0.010159318630235115,1.0
2023-06-02,2023-06-05,2023-06-12,OK,0.031285407393997544,0.018466602413626708,0.0003693320482725342,0.030904520642131228,1.0
2023-06-09,2023-06-12,2023-06-20,OK,0.003633785552538412,0.01770338019921476,0.0003540676039842952,0.0032784313428100287,0.9999999999999999
2023-06-16,2023-06-20,2023-06-26,OK,-0.008641017938582587,0.088350211645184,0.00176700423290368,-0.010392753456212267,1.0
2023-06-23,2023-06-26,2023-07-03,OK,0.03868415329512248,0.011202684638138135,0.0002240536927627627,0.038451432274962505,1.0
2023-06-30,2023-07-03,2023-07-10,OK,-0.004142797000426825,0.0009168255122973465,1.833651024594693e-05,-0.004161057546233193,1.0
2023-07-07,2023-07-10,2023-07-17,OK,0.012511957994367287,5.764159273242281e-08,1.1528318546484562e-09,0.012511956827111259,1.0000000000000002
2023-07-14,2023-07-17,2023-07-24,OK,0.018544960547449994,1.1117621655726201e-07,2.2235243311452405e-09,0.018544958282690427,1.0
2023-07-21,2023-07-24,2023-07-31,OK,0.029842803264075315,0.044660623426931445,0.0008932124685386289,0.02892293483156516,1.0000000000000002
2023-07-28,2023-07-31,2023-08-07,OK,-0.01506056395705122,0.17570470379129044,0.003514094075825809,-0.018521733794297,1.0
2023-08-04,2023-08-07,2023-08-14,OK,-0.012085032640755994,0.02944036015369572,0.0005888072030739145,-0.012666724089561598,1.0
2023-08-11,2023-08-14,2023-08-21,OK,-0.004740123105960591,0.003012845762071077,6.025691524142154e-05,-0.004800094396005816,1.0
2023-08-18,2023-08-21,2023-08-28,OK,0.006281359583502384,0.12668389856474155,0.002533677971294831,0.0037317666698009067,0.9999999999999998
2023-08-25,2023-08-28,2023-09-05,OK,0.024958934899065158,0.01966339480641215,0.000393267896128243,0.024555851455119404,1.0
2023-09-01,2023-09-05,2023-09-11,OK,0.006863860974165552,4.861704137429628e-05,9.723408274859256e-07,0.006862881959325717,1.0
2023-09-08,2023-09-11,2023-09-18,OK,-0.0033604343619563844,7.841473965062306e-08,1.5682947930124613e-09,-0.003360435924981142,1.0
2023-09-15,2023-09-18,2023-09-25,OK,-0.02350476865364385,0.10034080295472936,0.002006816059094587,-0.025464414965538973,1.0
2023-09-22,2023-09-25,2023-10-02,OK,-0.01037508683892815,0.06027390671010148,0.0012054781342020295,-0.011568058032805473,1.0
2023-09-29,2023-10-02,2023-10-09,OK,-0.01668900264117447,0.035168683484831376,0.0007033736696966276,-0.017380637705839752,0.9999999999999998
2023-10-06,2023-10-09,2023-10-16,OK,0.025062735331022698,0.022953674014396824,0.0004590734802879365,0.02459215621360067,1.0
2023-10-13,2023-10-16,2023-10-23,OK,-0.025261828619444177,0.023723241866205575,0.00047446483732411154,-0.025724307607361885,1.0
2023-10-20,2023-10-23,2023-10-30,OK,-0.01474047518207798,0.1488283944201488,0.002976567888402976,-0.017673167045394123,0.9999999999999999
2023-10-27,2023-10-30,2023-11-06,OK,0.038132119825926854,0.08370044906927114,0.0016740089813854228,0.036394277333473335,1.0
2023-11-03,2023-11-06,2023-11-13,OK,0.005394635492136543,0.05125794851159958,0.0010251589702319915,0.004363946162938559,1.0
2023-11-10,2023-11-13,2023-11-20,OK,0.026330140440667615,0.037424173813345084,0.0007484834762669017,0.025561949289353292,1.0
2023-11-17,2023-11-20,2023-11-27,OK,-0.008864427792254033,0.06849041670570312,0.0013698083341140625,-0.010222093559301149,1.0
2023-11-24,2023-11-27,2023-12-04,OK,0.013426680776846731,0.0352225624558192,0.000704451249116384,0.012712771085685803,0.9999999999999998
2023-12-01,2023-12-04,2023-12-11,OK,0.0052517831230062696,0.003313721471835553,6.627442943671107e-05,0.005185160634639585,1.0
2023-12-08,2023-12-11,2023-12-18,OK,0.04253148740826984,0.11765919665467614,0.002353183933093523,0.04007821906235676,1.0
2023-12-15,2023-12-18,2023-12-26,OK,0.016437657209051888,0.046521190540534774,0.0009304238108106955,0.015491939410579914,1.0
2023-12-22,2023-12-26,2024-01-02,OK,-0.02119315370496945,0.06568545808833039,0.0013137091617666078,-0.022479021226547102,1.0
2023-12-29,2024-01-02,2024-01-08,OK,0.0073012725338045485,0.018336355108965967,0.00036672710217931933,0.006931867857106866,1.0
2024-01-05,2024-01-08,2024-01-16,OK,-0.006703688097163855,0.011080847539566669,0.0002216169507913334,-0.00692381939704001,1.0
2024-01-12,2024-01-16,2024-01-22,OK,0.02055810911500551,0.0757499695073779,0.001514999390147558,0.019011964202086284,1.0
2024-01-19,2024-01-22,2024-01-29,OK,0.03564985724406297,0.0359355248786116,0.0007187104975722319,0.03490552481985243,1.0
2024-01-26,2024-01-29,2024-02-05,OK,0.031815844759504226,0.020626818644190435,0.0004125363728838087,0.03139018319342313,1.0
2024-02-02,2024-02-05,2024-02-12,OK,0.008633879211789342,0.02446943435397491,0.0004893886870794982,0.008140265201897812,1.0000000000000002
2024-02-09,2024-02-12,2024-02-20,OK,-0.014866259439728878,0.0034598005350001495,6.9196010700003e-05,-0.014934426764581565,1.0
2024-02-16,2024-02-20,2024-02-26,OK,0.041384373621541654,0.07316273487742739,0.0014632546975485478,0.039860563044886055,1.0
2024-02-23,2024-02-26,2024-03-04,OK,0.009623293586901258,0.07748130311421245,0.001549626062284249,0.008058755018069741,1.0
2024-03-01,2024-03-04,2024-03-11,OK,-0.02882906047755539,0.3604115316938139,0.007208230633876278,-0.035829484594551486,0.9999999999999999
2024-03-08,2024-03-11,2024-03-18,OK,0.013277626758778143,0.13885510590140396,0.002777102118028079,0.010463651315355982,1.0
2024-03-15,2024-03-18,2024-03-25,OK,0.026062228709671963,0.05796024271147397,0.0011592048542294795,0.024872812393410104,0.9999999999999999
2024-03-22,2024-03-25,2024-04-01,OK,0.006545658280162124,0.02792090048554466,0.0005584180097108932,0.005983585056982266,0.9999999999999998
2024-03-28,2024-04-01,2024-04-08,OK,-0.00707360503577429,0.07003058519330704,0.001400611703866141,-0.0084643093656388,1.0
2024-04-05,2024-04-08,2024-04-15,OK,-0.023422060127025707,0.03784110616897053,0.0007568221233794106,-0.024161155917125976,1.0
2024-04-12,2024-04-15,2024-04-22,OK,-0.012025983760727832,0.07339448849054465,0.0014678897698108932,-0.013476220712004494,1.0
2024-04-19,2024-04-22,2024-04-29,OK,0.03312297523643031,0.12955368221217256,0.0025910736442434513,0.030446077524032944,1.0
2024-04-26,2024-04-29,2024-05-06,OK,-0.0012045129256865886,0.13893785414407459,0.002778757082881492,-0.003979922959744364,1.0
2024-05-03,2024-05-06,2024-05-13,OK,0.002969411310752859,0.10291834657804928,0.0020583669315609857,0.000904932241143408,1.0
2024-05-10,2024-05-13,2024-05-20,OK,0.008585799395044924,0.06700549658729624,0.0013401099317459247,0.007234183548257667,1.0
2024-05-17,2024-05-20,2024-05-28,OK,-0.007311959310817994,0.09100039468483329,0.0018200078936966657,-0.009118659380850547,1.0
2024-05-24,2024-05-28,2024-06-03,OK,-0.0034854508832236524,0.12091432224718687,0.0024182864449437376,-0.005895308509541897,1.0
2024-05-31,2024-06-03,2024-06-10,OK,0.012660830491055083,6.868126983521957e-08,1.3736253967043914e-09,0.012660829100038518,1.0
2024-06-07,2024-06-10,2024-06-17,OK,0.016164554168226226,0.04315887978412727,0.0008631775956825454,0.015287423691541457,0.9999999999999999
2024-06-14,2024-06-17,2024-06-24,OK,-0.008172520615969667,0.054169275966022876,0.0010833855193204576,-0.009247052144798373,1.0
2024-06-21,2024-06-24,2024-07-01,OK,-0.008628525764984562,0.01882430158513015,0.00037648603170260304,-0.009001763277262431,1.0
2024-06-28,2024-07-01,2024-07-08,OK,0.009127800166986744,0.05293073930447262,0.0010586147860894525,0.008059522556675969,1.0000000000000002
2024-07-05,2024-07-08,2024-07-15,OK,0.00669296293830014,0.023032031919666858,0.00046064063839333717,0.006229239249186058,1.0
2024-07-12,2024-07-15,2024-07-22,OK,-0.01642732844376139,0.07799943165510811,0.0015599886331021623,-0.017961690631218996,1.0
2024-07-19,2024-07-22,2024-07-29,OK,-0.019531561553402,0.21449487838321557,0.004289897567664311,-0.023737670722665638,1.0000000000000002
2024-07-26,2024-07-29,2024-08-05,OK,-0.059742099529581594,0.06599265315844377,0.0013198530631688755,-0.060983101799686246,1.0
2024-08-02,2024-08-05,2024-08-12,OK,0.03433218709372554,0.22782697502751148,0.00455653950055023,0.029619211626542352,1.0
2024-08-09,2024-08-12,2024-08-19,OK,0.03552676870777652,0.13456544951828825,0.002691308990365765,0.032739846205388945,1.0
2024-08-16,2024-08-19,2024-08-26,OK,0.012191757857936077,0.05316287715239985,0.001063257543047997,0.011115537336382486,1.0
2024-08-23,2024-08-26,2024-09-03,OK,0.01453043786884859,0.1800703218089626,0.003601406436179252,0.010876701420208024,0.9999999999999999
2024-08-30,2024-09-03,2024-09-09,OK,-0.006202693488733641,0.032783445490567,0.00065566890981134,-0.006854295485267281,1.0
2024-09-06,2024-09-09,2024-09-16,OK,0.00941518278120689,0.03957305131217783,0.0007914610262435566,0.00861627000473697,1.0
2024-09-13,2024-09-16,2024-09-23,OK,0.0030332679657149556,0.011230083132154123,0.00022460166264308247,0.0028079850260436245,1.0
2024-09-20,2024-09-23,2024-09-30,OK,0.010171922461744108,0.060042222246097794,0.001200844444921956,0.008958863120239746,1.0
2024-09-27,2024-09-30,2024-10-07,OK,0.0010185763439292377,0.03185497347036135,0.000637099469407227,0.00038082794007365806,0.9999999999999999
2024-10-04,2024-10-07,2024-10-14,OK,0.03276756742817912,3.9119749978911225e-06,7.823949995782245e-08,0.032767486624960984,1.0
2024-10-11,2024-10-14,2024-10-21,OK,-0.0015537358047389514,0.012342382364077198,0.000246847647281544,-0.001800199915992562,1.0
2024-10-18,2024-10-21,2024-10-28,OK,-0.012466515818297243,0.0282095148955478,0.000564190297910956,-0.01302367262893478,1.0
2024-10-25,2024-10-28,2024-11-04,OK,-0.014212083053326672,0.11590895286113,0.0023181790572226,-0.016497315957255565,1.0
2024-11-01,2024-11-04,2024-11-11,OK,0.07112651163217387,0.004260657706021096,8.521315412042192e-05,0.07103523756365582,1.0
2024-11-08,2024-11-11,2024-11-18,OK,-0.0059504775854306675,0.044231547633763246,0.0008846309526752649,-0.0068298445614506376,1.0000000000000002
2024-11-15,2024-11-18,2024-11-25,OK,0.0313262792177362,6.299985289671715e-08,1.259997057934343e-09,0.03132627791826814,1.0
2024-11-22,2024-11-25,2024-12-02,OK,0.013287137430365374,0.010406907474533293,0.00020813814949066585,0.01307623372067801,1.0
2024-11-29,2024-12-02,2024-12-09,OK,-0.007780726699194076,0.03890604820756848,0.0007781209641513696,-0.00855279331678449,1.0000000000000002
2024-12-06,2024-12-09,2024-12-16,OK,-0.012124201623435093,0.06031978829066224,0.001206395765813245,-0.013315970803746024,1.0
2024-12-13,2024-12-16,2024-12-23,OK,-0.021861309109699193,0.1548478562024943,0.0030969571240498863,-0.02489056269676071,1.0000000000000002
2024-12-20,2024-12-23,2024-12-30,OK,-0.009365981103037081,0.0033343427244415134,6.668685448883027e-05,-0.009432043369707044,1.0
2024-12-27,2024-12-30,2025-01-06,OK,-0.0020603735590713876,0.027119791050837075,0.0005423958210167416,-0.002601651842080055,0.9999999999999999
2025-01-03,2025-01-06,2025-01-13,OK,-0.017649993451344936,1.2576697017391107e-07,2.5153394034782216e-09,-0.017649995922288664,1.0
2025-01-10,2025-01-13,2025-01-21,OK,0.04091061997984419,8.459660369463697e-08,1.6919320738927393e-09,0.04091061821869402,0.9999999999999999
2025-01-17,2025-01-21,2025-01-27,OK,0.02921065185259407,0.005277590575018574,0.00010555181150037148,0.029102016803875586,1.0
2025-01-24,2025-01-27,2025-02-03,OK,0.02017182858261449,2.2407437611029874e-07,4.481487522205975e-09,0.020171824010727146,1.0000000000000002
2025-01-31,2025-02-03,2025-02-10,OK,0.018406794530363608,0.019685900884266215,0.00039371801768532433,0.01800582942602391,1.0
2025-02-07,2025-02-10,2025-02-18,OK,0.017664277587911725,3.0585534830452817e-07,6.117106966090563e-09,0.017664271362750394,1.0000000000000002
2025-02-14,2025-02-18,2025-02-24,OK,-0.023571342462887872,0.025917190259339813,0.0005183438051867962,-0.024077468208729025,0.9999999999999999
2025-02-21,2025-02-24,2025-03-03,OK,0.01061480100339756,0.02261859772375532,0.0004523719544751064,0.010157627210646059,1.0
2025-02-28,2025-03-03,2025-03-10,OK,-0.06726610236231007,0.0371022290063249,0.000742044580126498,-0.06795823249575228,1.0
2025-03-07,2025-03-10,2025-03-17,OK,0.039997189314638984,0.10062375841831221,0.0020124751683662442,0.037904220795972554,1.0
2025-03-14,2025-03-17,2025-03-24,OK,0.015124326470723879,0.13371384807846243,0.0026742769615692484,0.012409602871314762,0.9999999999999997
2025-03-21,2025-03-24,2025-03-31,OK,0.008317328467217123,1.1532445749613709e-05,2.3064891499227418e-07,0.008317095899919247,1.0
2025-03-28,2025-03-31,2025-04-07,OK,-0.10360970056901622,0.0020139466981978268,4.027893396395654e-05,-0.10364580621469288,1.0
2025-04-04,2025-04-07,2025-04-14,OK,0.07158352790657814,0.01698700208098218,0.0003397400416196436,0.0712194680742082,1.0
2025-04-11,2025-04-14,2025-04-21,OK,-0.0030485016802204554,0.03245976322515081,0.0006491952645030163,-0.003695717871868842,1.0
2025-04-17,2025-04-21,2025-04-28,OK,0.03731494235316162,1.2172287929207784e-07,2.4344575858415568e-09,0.03731493982786227,1.0000000000000002
2025-04-25,2025-04-28,2025-05-05,OK,0.00605966464614261,0.0042185139426231845,8.43702788524637e-05,0.005974783111694304,1.0000000000000002
2025-05-02,2025-05-05,2025-05-12,OK,-0.002101829046730966,0.0037255882998790905,7.451176599758182e-05,-0.002176184201734488,1.0
2025-05-09,2025-05-12,2025-05-19,OK,0.024653929735607205,4.916942769221998e-06,9.833885538443997e-08,0.024653828972312608,1.0000000000000002
2025-05-16,2025-05-19,2025-05-27,OK,0.005478115268930499,0.005252813264931301,0.00010505626529862602,0.005372483493300884,1.0
2025-05-23,2025-05-27,2025-06-02,OK,0.01097363737187588,0.12936052605315224,0.0025872105210630447,0.008358035740750003,1.0
2025-05-30,2025-06-02,2025-06-09,OK,-0.007612354810759539,0.030324764372591323,0.0006064952874518264,-0.00821423324089221,1.0
2025-06-06,2025-06-09,2025-06-16,OK,0.017051807536567123,0.02331874410785565,0.000466374882157113,0.016577480119679633,1.0
2025-06-13,2025-06-16,2025-06-23,OK,-0.00493275842361112,0.007185206522947721,0.00014370413045895444,-0.00507575369630997,1.0
2025-06-20,2025-06-23,2025-06-30,OK,0.02030079819641354,0.12213265991268944,0.0024426531982537887,0.01780855718851826,1.0
2025-06-27,2025-06-30,2025-07-07,OK,-0.0020364969411296747,0.08351868912245261,0.0016703737824490523,-0.0037034690124803094,1.0
2025-07-03,2025-07-07,2025-07-14,OK,-0.0065104132083923585,0.01716366556642328,0.0003432733113284656,-0.006851451668620667,1.0
2025-07-11,2025-07-14,2025-07-21,OK,-0.01167132245031877,0.01546939263575687,0.0003093878527151374,-0.011977099337642683,1.0000000000000002
2025-07-18,2025-07-21,2025-07-28,OK,0.01596332102456185,0.19106524835649627,0.0038213049671299254,0.012081015339508783,1.0
2025-07-25,2025-07-28,2025-08-04,OK,0.010393390481733577,0.09053411106032652,0.0018106822212065304,0.008563889133163638,0.9999999999999998
2025-08-01,2025-08-04,2025-08-11,OK,0.012509510014505867,0.06798505903277245,0.001359701180655449,0.011132799638314372,1.0
2025-08-08,2025-08-11,2025-08-18,OK,-0.00013417368418814604,0.13593307974194846,0.002718661594838969,-0.0028524705061848676,0.9999999999999998
2025-08-15,2025-08-18,2025-08-25,OK,0.0067113422099022175,0.053843117606763656,0.0010768623521352732,0.005627252666009053,1.0
2025-08-22,2025-08-25,2025-09-02,OK,0.011683318697093496,5.887772642927368e-08,1.1775545285854736e-09,0.011683317505781332,1.0
2025-08-29,2025-09-02,2025-09-08,OK,0.009959510042020897,5.039024961335405e-08,1.0078049922670809e-09,0.009959509024178637,1.0
2025-09-05,2025-09-08,2025-09-15,OK,0.031813934526415386,0.013598577350451472,0.00027197154700902946,0.03153331049441688,0.9999999999999999
2025-09-12,2025-09-15,2025-09-22,OK,0.024586675347594174,0.04277390957913762,0.0008554781915827524,0.023710163791447858,1.0
2025-09-19,2025-09-22,2025-09-29,OK,0.0027144175542008313,1.2213339972460354e-07,2.4426679944920706e-09,0.0027144151049025567,1.0
2025-09-26,2025-09-29,2025-10-06,OK,0.022504335963007917,2.862623948046185e-07,5.72524789609237e-09,0.02250433010891717,1.0
2025-10-03,2025-10-06,2025-10-13,OK,-0.0351522178817607,0.054338561485242166,0.0010867712297048433,-0.036200786692411335,1.0
2025-10-10,2025-10-13,2025-10-20,OK,0.040816418769873325,3.5495282031732744e-08,7.099056406346549e-10,0.04081641803099201,1.0
2025-10-17,2025-10-20,2025-10-27,OK,-0.01068341863950838,6.453494304780329e-08,1.2906988609560659e-09,-0.010683419916418191,1.0
2025-10-24,2025-10-27,2025-11-03,OK,-0.0026529048231633146,8.085076427712946e-07,1.6170152855425893e-08,-0.002652920950418247,1.0
2025-10-31,2025-11-03,2025-11-10,OK,0.03377074435780618,8.490710603774633e-06,1.6981421207549267e-07,0.03377056880884166,1.0
2025-11-07,2025-11-10,2025-11-17,OK,-0.02064209341100022,0.003063682538400225,6.12736507680045e-05,-0.02070210224534541,0.9999999999999998
2025-11-14,2025-11-17,2025-11-24,OK,-0.011116762293647865,4.9570601742446424e-08,9.914120348489286e-10,-0.011116763274038655,1.0
2025-11-21,2025-11-24,2025-12-01,OK,0.009368037397586588,9.189956979183022e-08,1.8379913958366044e-09,0.009368035542376862,1.0
2025-11-28,2025-12-01,2025-12-08,OK,-0.009553300413956745,0.002745359481463105,5.4907189629262096e-05,-0.009607683058708627,1.0
2025-12-05,2025-12-08,2025-12-15,OK,0.03232729624895069,0.11903486264305678,0.0023806972528611354,0.02986963749071725,1.0
2025-12-12,2025-12-15,2025-12-22,OK,0.016251228909626835,0.084825059240419,0.00169650118480838,0.014527157495718646,1.0
2025-12-19,2025-12-22,2025-12-29,OK,-0.011590228180446221,0.04374243485954872,0.0008748486971909745,-0.01245493718161339,1.0
2025-12-26,2025-12-29,2026-01-05,OK,0.03407671912289023,0.013818302948728566,0.0002763660589745713,0.033790935415348944,1.0
2026-01-02,2026-01-05,2026-01-12,OK,0.040321431043691486,0.01723696150099381,0.00034473923001987624,0.03996279143458037,1.0
2026-01-09,2026-01-12,2026-01-20,OK,0.025417138128991344,4.564080701196415e-05,9.12816140239283e-07,0.025416202111677277,1.0
2026-01-16,2026-01-20,2026-01-26,OK,0.0359704992931861,0.02091308655989916,0.0004182617311979832,0.03553719247868181,1.0
2026-01-23,2026-01-26,2026-02-02,OK,-0.019488440910406093,0.09755766039786928,0.0019511532079573856,-0.02140156918436309,1.0000000000000002
2026-01-30,2026-02-02,2026-02-09,OK,0.025480256666147238,0.04557687006523505,0.0009115374013047011,0.02454549305789655,1.0
2026-02-06,2026-02-09,2026-02-17,OK,0.0040616273001554066,0.027243753426011815,0.0005448750685202364,0.003514539152181806,1.0
2026-02-13,2026-02-17,2026-02-23,OK,0.020767562855182227,0.05979650353653142,0.0011959300707306284,0.01954679623153721,1.0
2026-02-20,2026-02-23,2026-03-02,OK,0.03881477872077253,0.042250093997664634,0.0008450018799532927,0.037936978279830225,1.0
2026-02-27,2026-03-02,2026-03-09,OK,-0.02047839026093976,0.01664581205241498,0.00033291624104829964,-0.020804488913279684,1.0
2026-03-06,2026-03-09,2026-03-16,OK,0.004940056861283888,0.0969722104137869,0.001939444208275738,0.002991031688339918,1.0
2026-03-13,2026-03-16,2026-03-23,OK,-0.015010323352204034,0.01571474901236081,0.0003142949802472162,-0.015319900663169794,1.0
2026-03-20,2026-03-23,2026-03-30,OK,-0.004102929887380345,0.05782745743847173,0.0011565491487694347,-0.005254733796081101,1.0
2026-03-27,2026-03-30,2026-04-06,OK,0.035005322873365365,0.022984784602840966,0.00045969569205681933,0.03452953538518444,1.0
2026-04-02,2026-04-06,2026-04-13,OK,0.02598214300759588,0.047488726757882176,0.0009497745351576436,0.025007691294640866,1.0000000000000002
2026-04-10,2026-04-13,2026-04-20,OK,-0.01539629509929913,0.09704204507850071,0.0019408409015700143,-0.01730725424160784,1.0
2026-04-17,2026-04-20,2026-04-27,OK,-0.01807681718175843,0.060425851834811174,0.0012085170366962234,-0.019263488076921242,1.0
2026-04-24,2026-04-27,2026-05-04,OK,-0.0012004048733066646,0.32848884883070745,0.006569776976614149,-0.007762295457621415,1.0
2026-05-01,2026-05-04,2026-05-11,OK,-0.006962946442906032,0.07249525887936159,0.0014499051775872318,-0.008402756008394463,0.9999999999999999
2026-05-08,2026-05-11,2026-05-18,OK,0.003238880234112211,0.06873797507515131,0.001374759501503026,0.0018596680512330543,1.0
2026-05-15,2026-05-18,2026-05-26,OK,-0.00035085035114943786,0.1563684880842355,0.00312736976168471,-0.0034771228740551052,1.0
2026-05-22,2026-05-26,2026-06-01,OK,-0.015244194888632866,0.12379970741956678,0.0024759941483913357,-0.017682444499682926,1.0
2026-05-29,2026-06-01,2026-06-08,OK,0.008998660279881433,0.15663728239871186,0.0031327456479742373,0.005837724118077814,1.0000000000000002
2026-06-05,2026-06-08,2026-06-15,OK,0.04826667638023593,0.13301327465373636,0.002660265493074727,0.04547800871352137,1.0
2026-06-12,2026-06-15,2026-06-22,OK,-0.005327111519805267,0.05329116927200407,0.0010658233854400814,-0.006387257145210601,0.9999999999999999
2026-06-18,2026-06-22,2026-06-29,OK,0.0112996299224698,0.0658558814550161,0.001317117629100322,0.009967629351596452,1.0
2026-06-26,2026-06-29,2026-07-06,OK,-0.034098135080559026,0.04843872336071487,0.0009687744672142975,-0.03503387614512765,0.9999999999999998
2026-07-02,2026-07-06,2026-07-13,OK,0.020707601985536915,0.08878347578110422,0.0017756695156220844,0.018895162612327487,1.0
2026-07-10,2026-07-13,2026-07-20,OK,-0.012434606601016307,0.057559520655823405,0.0011511904131164682,-0.013571482414222902,1.0000000000000002
2026-07-17,2026-07-20,2026-07-27,OK,-0.0008667023891496779,0.06272767940712495,0.0012545535881424992,-0.0021201686527000385,0.9999999999999998
2026-07-24,2026-07-27,2026-08-03,OK,-0.0040531532496036,0.032359465041800234,0.0006471893008360047,-0.004697719393021771,1.0
2026-07-31,2026-08-03,2026-08-10,OK,0.004861804035377099,0.14953592035595756,0.002990718407119151,0.0018565453414376432,1.0
2026-08-07,2026-08-10,2026-08-17,OK,-0.005562064837307109,0.10805011780171235,0.002161002356034247,-0.007711047558123574,1.0
2026-08-14,2026-08-17,2026-08-24,OK,0.013631278061279672,0.0548309530098402,0.001096619060196804,0.012519710681746066,1.0
2026-08-21,2026-08-24,2026-08-31,OK,-0.0017017267122825465,0.07987248050041565,0.001597449610008313,-0.003296457899617966,1.0
2026-08-28,2026-08-31,2026-08-31,OK,0.0,0.15105409789229468,0.003021081957845894,-0.0030210819578458947,1.0
