end_month,window_months,strategy_cagr,spy_cagr,spread
2014-07,36,0.36277636669120294,0.14812917375525436,0.21464719293594858
2014-07,36,0.44446002842221,0.13982013218218503,0.30463989624002497
2014-07,36,0.48026763289795027,0.1315712233654649,0.3486964095324854
2014-07,36,0.5184090110484367,0.12338201212272648,0.39502699892571025
2014-07,36,0.5429536646005195,0.11525206642102814,0.4277015981794914
2014-08,36,0.5356899747875998,0.12662710893532503,0.4090628658522748
2014-08,36,0.4922146243498695,0.13811817149217331,0.3540964528576962
2014-08,36,0.47328005127060613,0.1497264374410212,0.3235536138295849
2014-08,36,0.4266566005408432,0.16145310220091869,0.2652034983399245
2014-08,36,0.3709470889917139,0.1738211315524696,0.19712595743924433
2014-08,36,0.2558873797367476,0.1863208650165249,0.06956651472022268
2014-08,36,0.13811270332442827,0.19895370507789112,-0.06084100175346285
2014-08,36,0.08837317054716132,0.21172106915609157,-0.12334789860893025
2014-09,36,0.06992756401980782,0.2033409970092901,-0.13341343298948227
2014-09,36,0.05972213662337311,0.1950188801221382,-0.13529674349876508
2014-09,36,0.036697221803722035,0.18675431768518402,-0.150057095881462
2014-09,36,0.050488310679142945,0.17854691166091152,-0.12805860098176858
2014-09,36,0.03994285981874013,0.16416543214545354,-0.12422257232671341
2014-09,36,0.029279314312052884,0.1499594458165685,-0.12068013150451562
2014-09,36,0.029047461554689402,0.13592681117980931,-0.10687934962511991
2014-09,36,0.020606474211147585,0.1220654128727876,-0.10145893866164002
2014-10,36,0.02224675454689451,0.12219118032314613,-0.09994442577625162
2014-10,36,-0.006519561143749741,0.12231696187023333,-0.12883652301398307
2014-10,36,-0.024832305817385047,0.12244275751562905,-0.1472750633330141
2014-10,36,-0.02104121273532622,0.12256856726091336,-0.14360977999623958
2014-10,36,-0.022597323120642332,0.12363270656200753,-0.14623002968264986
2014-10,36,-0.027289417808863625,0.12469785461435734,-0.15198727242322096
2014-10,36,-0.01191351009918773,0.12576401237420942,-0.13767752247339715
2014-10,36,-0.0013196450526158365,0.12683118079871614,-0.12815082585133197
2014-11,36,-0.005309706999969799,0.1293379489417108,-0.1346476559416806
2014-11,36,0.005572410936565131,0.1318502936844923,-0.12627788274792717
2014-11,36,0.0053998837897484275,0.13436822743286148,-0.12896834364311305
2014-11,36,0.007237394239213879,0.1368917626202164,-0.12965436838100253
2014-11,36,-0.06336115947185206,0.15239386893394014,-0.2157550284057922
2014-11,36,-0.0788567697931315,0.16810735447307779,-0.24696412426620928
2014-11,36,-0.11625154283600159,0.18403510150253122,-0.3002866443385328
2014-11,36,-0.14154539664289645,0.20018003158837328,-0.3417254282312697
2014-12,36,-0.1898979721983335,0.2045844537426953,-0.3944824259410288
2014-12,36,-0.2094537378395276,0.2090050392508498,-0.4184587770903774
2014-12,36,-0.21778861725356657,0.21344184742913286,-0.43123046468269943
2014-12,36,-0.24542330946391255,0.21789493781151847,-0.463318247275431
2014-12,36,-0.2327512413163887,0.20126574520085905,-0.43401698651724774
2014-12,36,-0.21339604169043802,0.18486360833885018,-0.3982596500292882
2014-12,36,-0.19702332123580424,0.1686854269960214,-0.36570874823182564
2014-12,36,-0.17125546095482003,0.15272814327357676,-0.3239836042283968
2015-01,36,-0.13327749936812627,0.12660001098164542,-0.2598775103497717
2015-01,36,-0.04102352341787274,0.10106410791656861,-0.14208763133444136
2015-01,36,0.06124113662345265,0.07610701040713974,-0.014865873783687089
2015-01,36,0.11217951076792065,0.051715599047696736,0.06046391172022392
2015-01,36,0.14964981855109483,0.04605702826027058,0.10359279029082424
2015-01,36,0.1772092420421678,0.040428902417642076,0.13678033962452574
2015-01,36,0.2045706094559787,0.0348310577161417,0.169739551739837
2015-01,36,0.2095988908611892,0.0292633312334154,0.1803355596277738
2015-02,36,0.19698693414382862,0.05306107113964753,0.1439258630041811
2015-02,36,0.16307805191096802,0.07740904188327535,0.08566901002769267
2015-02,36,0.14441746495032048,0.10231996542762789,0.042097499522692594
2015-02,36,0.13704838683995813,0.12780685788231017,0.00924152895764796
2015-02,36,0.12535335342843745,0.1396747819779347,-0.01432142854949725
2015-02,36,0.13204666313025015,0.1516675923706725,-0.019620929240422358
2015-02,36,0.12558717759425697,0.16378660324041494,-0.03819942564615797
2015-02,36,0.09019074326262011,0.17603314259618452,-0.08584239933356441
2015-03,36,0.1310773495180686,0.16080215681794785,-0.029724807299879252
2015-03,36,0.19361944363518657,0.1457684298748365,0.04785101376035006
2015-03,36,0.1737204997358588,0.13092940703739253,0.04279109269846626
2015-03,36,0.18841561222333136,0.1162825666628513,0.07213304556048006
2015-03,36,0.2555105209549431,0.10042187804204761,0.15508864291289548
2015-03,36,0.2751376043827163,0.08478654584177603,0.19035105854094025
2015-03,36,0.3192831752509211,0.06937336808780481,0.24990980716311628
2015-03,36,0.36791850398107884,0.054179188301116676,0.31373931567996216
2015-04,36,0.38698931652635293,0.04811213887782273,0.3388771776485302
2015-04,36,0.36966702362523884,0.04208000675237855,0.3275870168728603
2015-04,36,0.4152954441176202,0.03608259096751354,0.37921285315010667
2015-04,36,0.4287919144202714,0.03011969172251483,0.3986722226977566
2015-04,36,0.433169345546514,0.03436058733020486,0.3988087582163091
2015-04,36,0.4627326784348367,0.0386189422639327,0.424113736170904
2015-04,36,0.46659279885048566,0.0428948284019266,0.42369797044855906
2015-04,36,0.49537310460910544,0.047188317918331224,0.4481847866907742
2015-05,36,0.49321748279766675,0.052547456328255526,0.4406700264694112
2015-05,36,0.49277961664714987,0.057934020907861816,0.43484559573928805
2015-05,36,0.4948960783081142,0.06334815201456023,0.431547926293554
2015-05,36,0.5014408135433797,0.068789990724059,0.43265082281932066
2015-05,36,0.47281122195620173,0.08416576235216833,0.3886454596040334
2015-05,36,0.4381611462279238,0.09976273211575015,0.33839841411217364
2015-05,36,0.42834300328775954,0.11558408220405125,0.3127589210837083
2015-05,36,0.39928106470886493,0.1316330405857662,0.26764802412309874
2015-06,36,0.36963212497672515,0.13524323479564893,0.23438889018107623
2015-06,36,0.3515544478252506,0.13886494643367842,0.21268950139157217
2015-06,36,0.3244037571226497,0.1424982122433487,0.181905544879301
2015-06,36,0.2834358787089619,0.14614306908537555,0.13729280962358636
2015-06,36,0.3000545774460983,0.1177691641674583,0.18228541327864
2015-06,36,0.34749138948578073,0.09009768332032841,0.2573937061654523
2015-06,36,0.3638341350811525,0.0631112373415943,0.3007228977395582
2015-06,36,0.3820318583010689,0.036792867515765826,0.34523899078530307
2015-07,36,0.3818387469066358,0.025675054384966645,0.35616369252166913
2015-07,36,0.3675141642708175,0.014676460601333652,0.35283770366948386
2015-07,36,0.3565835332493681,0.003795807743240287,0.3527877255061278
2015-07,36,0.3662687436026837,-0.006968168902074634,0.3732369125047583
2015-07,36,0.28230878254889724,0.005746486835783271,0.27656229571311397
2015-07,36,0.20888676100911074,0.018623939440236548,0.1902628215688742
2015-07,36,0.19792477080865734,0.031666273342064954,0.16625849746659238
2015-07,36,0.1846294448844732,0.04487559966084009,0.1397538452236331
2015-08,36,0.12440112852308438,0.028613826918839402,0.09578730160424498
2015-08,36,0.07968293864683407,0.012605141963364153,0.06707779668346991
2015-08,36,0.02415122891535426,-0.0031543941013449928,0.027305623016699254
2015-08,36,-0.034419844933166965,-0.018668658868602916,-0.01575118606456405
2015-08,36,-0.06441569424021631,-0.042155078594196205,-0.02226061564602011
2015-08,36,-0.08416881058685699,-0.06507939264925167,-0.019089417937605324
2015-08,36,-0.1230411960556721,-0.08745505403292919,-0.035586142022742906
2015-08,36,-0.14175858960905574,-0.10929519377078978,-0.03246339583826596
2015-09,36,-0.12513441876083053,-0.11981203066501644,-0.00532238809581409
2015-09,36,-0.12371590505675822,-0.13020469189802963,0.00648878684127141
2015-09,36,-0.11133130151858806,-0.14047464365162843,0.029143342133040373
2015-09,36,-0.10074373585740637,-0.15062333479593337,0.049879598938527
2015-09,36,-0.0929986633020704,-0.16148789705825028,0.06848923375617988
2015-09,36,-0.05592175592720583,-0.17221348833397543,0.1162917324067696
2015-09,36,-0.03689117290647059,-0.18280188623132199,0.1459107133248514
2015-09,36,-0.03926884418847287,-0.1932548456207287,0.15398600143225583
2015-10,36,-0.050367622934507916,-0.17452295139944274,0.12415532846493482
2015-10,36,-0.054112725155812225,-0.15535611950395722,0.101243394348145
2015-10,36,-0.06629686838407367,-0.13574425107410304,0.06944738269002937
2015-10,36,-0.07077537200308492,-0.11567701276329534,0.044901640760210415
2015-10,36,-0.04319120378777164,-0.08504537153129132,0.04185416774351969
2015-10,36,-0.016415231179580547,-0.053352695521148186,0.03693746434156764
2015-10,36,-0.011075660851601055,-0.020562232056380303,0.009486571204779248
2015-10,36,0.002285036219976888,0.013364044597890645,-0.011079008377913757
2015-11,36,-0.024347590863664892,0.021561296685528974,-0.045908887549193866
2015-11,36,-0.05576978759269058,0.029824857561353335,-0.08559464515404391
2015-11,36,-0.07444276001326777,0.038155263606987955,-0.11259802362025573
2015-11,36,-0.09516676947619596,0.04655305554292721,-0.14171982501912317
2015-11,36,-0.11024459872060566,0.04005352349424829,-0.15029812221485395
2015-11,36,-0.09571701030772917,0.033594356257107716,-0.12931136656483688
2015-11,36,-0.09021284226191406,0.027175303149148844,-0.1173881454110629
2015-11,36,-0.0999239049169367,0.020796115044857233,-0.12072001996179393
2015-12,36,-0.1313781201481795,0.0073525778298113575,-0.13873069797799087
2015-12,36,-0.13970442856623988,-0.00591391257815066,-0.13379051598808922
2015-12,36,-0.15144898201269863,-0.019005687825186635,-0.132443294187512
2015-12,36,-0.17494365144890478,-0.031925048850469206,-0.14301860259843557
2015-12,36,-0.19123036561469275,-0.01714588452527499,-0.17408448108941776
2015-12,36,-0.2062373064105345,-0.0021410933538409394,-0.20409621305669357
2015-12,36,-0.21869216399142055,0.013092769207286858,-0.2317849331987074
2015-12,36,-0.24071707822758104,0.02855920028785741,-0.26927627851543845
2016-01,36,-0.2072409502163296,0.032619033186387814,-0.2398599834027174
2016-01,36,-0.1866407762383797,0.03669489067850451,-0.22333566691688422
2016-01,36,-0.17599133578606552,0.04078683601498789,-0.2167781718010534
2016-01,36,-0.1457681285776795,0.044894932696276424,-0.19066306127395594
2016-01,36,-0.15689260026756657,0.0361469541195516,-0.19303955438711817
2016-01,36,-0.16527565183772042,0.02747221460905669,-0.1927478664467771
2016-01,36,-0.16974442301701653,0.01887010099904418,-0.18861452401606071
2016-01,36,-0.18914275156487004,0.010340005257259532,-0.19948275682212957
2016-02,36,-0.16142403933019367,0.018801820971974692,-0.18022586030216836
2016-02,36,-0.14331446183561614,0.027334506220527466,-0.1706489680561436
2016-02,36,-0.14383812330238888,0.03593865455056666,-0.17977677785295554
2016-02,36,-0.11673944933086378,0.04461486448083174,-0.16135431381169552
2016-02,36,-0.08478002665668882,0.016292538776935483,-0.1010725654336243
2016-02,36,-0.05991702245062791,-0.011261892308041754,-0.048655130142586156
2016-02,36,-0.03327448864017357,-0.038069248467790806,0.004794759827617234
2016-02,36,0.01649085212828294,-0.06414978491796774,0.08064063704625068
2016-03,36,0.004110195797261351,-0.06929361912028009,0.07340381491754144
2016-03,36,0.05638645109154439,-0.07440918060343871,0.1307956316949831
2016-03,36,0.07762272675603787,-0.0794966247664356,0.15711935152247347
2016-03,36,0.09513096391935671,-0.08455610615412246,0.17968707007347917
2016-03,36,0.15286039984696242,-0.06561085710603665,0.21847125695299907
2016-03,36,0.2740097818575904,-0.046273533279904355,0.32028331513749475
2016-03,36,0.30255472195157007,-0.026536020629232993,0.32909074258080306
2016-03,36,0.33283769038142696,-0.0063900371861181915,0.33922772756754516
2016-04,36,0.34680398013350366,-0.0062957283458735525,0.3530997084793772
2016-04,36,0.3377384226444238,-0.0062014105542720355,0.3439398331986958
2016-04,36,0.28268843267697075,-0.006107083810464098,0.28879551648743484
2016-04,36,0.31274593391862515,-0.006012748113599975,0.3187586820322251
2016-04,36,0.37353424928101675,0.0010919745829063299,0.3724422746981104
2016-04,36,0.3779800603365506,0.008247479705946414,0.3697325806306042
2016-04,36,0.30812766597669006,0.015454130233071073,0.292673535743619
2016-04,36,0.32080464329663627,0.02271229173628586,0.2980923515603504
2016-05,36,0.3629320040594777,0.03447318778947328,0.3284588162700044
2016-05,36,0.4435135633468186,0.04636933075138727,0.3971442325954313
2016-05,36,0.5284299176605904,0.058402275922426305,0.47002764173816414
2016-05,36,0.6263840736589605,0.07057359648849437,0.5558104771704662
2016-05,36,0.6378303820100699,0.09509434537537942,0.5427360366346905
2016-05,36,0.6561074925763786,0.12017672508143051,0.5359307674949481
2016-05,36,0.6693812931150305,0.14583359937269735,0.5235476937423331
2016-05,36,0.6814468763906449,0.17207812665090705,0.5093687497397379
2016-06,36,0.728481575708674,0.19358096718133977,0.5349006085273342
2016-06,36,0.7325943350904076,0.21547829690183873,0.5171160381885689
2016-06,36,0.7209781332288578,0.23777735307581893,0.4832007801530389
2016-06,36,0.7622674045380848,0.26048550574088214,0.5017818987972027
2016-06,36,0.7604429843377882,0.2622917637447204,0.4981512205930678
2016-06,36,0.7037943923280887,0.2641006100908767,0.439693782237212
2016-06,36,0.7002621111191805,0.2659120484884103,0.43435006263077014
2016-06,36,0.6638489578606903,0.2677260826516934,0.3961228752089969
2016-07,36,0.6262062147968903,0.283307396711731,0.3428988180851593
2016-07,36,0.5878555253237363,0.2990802169268918,0.2887753083968445
2016-07,36,0.5681199270606061,0.31504689705291833,0.25307303000768777
2016-07,36,0.5015899976845513,0.33120981977499486,0.1703801779095564
2016-07,36,0.4848486423163534,0.3182809403678435,0.1665677019485099
2016-07,36,0.360799707628755,0.3054776278850353,0.05532207974371972
2016-07,36,0.3251841135562237,0.2927986628046002,0.03238545075162347
2016-07,36,0.31077765957844483,0.28024283744872047,0.03053482212972436
2016-08,36,0.28853624544200973,0.2532606051120594,0.03527564032995034
2016-08,36,0.19682043084554235,0.2268470468117405,-0.030026615966198156
2016-08,36,0.1933863912174083,0.20099017724737833,-0.007603786029970028
2016-08,36,0.19236761815871595,0.1756782637192278,0.016689354439488158
2016-08,36,0.20332926730432344,0.17460637749007235,0.028722889814251085
2016-08,36,0.21386071812461638,0.17353546851815138,0.040325249606465
2016-08,36,0.28940719413011795,0.17246553591248182,0.11694165821763614
2016-08,36,0.3021539068135919,0.17139657878289416,0.13075732803069773
2016-09,36,0.42829657227301077,0.16988448035347137,0.2584120919195394
2016-09,36,0.4992642423994984,0.1683743338177972,0.3308899085817012
2016-09,36,0.6668076194129189,0.16686613665626937,0.4999414827566495
2016-09,36,0.7180590491090932,0.16535988635253518,0.5526991627565581
2016-09,36,0.8316421136183931,0.15884805294569082,0.6727940606727023
2016-09,36,0.7941663437248827,0.15237260655955565,0.6417937371653271
2016-09,36,0.8010991066840729,0.14593334386962886,0.655165762814444
2016-09,36,0.8430328153728628,0.13953006268755286,0.7035027526853099
2016-10,36,0.7821629713034401,0.12655375974267757,0.6556092115607626
2016-10,36,0.7932956462735405,0.11372522335844959,0.679570422915091
2016-10,36,0.8375179091549467,0.10104277085556146,0.7364751382993853
2016-10,36,0.8255810404054098,0.088504738716076,0.7370763016893338
2016-10,36,0.7310516033000554,0.08092644693196127,0.6501251563680941
2016-10,36,0.7505549886495697,0.07340091606318522,0.6771540725863845
2016-10,36,0.7337375259109418,0.06592777878235179,0.66780974712859
2016-10,36,0.7033059517933598,0.05850667031943968,0.6447992814739201
2016-11,36,0.6194754758430279,0.0701098161255782,0.5493656597174497
2016-11,36,0.5644648143501823,0.08184015337639416,0.4826246609737881
2016-11,36,0.5234039239042221,0.09369907631995367,0.4297048475842684
2016-11,36,0.497209645722958,0.10568799448780042,0.3915216512351576
2016-11,36,0.4881293072835784,0.10581878577316939,0.382310521510409
2016-11,36,0.48290542314639295,0.10594959252977487,0.3769558306166181
2016-11,36,0.45853157245066956,0.10608041475944674,0.3524511576912228
2016-11,36,0.4496001345973779,0.10621125246401553,0.3433888821333624
2016-12,36,0.4465673684861291,0.10041794276750693,0.3461494257186222
2016-12,36,0.48086681804839926,0.09465497306000614,0.3862118449883931
2016-12,36,0.5162600512131923,0.08892218444875821,0.4273378667644341
2016-12,36,0.5311557246155834,0.08321941887314299,0.44793630574244037
2016-12,36,0.5439519015535397,0.09005511041206704,0.45389679114147263
2016-12,36,0.5517980445887247,0.09693393880581591,0.4548641057829088
2016-12,36,0.5591097481852276,0.10385617627092181,0.4552535719143058
2016-12,36,0.5816754900520791,0.11082209674174792,0.47085339331033116
2017-01,36,0.5821581048503615,0.11696313252254753,0.4651949723278139
2017-01,36,0.6008514631639543,0.12313811822257503,0.4777133449413793
2017-01,36,0.6037001950324374,0.1293472415295529,0.47435295350288453
2017-01,36,0.5975363398313154,0.13559069116880962,0.46194564866250576
2017-01,36,0.4976558757533578,0.14230213732474506,0.35535373842861273
2017-01,36,0.4679714958932597,0.14905324874903347,0.31891824714422623
2017-01,36,0.44195099655970393,0.15584425986708417,0.28610673669261977
2017-01,36,0.43242534458077464,0.1626754064897824,0.26974993809099224
2017-02,36,0.32314541593831025,0.1776851349438413,0.14546028099446895
2017-02,36,0.3206361981072472,0.1928886336858131,0.1277475644214341
2017-02,36,0.3024440883074784,0.20828840422161,0.09415568408586839
2017-02,36,0.2793042117845381,0.2238869803507031,0.055417231433835035
2017-02,36,0.30823315944342666,0.24695941393496734,0.06127374550845932
2017-02,36,0.2901915738191583,0.270466803687609,0.019724770131549274
2017-02,36,0.26483243895440167,0.2944173493014659,-0.02958491034706423
2017-02,36,0.25126255702515143,0.31881940504808326,-0.06755684802293183
2017-03,36,0.2883281531390265,0.32708280542075396,-0.038754652281727475
2017-03,36,0.2564995195292197,0.33539798224246486,-0.07889846271324519
2017-03,36,0.26067581496015224,0.3437652599318033,-0.08308944497165105
2017-03,36,0.26454786740731984,0.3521849649400848,-0.08763709753276494
2017-03,36,0.26790346078288096,0.336533553684893,-0.06863009290201205
2017-03,36,0.2927254614789687,0.32106330601355304,-0.028337844534584322
2017-03,36,0.3110798247520439,0.30577212497496054,0.005307699777083341
2017-03,36,0.307421351048335,0.29065793789001937,0.016763413158315643
2017-04,36,0.32598580115769993,0.2793930111956251,0.04659278996207483
2017-04,36,0.3402497228318384,0.2682264053418695,0.07202331748996893
2017-04,36,0.34414706384319604,0.2571572621795639,0.08698980166363213
2017-04,36,0.38218565053576925,0.24618473104948757,0.13600091948628168
2017-04,36,0.39039088080358253,0.2419583197577544,0.14843256104582814
2017-04,36,0.3867724244189634,0.2377462422577632,0.14902618216120023
2017-04,36,0.37990744575604585,0.23354844993673773,0.1463589958193081
2017-04,36,0.38793934690352083,0.22936489434677165,0.15857445255674918
2017-05,36,0.35567869319853074,0.22688619574276347,0.12879249745576726
2017-05,36,0.33714122910015143,0.2244124947979511,0.11272873430220032
2017-05,36,0.31036422548555564,0.2219437814358387,0.08842044404971694
2017-05,36,0.2693614789062053,0.21948004560024614,0.04988143330595918
2017-05,36,0.25066368300499,0.21796795205898545,0.03269573094600453
2017-05,36,0.20978334148432976,0.216457733437192,-0.006674391952862235
2017-05,36,0.19861663922399497,0.21494938741006053,-0.01633274818606556
2017-05,36,0.17136006890944344,0.21344291165566864,-0.0420828427462252
2017-06,36,0.18701523154676325,0.20884803495450055,-0.0218328034077373
2017-06,36,0.2136419992428531,0.20427055741706424,0.009371441825788862
2017-06,36,0.2178590422908182,0.1997104131589147,0.018148629131903515
2017-06,36,0.24345190424958063,0.19516753654508956,0.04828436770449107
2017-06,36,0.31433831049638083,0.18241411762774207,0.13192419286863877
2017-06,36,0.36894486214327316,0.16979678816154542,0.19914807398172774
2017-06,36,0.39775336215986346,0.1573140959603181,0.24043926619954537
2017-06,36,0.4187222239812858,0.14496460433389768,0.2737576196473881
2017-07,36,0.4154579710233215,0.13804180874538896,0.27741616227793253
2017-07,36,0.4071698068602414,0.13116087043227465,0.27600893642796676
2017-07,36,0.40689196226764124,0.12432153631305276,0.2825704259545885
2017-07,36,0.41409604174333237,0.11752355483642773,0.29657248690690463
2017-07,36,0.3907983598736038,0.12465974843338334,0.26613861144022044
2017-07,36,0.3904500414180896,0.13184151177142667,0.2586085296466629
2017-07,36,0.37911447524261876,0.13906913584620928,0.24004533939640949
2017-07,36,0.3708019965959741,0.14634291351159834,0.2244590830843758
2017-08,36,0.3769840294457527,0.14697911468766334,0.23000491475808937
2017-08,36,0.3775349572100324,0.14761566894475808,0.2299192882652743
2017-08,36,0.3674731097325852,0.1482525764788365,0.21922053325374868
2017-08,36,0.37474389577157785,0.14888983748596196,0.2258540582856159
2017-08,36,0.36277832059683446,0.14622610060962238,0.21655221998721208
2017-08,36,0.3592616937639075,0.1435685396902069,0.2156931540737006
2017-08,36,0.35555048077362095,0.14091714040856607,0.21463334036505488
2017-08,36,0.3285568640972125,0.13827188847875194,0.19028497561846058
2017-09,36,0.3330892530408798,0.14209981613260303,0.19098943690827674
2017-09,36,0.31716930927515774,0.14594061683574155,0.17122869243941619
2017-09,36,0.3100098865971086,0.14979433387932017,0.16021555271778842
2017-09,36,0.3068475450642896,0.1536610107000751,0.15318653436421448
2017-09,36,0.32945584118554305,0.1559455815423232,0.17351025964321987
2017-09,36,0.36393001954615634,0.15823467647256995,0.2056953430735864
2017-09,36,0.4004505850044462,0.1605283044497725,0.23992228055467368
2017-09,36,0.4192754902246161,0.1628264744506298,0.25644901577398627
2017-10,36,0.40299177833345756,0.16642775364025364,0.23656402469320392
2017-10,36,0.4327230889043201,0.1700401860088656,0.2626829028954545
2017-10,36,0.4348011444882913,0.17366380609791476,0.26113733839037656
2017-10,36,0.4695524220987364,0.17729864855582456,0.2922537735429118
2017-10,36,0.44334229970313976,0.18396368577384603,0.25937861392929373
2017-10,36,0.424366781758597,0.1906664557465696,0.2337003260120274
2017-10,36,0.38398843996119325,0.19740717209032388,0.18658126787086937
2017-10,36,0.3514423932854005,0.20418604963078257,0.14725634365461793
2017-11,36,0.2804363617355714,0.21375842385373844,0.06667793788183296
2017-11,36,0.2416765972562378,0.2234068912587175,0.018269705997520314
2017-11,36,0.20257598696259338,0.23313205672933712,-0.030556069766743743
2017-11,36,0.1750465307997513,0.24293452995758558,-0.06788799915783428
2017-11,36,0.18467270998250962,0.2469860088521214,-0.06231329886961179
2017-11,36,0.1778676709902114,0.2510506939782302,-0.07318302298801882
2017-11,36,0.18206760864504168,0.2551286283830456,-0.07306101973800394
2017-11,36,0.18071893403145967,0.2592198552540179,-0.07850092122255825
2017-12,36,0.2977147377992473,0.2557446949585347,0.041970042840712596
2017-12,36,0.3590915265533725,0.2522791253147787,0.10681240123859381
2017-12,36,0.43002846545545537,0.2488231198547326,0.18120534560072277
2017-12,36,0.5105789393030584,0.2453766521834262,0.26520228711963223
2017-12,36,0.5675539395961393,0.24917710390233583,0.3183768356938035
2017-12,36,0.7023075577006077,0.252989153263808,0.4493184044367997
2017-12,36,0.74758070603014,0.25681283565977053,0.4907678703703695
2017-12,36,0.8130299671347512,0.2606481865901549,0.5523817805445963
2018-01,36,0.8392396080699112,0.28265337697647364,0.5565862310934375
2018-01,36,0.8369555898587766,0.3050426780203801,0.5319129118383965
2018-01,36,0.8243313403147745,0.327822794548994,0.4965085457657805
2018-01,36,0.8023360045809966,0.3510005484252572,0.45133545615573945
2018-01,36,0.7735010756326601,0.36679941783195447,0.40670165780070566
2018-01,36,0.7441614281294577,0.3827830423631562,0.36137838576630155
2018-01,36,0.7287026256717244,0.39895358258207403,0.32974904308965036
2018-01,36,0.722054659074111,0.4153132243179769,0.30674143475613413
2018-02,36,0.6822540930576375,0.3886821612449043,0.2935719318127332
2018-02,36,0.6311805734542517,0.3625521982168367,0.268628375237415
2018-02,36,0.5938472640819246,0.33691390634787477,0.2569333577340498
2018-02,36,0.5895754934588171,0.31175803416956227,0.27781745928925483
2018-02,36,0.6213553276087882,0.2856426316545946,0.3357126959541936
2018-02,36,0.6073760928080312,0.26004715295999037,0.3473289398480408
2018-02,36,0.6111052224647588,0.23496124707627142,0.37614397538848743
2018-02,36,0.5817532441446294,0.21037476906914354,0.3713784750754858
2018-03,36,0.5874376729769784,0.1899389345570448,0.39749873841993355
2018-03,36,0.5757054218291457,0.16984813642779129,0.40585728540135446
2018-03,36,0.6093231094592335,0.15009654912503256,0.45922656033420095
2018-03,36,0.6152097634971534,0.13067844545047413,0.48453131804667926
2018-03,36,0.6206533709454507,0.1090649924361986,0.5115883785092521
2018-03,36,0.6177609843225655,0.08786469079407522,0.5298962935284903
2018-03,36,0.6245227219905396,0.06706964294030682,0.5574530790502328
2018-03,36,0.6252720956674451,0.046672102257145465,0.5785999934102997
2018-04,36,0.6132387331829696,0.03800222112935603,0.5752365120536136
2018-04,36,0.6353122469272638,0.029404155079668204,0.6059080918475956
2018-04,36,0.627215235276781,0.02087730924347264,0.6063379260333084
2018-04,36,0.6199940907770516,0.012421093683593787,0.6075729970934578
2018-04,36,0.49060232015718497,0.010095316511031571,0.4805070036461534
2018-04,36,0.41043344707070606,0.007774882213573697,0.40265856485713236
2018-04,36,0.32529087841138593,0.005459778517338254,0.3198310998940477
2018-04,36,0.2680830154078657,0.003149993176638999,0.2649330222312267
2018-05,36,0.2509031088413598,0.007158392904942135,0.24374471593641767
2018-05,36,0.1560072078524788,0.011182809448767372,0.14482439840371142
2018-05,36,0.12361832623133373,0.015223306808313408,0.10839501942302032
2018-05,36,0.07519424315466572,0.019279949239512373,0.055914293915153346
2018-05,36,0.08883710923978239,0.008865505644304328,0.07997160359547806
2018-05,36,0.08280155788953047,-0.0014425288770486544,0.08424408676657913
2018-05,36,0.08693675303621129,-0.011645241554113617,0.0985819945903249
2018-05,36,0.09663130858969127,-0.021743708507740878,0.11837501709743214
2018-06,36,0.05876831965833085,-0.03762219960996782,0.09639051926829867
2018-06,36,0.07092722867278667,-0.0532429602157225,0.12417018888850917
2018-06,36,0.0771356099778151,-0.0686101736575635,0.1457457836353786
2018-06,36,0.071079495568934,-0.0837279553666117,0.1548074509355457
2018-06,36,0.08033829160180361,-0.07057071798538095,0.15090900958718456
2018-06,36,0.06030347243141221,-0.05722454883817496,0.11752802126958717
2018-06,36,0.07639383342146755,-0.043686734953329975,0.12008056837479752
2018-06,36,0.08584767254202341,-0.02995452440217905,0.11580219694420246
2018-07,36,0.08761221047601819,-0.005923048988504376,0.09353525946452257
2018-07,36,0.10502757366080329,0.018703771514741563,0.08632380214606172
2018-07,36,0.11102566707303319,0.04394068592216849,0.0670849811508647
2018-07,36,0.14510706370156812,0.06980280842896391,0.0753042552726042
2018-07,36,0.16813008672461316,0.09293255645815512,0.07519753026645803
2018-07,36,0.20401384488279017,0.11656238285663045,0.08745146202615972
2018-07,36,0.24211040570903997,0.14070309960448935,0.10140730610455062
2018-07,36,0.24192616605274675,0.16536575244302099,0.07656041360972576
2018-08,36,0.25878950954324687,0.18859623416112448,0.07019327538212239
2018-08,36,0.2582225491998318,0.2122897939126469,0.04593275528718488
2018-08,36,0.25972558260757017,0.2364556627272174,0.023269919880352763
2018-08,36,0.2644510338426651,0.2611032556464492,0.0033477781962159003
2018-08,36,0.2724653331238862,0.27219298251611646,0.0002723506077697557
2018-08,36,0.2731863564492736,0.2833802287930909,-0.0101938723438173
2018-08,36,0.2808177307193176,0.29466585203093665,-0.013848121311619055
2018-08,36,0.29514341083914175,0.3060507173242617,-0.01090730648511995
2018-09,36,0.2373454880447885,0.3063872045321918,-0.06904171648740332
2018-09,36,0.2234147132698341,0.3067237784317336,-0.08330906516189951
2018-09,36,0.1991085570102542,0.3070604390452212,-0.10795188203496697
2018-09,36,0.16763304046044336,0.307397186394996,-0.13976414593455266
2018-09,36,0.0949031057298162,0.2995371305171106,-0.20463402478729442
2018-09,36,0.061246947074531155,0.2917243291989309,-0.23047738212439972
2018-09,36,0.03274384504541983,0.28395849834662235,-0.2512146533012025
2018-09,36,0.004073803609084381,0.27623935557431945,-0.27216555196523506
2018-10,36,-0.024618254421969077,0.2362001739745665,-0.2608184283965356
2018-10,36,-0.023118368044796722,0.19741713296958263,-0.22053550101437935
2018-10,36,-0.013041695292753008,0.15985082393184769,-0.1728925192246007
2018-10,36,-0.01659371958599254,0.12346307459220163,-0.14005679417819417
2018-10,36,0.022904864852510975,0.09486939422321439,-0.07196452937070341
2018-10,36,0.026120043009308702,0.0670034623450626,-0.0408834193357539
2018-10,36,0.018378428220226617,0.03984675675776783,-0.021468328537541215
2018-10,36,0.008296195818278118,0.013381226676815183,-0.005085030858537065
2018-11,36,-0.03655118974480254,0.01766180149259,-0.05421299123739254
2018-11,36,-0.03257251482516699,0.021960457678209755,-0.05453297250337674
2018-11,36,-0.06894803734488675,0.026277271610317898,-0.09522530895520465
2018-11,36,-0.0997629880362958,0.03061231998817604,-0.13037530802447184
2018-11,36,-0.12556601761630304,0.024448080848495257,-0.1500140984647983
2018-11,36,-0.17081288563619035,0.018320710901462478,-0.18913359653765283
2018-11,36,-0.19790825273374768,0.012229989627183135,-0.21013824236093082
2018-11,36,-0.23928693064097528,0.006175697824723381,-0.24546262846569866
2018-12,36,-0.23857673230692467,-0.036026919105004884,-0.20254981320191978
2018-12,36,-0.23097108141085143,-0.07645940694140729,-0.15451167446944414
2018-12,36,-0.23879850802322544,-0.11519601124637002,-0.12360249677685542
2018-12,36,-0.2306474279573908,-0.15230786345666858,-0.07833956450072221
2018-12,36,-0.22051933867458573,-0.1865202104313829,-0.033999128243202836
2018-12,36,-0.20220972471043397,-0.2193517675708967,0.017142042860462725
2018-12,36,-0.19341799309679242,-0.2508582627260474,0.05744026962925497
2018-12,36,-0.17944736720946186,-0.28109317460498595,0.10164580739552409
2019-01,36,-0.1795844977163641,-0.2700820432019343,0.09049754548557021
2019-01,36,-0.17942320530447764,-0.258902259881148,0.07947905457667037
2019-01,36,-0.1827778672317374,-0.2475512414866996,0.06477337425496221
2019-01,36,-0.18784297799936123,-0.23602636529777143,0.04818338729841021
2019-01,36,-0.14086621290523715,-0.21770548569356762,0.07683927278833047
2019-01,36,-0.10966479242747029,-0.19894525240721417,0.08928045997974388
2019-01,36,-0.0733914556378743,-0.17973512928203117,0.10634367364415687
2019-01,36,-0.039638300286715,-0.16006432749338184,0.12042602720666684
2019-02,36,0.007380242410589544,-0.15276063398704953,0.16014087639763908
2019-02,36,0.044413946631709944,-0.14539343092804502,0.18980737755975496
2019-02,36,0.08467133499167012,-0.13796216606656775,0.22263350105823787
2019-02,36,0.12479152424587836,-0.13046628235070767,0.25525780659658603
2019-02,36,0.12909106367423417,-0.09994094260612874,0.2290320062803629
2019-02,36,0.14107614401548174,-0.0683439982214894,0.20942014223697114
2019-02,36,0.1465735731302642,-0.0356378300739818,0.182211403204246
2019-02,36,0.16116112523660808,-0.0017834984059784675,0.16294462364258655
2019-03,36,0.1742181709593451,0.028461220004888155,0.14575695095445695
2019-03,36,0.1806088268464321,0.05962231576504906,0.12098651108138303
2019-03,36,0.1867340226120262,0.09172755396839283,0.09500646864363338
2019-03,36,0.18653234739196023,0.12480554095661756,0.061726806435342674
2019-03,36,0.2487982708101828,0.12463997609841493,0.12415829471176787
2019-03,36,0.2829746480562385,0.12447443561040061,0.1585002124458379
2019-03,36,0.3215485879546993,0.12430891948898659,0.19723966846571273
2019-03,36,0.3516543120029596,0.12414342773058684,0.22751088427237276
2019-04,36,0.32563623891818305,0.13228928983895027,0.19334694907923278
2019-04,36,0.3463010348454325,0.14049417917449136,0.20580685567094115
2019-04,36,0.3303546132727597,0.1487585234652391,0.18159608980752062
2019-04,36,0.3306726816132901,0.15708275353866163,0.17358992807462847
2019-04,36,0.2548982002685911,0.20921530342531436,0.045682896843276755
2019-04,36,0.15279748899515422,0.26369669374656235,-0.11089920475140813
2019-04,36,0.07306453445768724,0.32063275188662455,-0.2475682174289373
2019-04,36,0.014085974304374638,0.3801340732995675,-0.36604809899519286
2019-05,36,0.01316803098460495,0.3922738362518856,-0.37910580526728066
2019-05,36,0.007734011416662856,0.40452038147078895,-0.3967863700541261
2019-05,36,0.01445561823393926,0.4168746482211134,-0.40241902998717416
2019-05,36,0.019453086194733515,0.42933758402953903,-0.4098844978348055
2019-05,36,0.03167818253998722,0.3628415615087026,-0.3311633789687154
2019-05,36,0.05960986283408376,0.2994390845998314,-0.2398292217657476
2019-05,36,0.08472893300129347,0.23898623455274248,-0.154257301551449
2019-05,36,0.1075930415368418,0.1813457880435554,-0.0737527465067136
2019-06,36,0.10042995655523668,0.1775128794572689,-0.07708292290203222
2019-06,36,0.09206380216513788,0.17369240684728937,-0.0816286046821515
2019-06,36,0.08849015726721476,0.16988432986475344,-0.08139417259753867
2019-06,36,0.061935471777516904,0.16608860829171013,-0.10415313651419322
2019-06,36,0.05149838271067608,0.1799184583686535,-0.12842007565797742
2019-06,36,0.0362522324387855,0.19391233093221616,-0.15766009849343066
2019-06,36,0.01977813206368495,0.20807217129460143,-0.18829403923091648
2019-06,36,0.009270471812628633,0.22239994783947958,-0.21312947602685095
2019-07,36,0.003044992598620899,0.21553479784286256,-0.21248980524424166
2019-07,36,-0.020764328139837973,0.2087082033816574,-0.22947253152149538
2019-07,36,-0.04402089561909195,0.2019199479231859,-0.24594084354227785
2019-07,36,-0.07324372153734371,0.19516981615084528,-0.268413537688189
2019-07,36,-0.08195044252775041,0.19400210910140392,-0.27595255162915433
2019-07,36,-0.08415522951238674,0.1928355429272881,-0.27699077243967485
2019-07,36,-0.09206767170582975,0.19167011651383814,-0.2837377882196679
2019-07,36,-0.09328193874912638,0.19050582874748279,-0.28378776749660917
2019-08,36,-0.09659769987595201,0.17676676059950425,-0.27336446047545626
2019-08,36,-0.10543250746341115,0.16318624857869235,-0.2686187560421035
2019-08,36,-0.1006289200340954,0.14976246286331496,-0.25039138289741036
2019-08,36,-0.10309015159510104,0.13649359474875422,-0.23958374634385526
2019-08,36,-0.04592196801536963,0.11513193938453425,-0.16105390739990388
2019-08,36,-0.01834421067506431,0.09417179998310377,-0.11251601065816808
2019-08,36,0.021589656297855475,0.07360562960741035,-0.052015973309554875
2019-08,36,0.06188725850823573,0.05342602317343825,0.008461235334797479
2019-09,36,0.10741368976168353,0.04615824187223527,0.061255447889448256
2019-09,36,0.17309995356385732,0.03894060234072505,0.13415935122313227
2019-09,36,0.23338972876135067,0.03177275864154816,0.2016169701198025
2019-09,36,0.2812519808725067,0.02465436722403247,0.2565976136484742
2019-09,36,0.2592161886866997,0.054160075758481474,0.20505611292821824
2019-09,36,0.22890023567765905,0.08451542380452381,0.14438481187313523
2019-09,36,0.20124524807012967,0.1157448773836689,0.08550037068646077
2019-09,36,0.17152164315019514,0.1478736070352833,0.02364803611491184
2019-10,36,0.15053315255311484,0.18194860190531004,-0.0314154493521952
2019-10,36,0.12227540599614728,0.21703512388797042,-0.09475971789182314
2019-10,36,0.08642805381426033,0.25316320048887264,-0.1667351466746123
2019-10,36,0.06650595644378599,0.29036375058972785,-0.22385779414594187
2019-10,36,0.07510008391865797,0.27097966522191363,-0.19587958130325567
2019-10,36,0.07165074187674181,0.25188677120644143,-0.18023602932969962
2019-10,36,0.061745204545659904,0.23308069421240618,-0.17133548966674628
2019-10,36,0.07184151769584846,0.21455712562091978,-0.14271560792507132
2019-11,36,0.08399987890064953,0.20178526000710661,-0.11778538110645709
2019-11,36,0.10256027448215344,0.18914769894580585,-0.08658742446365242
2019-11,36,0.1241918385272498,0.1766430301364681,-0.052451191609218295
2019-11,36,0.14947906156962842,0.16426985612981104,-0.014790794560182619
2019-11,36,0.17185891482065618,0.17227350432197897,-0.00041458950132278183
2019-11,36,0.20750845305727839,0.18033217273479973,0.027176280322478652
2019-11,36,0.2372944694648309,0.18844623959887685,0.04884822986595405
2019-11,36,0.2865748295779844,0.19661608574491796,0.08995874383306646
2019-12,36,0.29246069120894247,0.20206728525977669,0.09039340594916578
2019-12,36,0.26513174759824865,0.20754331778206736,0.057588429816181286
2019-12,36,0.26219902214722746,0.21304429643886547,0.04915472570836199
2019-12,36,0.22925687832922526,0.21857033487259847,0.010686543456626785
2019-12,36,0.2299356045642893,0.23720353818081796,-0.007267933616528666
2019-12,36,0.20673572872238544,0.256121662478487,-0.04938593375610156
2019-12,36,0.1769918015757288,0.27532906450281724,-0.09833726292708844
2019-12,36,0.16754892055971515,0.2948301676100473,-0.12728124705033217
2020-01,36,0.12494440073764079,0.3019630018554149,-0.17701860111777412
2020-01,36,0.09813228051083045,0.30913512876297466,-0.21100284825214422
2020-01,36,0.10941636410754385,0.31634676478431456,-0.2069304006767707
2020-01,36,0.09430840749575586,0.32359812756339035,-0.22928972006763448
2020-01,36,0.04703384226827145,0.31494595125797376,-0.2679121089897023
2020-01,36,0.002553079381671264,0.30635033302200476,-0.3037972536403335
2020-01,36,-0.02203282966043174,0.2978109031432743,-0.31984373280370604
2020-01,36,-0.01540870865306665,0.2893272943263301,-0.30473600297939674
2020-02,36,-0.0661383632219783,0.2463324100422879,-0.3124707732642662
2020-02,36,-0.10619329684037826,0.20477126572693605,-0.3109645625673143
2020-02,36,-0.14003646393562597,0.16459605080159556,-0.3046325147372215
2020-02,36,-0.16358925890570475,0.12576054901534883,-0.2893498079210536
2020-02,36,-0.20429365576040148,0.08727996420977546,-0.29157361997017694
2020-02,36,-0.23535784456168574,0.0501147172069647,-0.28547256176865043
2020-02,36,-0.23814494181634638,0.0142198473197519,-0.2523647891360983
2020-02,36,-0.2529982521391094,-0.020448069299301097,-0.23255018283980833
2020-03,36,-0.2234843670241563,-0.06984999750250576,-0.15363436952165055
2020-03,36,-0.18163100567857748,-0.11676042889609384,-0.06487057678248365
2020-03,36,-0.1425535288708476,-0.16130501761094818,0.018751488740100575
2020-03,36,-0.09735012874797944,-0.20360308063935117,0.10625295189137174
2020-03,36,-0.05472956762277281,-0.2472121182523629,0.19248255062959008
2020-03,36,-0.027123318283417297,-0.2884332157374043,0.26130989745398703
2020-03,36,0.012018003479802752,-0.3273971317254132,0.33941513520521593
2020-03,36,0.04455161647760941,-0.3642274647768686,0.40877908125447804
2020-04,36,0.03415414536314021,-0.34617727361402373,0.38033141897716394
2020-04,36,0.03688268628313063,-0.32761462023715626,0.3644973065202869
2020-04,36,0.043516614069349036,-0.308524955353218,0.35204156942256704
2020-04,36,0.061884150185386844,-0.28889331660079753,0.3507774667861844
2020-04,36,0.06972273412306484,-0.26701621988102453,0.3367389540040894
2020-04,36,0.11180197333554975,-0.24446607736930603,0.3562680507048558
2020-04,36,0.13347404631694926,-0.2212221829068739,0.35469622922382316
2020-04,36,0.21541484967578461,-0.19726319331290953,0.41267804298869415
2020-05,36,0.22641420314742722,-0.19245823035806398,0.4188724335054912
2020-05,36,0.2770217913351374,-0.18762450620925675,0.4646462975443941
2020-05,36,0.3292138495130874,-0.18276184870984769,0.5119756982229351
2020-05,36,0.37076127284145666,-0.17787008467271392,0.5486313575141706
2020-05,36,0.4176806015703143,-0.16490287522437796,0.5825834767946922
2020-05,36,0.48780624423146546,-0.15173113785686265,0.6395373820883281
2020-05,36,0.49464126027535515,-0.13835164661242483,0.63299290688778
2020-05,36,0.5478723604938684,-0.12476112465125455,0.672633485145123
2020-06,36,0.6323376533200662,-0.11949890405734187,0.7518365573774081
2020-06,36,0.7302274603036807,-0.11420504528286002,0.8444325055865407
2020-06,36,0.8139349888240162,-0.10887935810878502,0.9228143469328012
2020-06,36,0.8432710150304936,-0.10352165117243295,0.9467926662029266
2020-06,36,0.9707701973320249,-0.07311863100958627,1.0438888283416112
2020-06,36,1.1214800125958488,-0.0416845277913247,1.1631645403871735
2020-06,36,1.2590503916938278,-0.009184373535472079,1.2682347652293
2020-06,36,1.3832983200351476,0.024417985638579554,1.358880334396568
2020-07,36,1.5758908140062404,0.07324924197901783,1.5026415720272226
2020-07,36,1.7098860856894476,0.12440815327008581,1.5854779324193617
2020-07,36,1.782648584319483,0.17800567257699673,1.6046429117424863
2020-07,36,1.8789764171063994,0.2341580417998388,1.6448183753065606
2020-07,36,1.7926773405078067,0.31511583313841673,1.47756150736939
2020-07,36,1.6831335553080624,0.40138426035703323,1.2817492949510292
2020-07,36,1.6293725550723175,0.493311688362686,1.1360608667096315
2020-07,36,1.5504434350116512,0.5912693339601798,0.9591741010514714
2020-08,36,1.3577988002016101,0.7014538196147488,0.6563449805868613
2020-08,36,1.2054677946747994,0.8192678250620153,0.386199969612784
2020-08,36,1.0725890953489037,0.9452396422109661,0.12734945313793755
2020-08,36,0.9328157312286738,1.079934143561331,-0.1471184123326572
2020-08,36,0.886759852167788,1.0441410297038063,-0.15738117753601832
2020-08,36,0.8221702730103355,1.0089638714060212,-0.18679359839568566
2020-08,36,0.7490160896886451,0.974392068828769,-0.22537597914012397
2020-08,36,0.691717267948061,0.9404152045430672,-0.24869793659500616
2020-09,36,0.6549485114132849,0.8410440850679408,-0.1860955736546559
2020-09,36,0.5838729882587463,0.7467618864395589,-0.16288889818081254
2020-09,36,0.5445419654586892,0.6573079985780392,-0.11276603311935007
2020-09,36,0.46158535818197843,0.572435157575661,-0.11084979939368256
2020-09,36,0.4247962907190381,0.5286570019773007,-0.10386071125826257
2020-09,36,0.39258437835735926,0.4860976736853386,-0.09351329532797936
2020-09,36,0.3408031093954722,0.44472323933774716,-0.10392012994227495
2020-09,36,0.301168204918584,0.4045007103109808,-0.1033325053923968
2020-10,36,0.3635048533556746,0.371287883514533,-0.007783030158858395
2020-10,36,0.4208330567454832,0.3388604545863192,0.08197260215916402
2020-10,36,0.45674525900589336,0.3071998508882672,0.14954540811762618
2020-10,36,0.4900700874609998,0.27628793897739223,0.21378214848360755
2020-10,36,0.5422059227138105,0.2581967996311332,0.28400912308267734
2020-10,36,0.5667845873383335,0.240362098752128,0.3264224885862055
2020-10,36,0.5819994777270983,0.22278020137376453,0.3592192763533337
2020-10,36,0.6103700706875879,0.20544752405439426,0.4049225466331936
2020-11,36,0.6078196742226745,0.24037081062569365,0.3674488635969808
2020-11,36,0.5857629815747993,0.27630586744878993,0.3094571141260094
2020-11,36,0.5676902159301871,0.3132820067432067,0.25440820918698037
2020-11,36,0.5513522064378513,0.351329389939254,0.20002281649859732
2020-11,36,0.5284679838585722,0.3722252368765282,0.156242746982044
2020-11,36,0.5257287553140348,0.3934442000151339,0.13228455529890093
2020-11,36,0.5471582196795108,0.41499127575841954,0.1321669439210913
2020-11,36,0.54898537248335,0.4368715377700041,0.1121138347133459
2020-12,36,0.5085230213932577,0.42692258304232356,0.08160043835093411
2020-12,36,0.47903762291013186,0.41704251526630953,0.06199510764382232
2020-12,36,0.4360345081825323,0.4072308574660144,0.028803650716517915
2020-12,36,0.4011940855142295,0.3974871359680907,0.0037069495461388158
2020-12,36,0.4315421358035696,0.3830791816494945,0.04846295415407509
2020-12,36,0.462622826466051,0.36881977191660775,0.09380305454944327
2020-12,36,0.48333228564096187,0.35470737528942586,0.128624910351536
2020-12,36,0.5046875720599067,0.34074047607735225,0.1639470959825544
2021-01,36,0.564806407540186,0.30645594746943927,0.2583504600707467
2021-01,36,0.618353997579848,0.27304812014924007,0.3453058774306079
2021-01,36,0.6915192676120221,0.24049457569132793,0.45102469192069417
2021-01,36,0.715132386757737,0.20877346893942228,0.5063589178183148
2021-01,36,0.7305909215904052,0.22007554116016403,0.5105153804302411
2021-01,36,0.8060605520718027,0.23148328813284635,0.5745772639389564
2021-01,36,0.8735586773138229,0.24299769791992243,0.6305609793939004
2021-01,36,0.9006914872737166,0.25461976782226126,0.6460717194514554
2021-02,36,0.9424169017916524,0.28235157047031456,0.6600653313213378
2021-02,36,0.9964700976383891,0.31069634997226037,0.6857737476661288
2021-02,36,1.0367023395113781,0.33966765541569877,0.6970346840956794
2021-02,36,1.062053791746397,0.3692793353738868,0.6927744563725102
2021-02,36,0.986648389281821,0.393534306949068,0.593114082332753
2021-02,36,0.8817645323086789,0.4182189232511615,0.4635456090575174
2021-02,36,0.8264173278055136,0.4433407948679917,0.38307653293752186
2021-02,36,0.7373048747382849,0.46890766719887633,0.26839720753940854
2021-03,36,0.6569549821971077,0.5034089319504442,0.15354605024666346
2021-03,36,0.586590464240264,0.5387205521083032,0.04786991213196079
2021-03,36,0.5482917331300188,0.5748615610583094,-0.026569827928290657
2021-03,36,0.5042897056669746,0.6118514392368017,-0.10756173356982712
2021-03,36,0.48685228505456424,0.580535746326525,-0.09368346127196081
2021-03,36,0.4854010176941965,0.5498284671934608,-0.06442744949926427
2021-03,36,0.4747929666333526,0.5197177813319802,-0.044924814698627635
2021-03,36,0.46815200358187825,0.490192097889955,-0.02204009430807674
2021-04,36,0.44723060679648086,0.46473143546788176,-0.017500828671400903
2021-04,36,0.4436496572303128,0.4397057809430378,0.003943876287274994
2021-04,36,0.4155250869722793,0.4151077019922762,0.0004173849800030993
2021-04,36,0.40090307350409415,0.3909298932773342,0.00997318022675997
2021-04,36,0.41781736104267675,0.39798559973677916,0.01983176130589759
2021-04,36,0.4454050941421668,0.40507709735570807,0.04032799678645871
2021-04,36,0.4778361054620486,0.41220456769029945,0.06563153777174913
2021-04,36,0.49670080122524585,0.4193681932177027,0.07733260800754316
2021-05,36,0.5171839275813093,0.40532304558769083,0.11186088199361843
2021-05,36,0.5714464468942291,0.3914168796348021,0.18002956725942698
2021-05,36,0.5694873818685662,0.3776483200864451,0.19183906178212107
2021-05,36,0.5923753086231762,0.3640160052788355,0.22835930334434074
2021-05,36,0.5938516975940766,0.3716703199192739,0.22218137767480273
2021-05,36,0.566137172109306,0.37936758752535793,0.1867695845839481
2021-05,36,0.5715611398963067,0.387108049132026,0.18445309076428074
2021-05,36,0.5901592279538725,0.39489194712680864,0.1952672808270639
2021-06,36,0.5981023956475453,0.41004903421918204,0.18805336142836326
2021-06,36,0.5665354077789151,0.4253708202974513,0.14116458748146377
2021-06,36,0.517668723837351,0.4408590950033717,0.07680962883397924
2021-06,36,0.5252340302461942,0.456515667425192,0.06871836282100219
2021-06,36,0.5154981689313249,0.45397061247213144,0.0615275564591935
2021-06,36,0.48559849965094437,0.4514300046423383,0.03416849500860608
2021-06,36,0.482068563036427,0.4488938361650945,0.033174726871332494
2021-06,36,0.48779267728352926,0.44636209928325976,0.0414305780002695
2021-07,36,0.4787612112810087,0.4447686979349379,0.033992513346070785
2021-07,36,0.4853877376725817,0.4431770519754341,0.04221068569714759
2021-07,36,0.4904790970602366,0.4415871594709051,0.048891937589331524
2021-07,36,0.5057757623839632,0.43999901848963696,0.0657767438943262
2021-07,36,0.5041185792829117,0.4302977958420433,0.0738207834408684
2021-07,36,0.5232883531304187,0.42066192998959306,0.1026264231408256
2021-07,36,0.5120371191549307,0.41109098062586047,0.1009461385290702
2021-07,36,0.5044831177538276,0.4015845104107483,0.10289860734307932
2021-08,36,0.4710938584113611,0.3945600046314759,0.0765338537798852
2021-08,36,0.43059041907651197,0.3875707044934449,0.04301971458306708
2021-08,36,0.396911092537771,0.3806164335519042,0.016294658985866795
2021-08,36,0.35643212372181154,0.37369701624641327,-0.017264892524601727
2021-08,36,0.3341328873862732,0.3635542971095367,-0.02942140972326346
2021-08,36,0.29362183295829625,0.35348646694036767,-0.059864633982071425
2021-08,36,0.2508764699766579,0.34349297279472935,-0.09261650281807143
2021-08,36,0.21079847259721385,0.333573265811119,-0.12277479321390516
2021-09,36,0.22268651578707588,0.2901612360455914,-0.06747472025851553
2021-09,36,0.2304615106409671,0.2481624052220932,-0.017700894581126114
2021-09,36,0.25370570577751383,0.20753076924313052,0.046174936534383315
2021-09,36,0.2627165454940914,0.16822182159015786,0.09449472390393354
2021-09,36,0.27247695655283155,0.14727830284334154,0.12519865370949002
2021-09,36,0.25524114794218233,0.12671025300952743,0.1285308949326549
2021-09,36,0.27452335889106294,0.10651094079841372,0.16801241809264922
2021-09,36,0.2861526409408899,0.08667375559618495,0.19947888534470493
2021-10,36,0.26448438269317665,0.10909417559461176,0.15539020709856488
2021-10,36,0.2656036959205532,0.13197717714552115,0.13362651877503207
2021-10,36,0.24273740524149634,0.15533230430262468,0.08740510093887166
2021-10,36,0.21763760827209166,0.17916929803401738,0.03846831023807429
2021-10,36,0.2225507077391815,0.19724225392965278,0.02530845380952873
2021-10,36,0.22834548162549373,0.21559221138507234,0.012753270240421388
2021-10,36,0.25285556259496533,0.23422341596279384,0.018632146632171498
2021-10,36,0.23247262091690546,0.25314017829645197,-0.02066755737954651
2021-11,36,0.24213024577312203,0.2405691314344096,0.0015611143387124216
2021-11,36,0.24673290814205795,0.22812419274601337,0.018608715396044584
2021-11,36,0.2517342036164376,0.2158040971598949,0.03593010645654271
2021-11,36,0.2503391072609198,0.20360759229542125,0.046731514965498544
2021-11,36,0.25274923635405755,0.19076322023834824,0.06198601611570931
2021-11,36,0.26161961305653425,0.17805591768349194,0.08356369537304231
2021-11,36,0.266424746062915,0.16548422188527456,0.10094052417764043
2021-11,36,0.2672213871263813,0.15304668570789492,0.1141747014184864
2021-12,36,0.22836782041733716,0.16118152581844347,0.06718629459889369
2021-12,36,0.16654822048977946,0.16937375790144515,-0.0028255374116656906
2021-12,36,0.12442006223188695,0.17762378686203273,-0.05320372463014578
2021-12,36,0.07291776470717704,0.18593202046197588,-0.11301425575479884
2021-12,36,0.04185142700572797,0.1922281669451409,-0.15037673993941292
2021-12,36,0.010424379322613753,0.1985577398472349,-0.18813336052462115
2021-12,36,-0.01420819225880543,0.2049209166300574,-0.21912910888886283
2021-12,36,-0.007441045134516711,0.2113178756975571,-0.21875892083207382
2022-01,36,0.017266527315963343,0.17806438335211472,-0.16079785603615138
2022-01,36,0.05344974245792633,0.14572377669535386,-0.09227403423742753
2022-01,36,0.08215168298543252,0.11427099489240189,-0.03211931190696937
2022-01,36,0.10011286231999961,0.08368166508657793,0.01643119723342168
2022-01,36,0.08297428716046573,0.08135177727557341,0.0016225098848923203
2022-01,36,0.05346816811474797,0.07902689866366086,-0.02555873054891289
2022-01,36,0.025506668368391994,0.07670701848118955,-0.051200350112797555
2022-01,36,0.023355403221942517,0.07439212598166423,-0.05103672275972171
2022-02,36,0.020274848467406015,0.08077323246346446,-0.06049838399605845
2022-02,36,0.01833714315862145,0.08719223806882237,-0.06885509491020092
2022-02,36,0.03530197093838239,0.09364936789092071,-0.05834739695253832
2022-02,36,0.036538836628534854,0.10014484835983128,-0.06360601173129643
2022-02,36,0.06191593944797735,0.06486818665034133,-0.002952247202363978
2022-02,36,0.08522849133884414,0.030722687681121963,0.054505803657722174
2022-02,36,0.09645964129095219,-0.0023279198128205447,0.09878756110377274
2022-02,36,0.11235617624499605,-0.03431874404131818,0.14667492028631424
2022-03,36,0.07447402318579721,-0.044217546116260276,0.11869156930205749
2022-03,36,0.02101126895372052,-0.05401487963528495,0.07502614858900547
2022-03,36,-0.02225135286909219,-0.06371178471089833,0.041460431841806145
2022-03,36,-0.01603414593317054,-0.07330929079384163,0.05727514486067109
2022-03,36,-0.04421817014795182,-0.05931413639580807,0.015095966247856252
2022-03,36,-0.048623443374995134,-0.04510762307868854,-0.003515820296306593
2022-03,36,-0.0658467045289739,-0.03068655883820759,-0.03516014569076631
2022-03,36,-0.09815195804716559,-0.016047703463506036,-0.08210425458365955
2022-04,36,-0.09138586472800359,-0.04315077685086266,-0.048235087877140925
2022-04,36,-0.09680226912837264,-0.06950729312399118,-0.027294976004381466
2022-04,36,-0.1127735853434837,-0.09513781628007512,-0.01763576906340858
2022-04,36,-0.11168740258358911,-0.12006234387875148,0.008374941295162364
2022-04,36,-0.08671114610442898,-0.15936273977565596,0.07265159367122698
2022-04,36,-0.04043159293196552,-0.1969078736867721,0.15647628075480657
2022-04,36,0.020468301765380836,-0.23277614036025518,0.253244442125636
2022-04,36,0.07454743401680641,-0.267042433222756,0.3415898672395624
2022-05,36,0.07119668240867005,-0.27746259415216823,0.3486592765608383
2022-05,36,0.05915892469590811,-0.287734615873096,0.3468935405690041
2022-05,36,0.057636416531746004,-0.29786060442068096,0.35549702095242697
2022-05,36,-0.011122298088443672,-0.3078426358894142,0.2967203378009705
2022-05,36,-0.08499432354534076,-0.294698139303315,0.20970381575797425
2022-05,36,-0.164757391422653,-0.2813040205944719,0.1165466291718189
2022-05,36,-0.20663572856498968,-0.2676555392843317,0.06101981071934204
2022-05,36,-0.2400387910629369,-0.25374786486972,0.0137090738067831
2022-06,36,-0.2131783933799638,-0.2616350915762299,0.04845669819626608
2022-06,36,-0.18250314232420106,-0.26943895725475486,0.0869358149305538
2022-06,36,-0.1567971659232512,-0.2771603429578191,0.12036317703456789
2022-06,36,-0.14912296077267917,-0.2848001204259961,0.13567715965331695
2022-06,36,-0.13252596958864904,-0.29804963563569953,0.1655236660470505
2022-06,36,-0.12083691375500194,-0.31105369547228867,0.19021678171728673
2022-06,36,-0.15235819590044264,-0.32381684714667924,0.1714586512462366
2022-06,36,-0.13335976870779753,-0.33634355362992374,0.2029837849221262
2022-07,36,-0.16754126209447062,-0.3097076163178395,0.14216635422336887
2022-07,36,-0.1796239670672498,-0.28200264221665516,0.10237867514940535
2022-07,36,-0.18450817654586849,-0.2531857253965709,0.06867754885070243
2022-07,36,-0.19231249997720956,-0.2232122378927458,0.03089973791553624
2022-07,36,-0.17715582468044155,-0.20984394845900678,0.032688123778565226
2022-07,36,-0.15213681718584493,-0.19624559468710234,0.04410877750125741
2022-07,36,-0.13116378383228477,-0.18241321723728632,0.05124943340500154
2022-07,36,-0.1370062456563802,-0.1683427886307366,0.031336542974356396
2022-08,36,-0.15057271658003324,-0.1898380277547057,0.03926531117467247
2022-08,36,-0.17281608284170702,-0.21077769506533606,0.03796161222362904
2022-08,36,-0.18513941844370507,-0.23117615002325054,0.046036731579545465
2022-08,36,-0.18463018301068024,-0.2510473809505357,0.06641719793985545
2022-08,36,-0.22659827904909036,-0.2384083319407081,0.01181005289161774
2022-08,36,-0.25458583988586736,-0.2255559909871584,-0.029029848898708965
2022-08,36,-0.28080557141435025,-0.21248675865347166,-0.06831881276087859
2022-08,36,-0.31374244819322217,-0.1991969747604675,-0.11454547343275467
2022-09,36,-0.27494231794031665,-0.2005678575733395,-0.07437446036697715
2022-09,36,-0.2414987312291319,-0.2019363935922719,-0.03956233763686001
2022-09,36,-0.23129665019527934,-0.20330258683470626,-0.027994063360573085
2022-09,36,-0.20437606099104466,-0.2046664413112066,0.0002903803201619315
2022-09,36,-0.14123843244877055,-0.23054994000056217,0.08931150755179162
2022-09,36,-0.038602023593164114,-0.25559108079229986,0.21698905719913575
2022-09,36,0.04688691236556464,-0.27981727755485397,0.3267041899204186
2022-09,36,0.16774279148146198,-0.3032550519940933,0.4709978434755553
2022-10,36,0.28113291608359425,-0.28540564592249096,0.5665385620060852
2022-10,36,0.39802330711534606,-0.26709896879636474,0.6651222759117108
2022-10,36,0.4892130799147145,-0.24832330611852227,0.7375363860332368
2022-10,36,0.6129279918623018,-0.22906664328652127,0.8419946351488231
2022-10,36,0.5878332945378015,-0.185694602385155,0.7735278969229565
2022-10,36,0.567766327259343,-0.13988248814208115,0.7076488154014241
2022-10,36,0.5275506245628574,-0.09149302415090566,0.619043648713763
2022-10,36,0.5174732299278983,-0.040381210953869484,0.5578544408817678
2022-11,36,0.4345242514748986,0.005516187736614775,0.4290080637382838
2022-11,36,0.3598785968808611,0.05360880314294403,0.3062697937379171
2022-11,36,0.3332169769339417,0.1040016298087536,0.2292153471251881
2022-11,36,0.25481220719845576,0.15680468403890657,0.09800752315954919
2022-11,36,0.24909330206946234,0.14377228573273726,0.10532101633672508
2022-11,36,0.21146626369477795,0.13088670858657414,0.0805795551082038
2022-11,36,0.1698917140630165,0.1181462985339492,0.05174541552906731
2022-11,36,0.13504534332184837,0.10554942014287505,0.029495923178973316
2022-12,36,0.18079287700276203,0.0525267135226668,0.12826616348009523
2022-12,36,0.2335128420776822,0.0020470025986343288,0.23146583947904786
2022-12,36,0.2958355466014948,-0.046011675982717715,0.3418472225842125
2022-12,36,0.32778227611760213,-0.0917654361510647,0.41954771226866683
2022-12,36,0.40924912495091936,-0.09710761402306944,0.5063567389739888
2022-12,36,0.47909269037096647,-0.1024183695449985,0.581511059915965
2022-12,36,0.5601140093193888,-0.10769788754111398,0.6678118968605028
2022-12,36,0.6502841403423127,-0.11294635174855372,0.7632304920908665
2023-01,36,0.7040300543755451,-0.08207007681873191,0.786100131194277
2023-01,36,0.7220594152957915,-0.05011907055172271,0.7721784858475143
2023-01,36,0.7786718487415258,-0.017055924048630544,0.7957277727901564
2023-01,36,0.8210604954311842,0.01715807370622824,0.803902421724956
2023-01,36,0.7142533750895885,0.07216106362377461,0.6420923114658139
2023-01,36,0.6032415146305465,0.13013834925609258,0.47310316537445396
2023-01,36,0.5151877191351333,0.19125076613252645,0.32393695300260683
2023-01,36,0.43462488389538456,0.2556678469900895,0.17895703690529507
2023-02,36,0.4058859869850304,0.2859703607217783,0.11991562626325214
2023-02,36,0.33884881994538274,0.317004152506545,0.021844667438837728
2023-02,36,0.29863589635991983,0.3487868699757264,-0.05015097361580656
2023-02,36,0.2606552801830351,0.38133658664365977,-0.1206813064606247
2023-02,36,0.23823786383346612,0.3344462271714703,-0.0962083633380042
2023-02,36,0.22655815761225218,0.289147591130551,-0.06258943351829882
2023-02,36,0.19667624757247948,0.24538664644458152,-0.048710398872102045
2023-02,36,0.16698955724990383,0.2031111951908493,-0.03612163794094547
2023-03,36,0.1283765814811033,0.18649000581309538,-0.05811342433199207
2023-03,36,0.0904577358865335,0.17009844104313765,-0.07964070515660415
2023-03,36,0.06096687934429723,0.15393332857727993,-0.0929664492329827
2023-03,36,0.03651997471069368,0.13799153993774982,-0.10147156522705614
2023-03,36,0.05702683911160822,0.13129925796666408,-0.07427241885505587
2023-03,36,0.06350510886003335,0.1246463318575588,-0.061141222997525446
2023-03,36,0.0748794784177973,0.11803253016712634,-0.04315305174932904
2023-03,36,0.0864677684865014,0.1114576228131281,-0.024989854326626704
2023-04,36,0.12049958980029185,0.09737550991981081,0.02312407988048104
2023-04,36,0.14811850424423856,0.08347181669762582,0.06464668754661274
2023-04,36,0.1686852069067386,0.06974428257819953,0.09894092432853907
2023-04,36,0.19295723732603642,0.05619067563444702,0.1367665616915894
2023-04,36,0.16352768396978679,0.08300197536026577,0.08052570860952102
2023-04,36,0.17817798672514673,0.1104938773765336,0.06768410934861313
2023-04,36,0.1867627854065026,0.13868365870758326,0.04807912669891934
2023-04,36,0.18705333207940855,0.16758903495336597,0.019464297126042585
2023-05,36,0.20243514008065056,0.1927497532373479,0.009685386843302668
2023-05,36,0.21157736216499567,0.21845266721314882,-0.006875305048153146
2023-05,36,0.21893928546101682,0.2447094608146243,-0.025770175353607483
2023-05,36,0.22361493634968732,0.2715320697561474,-0.04791713340646009
2023-05,36,0.2546152656758618,0.24785743190183096,0.00675783377403083
2023-05,36,0.30699354374947396,0.22462359179919056,0.0823699519502834
2023-05,36,0.34326475913411647,0.20182234224104278,0.14144241689307369
2023-05,36,0.3923923154237874,0.17944562883007875,0.21294668659370863
2023-06,36,0.4247338651589958,0.18015251950491473,0.24458134565408107
2023-06,36,0.4530650657592803,0.18085983384864557,0.2722052319106347
2023-06,36,0.5013427240915793,0.1815675721151937,0.3197751519763856
2023-06,36,0.5377845967255213,0.18227573455863388,0.3555088621668874
2023-06,36,0.5501018457257894,0.21757124868233202,0.33253059704345733
2023-06,36,0.5608063017389324,0.2539204707362881,0.3068858310026443
2023-06,36,0.5714535340450273,0.29135485798723626,0.28009867605779104
2023-06,36,0.5952353747459229,0.3299068068232751,0.2653285679226478
2023-07,36,0.5827231839447409,0.3557207421199542,0.22700244182478668
2023-07,36,0.5690026302972511,0.38203573452235107,0.1869668957749
2023-07,36,0.5749018016335199,0.4088615097162358,0.1660402919172841
2023-07,36,0.5577236513550448,0.43620798216618795,0.12151566918885681
2023-07,36,0.5634587477251227,0.4341996588711121,0.1292590888540106
2023-07,36,0.5700095967678234,0.43219414391752187,0.1378154528503015
2023-07,36,0.5614465074682997,0.43019143337836896,0.13125507408993076
2023-07,36,0.5529615043557654,0.4281915233320963,0.1247699810236691
2023-08,36,0.5338279012682576,0.4032788540190908,0.13054904724916683
2023-08,36,0.5283755478300542,0.3788007490359808,0.14957479879407343
2023-08,36,0.5309501258694587,0.3547496280566895,0.17620049781276914
2023-08,36,0.5337166062433036,0.3311180429826155,0.20259856326068815
2023-08,36,0.5152995794469044,0.3168921649111345,0.19840741453576993
2023-08,36,0.4947704898485654,0.30281832114492935,0.19195216870363607
2023-08,36,0.5051562528855538,0.28889488686830345,0.21626136601725032
2023-08,36,0.4920186445719308,0.2751202546302347,0.21689838994169608
2023-09,36,0.4605072191067472,0.24802061405009446,0.21248660505665273
2023-09,36,0.3758420036626855,0.22149691171335228,0.1543450919493332
2023-09,36,0.29216473296009204,0.19553690742592766,0.09662782553416438
2023-09,36,0.2502520004836264,0.1701286211298796,0.0801233793537468
2023-09,36,0.20130005787374783,0.14956043698550214,0.051739620888245685
2023-09,36,0.16119765339851821,0.12935379446258222,0.031843858935936
2023-09,36,0.10885342123543684,0.10950233848654811,-0.0006489172511112695
2023-09,36,0.06735808282523714,0.08999982569049925,-0.022641742865262104
2023-10,36,0.07929684209021381,0.08039471091592798,-0.0010978688257141656
2023-10,36,0.08850168798876967,0.07087423673272042,0.017627451256049254
2023-10,36,0.0859602205784491,0.061437657285165814,0.024522563293283284
2023-10,36,0.08083904073281234,0.052084233290058846,0.028754807442753494
2023-10,36,0.08842167376188592,0.02278411004163239,0.06563756372025353
2023-10,36,0.09190578279684791,-0.005700016544922026,0.09760579934176994
2023-10,36,0.09761171255307666,-0.03339087164883081,0.13100258420190747
2023-10,36,0.11194150648872436,-0.060310547562208994,0.17225205405093336
2023-11,36,0.11574378761050408,-0.05256616030625938,0.16830994791676346
2023-11,36,0.12413416697658652,-0.04475794820496881,0.16889211518155534
2023-11,36,0.12263771855230665,-0.036885385250178815,0.15952310380248547
2023-11,36,0.11370821943996523,-0.028947941098669272,0.1426561605386345
2023-11,36,0.1313411475552151,-0.010914966941471649,0.14225611449668674
2023-11,36,0.14578500868605215,0.007452889526075257,0.1383321191599769
2023-11,36,0.158494295980238,0.02616184725381343,0.13233244872642458
2023-11,36,0.17319920972905045,0.04521824068092495,0.1279809690481255
2023-12,36,0.19407816939538347,0.04955965902058179,0.14451851037480168
2023-12,36,0.23018603905869406,0.05391910987485238,0.17626692918384168
2023-12,36,0.2816292947979284,0.05829666814358747,0.22333262665434095
2023-12,36,0.3195817233994649,0.06269240903774076,0.25688931436172413
2023-12,36,0.3636054357925913,0.084532264969575,0.2790731708230163
2023-12,36,0.40143892494521216,0.10682096132133378,0.2946179636238784
2023-12,36,0.4262284356916959,0.12956772240856163,0.29666071328313426
2023-12,36,0.4349236807547838,0.15278196211974104,0.2821417186350428
2024-01,36,0.44508938051872704,0.16521651748394772,0.2798728630347793
2024-01,36,0.48815282090716905,0.17778519896409506,0.310367621943074
2024-01,36,0.5206090561362937,0.190489453319995,0.3301196028162987
2024-01,36,0.5388295103187355,0.20333074291702458,0.3354987674017109
2024-01,36,0.5707966009068626,0.22944045994423123,0.34135614096263134
2024-01,36,0.6023443066832452,0.25611670228233296,0.34622760440091227
2024-01,36,0.6490353030333265,0.28337176232529027,0.3656635407080362
2024-01,36,0.7006590788920799,0.31121819918585936,0.38944087970622054
2024-02,36,0.7415927618178366,0.3554213169189355,0.3861714448989011
2024-02,36,0.7556798321285632,0.4011145875636606,0.35456524456490257
2024-02,36,0.8101486075697619,0.4483482463933359,0.361800361176426
2024-02,36,0.8530906663809112,0.49717422218712093,0.3559164441937903
2024-02,36,0.8193253121419795,0.5339594163998906,0.2853658957420888
2024-02,36,0.7863233762271591,0.5716484135857673,0.21467496264139174
2024-02,36,0.7683293430203575,0.6102634199565613,0.1580659230637962
2024-02,36,0.7550807122938692,0.6498271873251247,0.10525352496874452
2024-03,36,0.6856258272385558,0.6798636800831335,0.005762147155422337
2024-03,36,0.6346259390825153,0.7104470124763074,-0.07582107339379207
2024-03,36,0.5756952705976837,0.7415871401805301,-0.1658918695828464
2024-03,36,0.5433271130848132,0.7732942001231453,-0.22996708703833213
2024-03,36,0.48970298428780734,0.7409459885532397,-0.25124300426543233
2024-03,36,0.4588590895016975,0.7091878690231643,-0.2503287795214668
2024-03,36,0.41041716648593485,0.6780090771475475,-0.2675919106616127
2024-03,36,0.39500165567374057,0.6473990449035907,-0.2523973892298501
2024-04,36,0.38257327321466494,0.5782912848701351,-0.1957180116554702
2024-04,36,0.39187490264889124,0.512082568946008,-0.12020766629711677
2024-04,36,0.3759732845297201,0.44865128333930326,-0.07267799880958314
2024-04,36,0.37212968575755356,0.3878809159101846,-0.015751230152631024
2024-04,36,0.36901998874539554,0.34875019270678265,0.020269796038612897
2024-04,36,0.3662410961353091,0.3107227439132152,0.05551835222209389
2024-04,36,0.3440190510282559,0.2737674631679392,0.07025158786031671
2024-04,36,0.3206542571302349,0.23785412114029358,0.08280013598994129
2024-05,36,0.29956092450901317,0.2397940791766111,0.05976684533240206
2024-05,36,0.29390095998044496,0.24173707750428375,0.052163882476161216
2024-05,36,0.2849939676062776,0.24368312088803834,0.04131084671823926
2024-05,36,0.2885818877380051,0.24563221410006952,0.04294967363793556
2024-05,36,0.27237842536568,0.2596368606759818,0.012741564689698226
2024-05,36,0.2599236832833638,0.27379896153374106,-0.013875278250377265
2024-05,36,0.24228899061154152,0.2881202869322921,-0.04583129632075056
2024-05,36,0.2687410313524141,0.30260262703360574,-0.033861595681191625
2024-06,36,0.26873818170974206,0.3108224571667644,-0.04208427545702231
2024-06,36,0.2574427696991095,0.31909415699987265,-0.06165138730076314
2024-06,36,0.2325314794172917,0.32741805384696665,-0.09488657442967496
2024-06,36,0.19592034446148054,0.3357944770875354,-0.13987413262605486
2024-06,36,0.17299539811628684,0.32860142183706653,-0.1556060237207797
2024-06,36,0.17649379651773245,0.3214471001228738,-0.14495330360514136
2024-06,36,0.13991867227576282,0.3143313033706068,-0.17441263109484395
2024-06,36,0.11376450223165424,0.30725382412905566,-0.19348932189740142
2024-07,36,0.10446900467368625,0.29044073289668493,-0.18597172822299868
2024-07,36,0.09109691218171778,0.2738438812587758,-0.182746969077058
2024-07,36,0.07948105034900732,0.25746048807522937,-0.17797943772622205
2024-07,36,0.08498393701313023,0.24128780797525273,-0.1563038709621225
2024-07,36,0.11495582441967578,0.2329815452016728,-0.11802572078199702
2024-07,36,0.14676539362153473,0.22473086502611728,-0.07796547140458254
2024-07,36,0.17264794921084303,0.2165353955093301,-0.043887446298487065
2024-07,36,0.18105823032778856,0.20839476720094074,-0.027336536873152184
2024-08,36,0.20762354231101354,0.20474209584676228,0.0028814464642512583
2024-08,36,0.211460009321911,0.20110046559304484,0.01035954372886616
2024-08,36,0.23680446216409456,0.19746984306533832,0.03933461909875624
2024-08,36,0.2471012809065385,0.1938501949900744,0.0532510859164641
2024-08,36,0.24972999053195144,0.2196949899201741,0.03003500061177733
2024-08,36,0.2401694755436392,0.24609928002628623,-0.005929804482647016
2024-08,36,0.24154522467210748,0.27307517741271803,-0.031529952740610545
2024-08,36,0.2410034108316239,0.30063505638991717,-0.059631645558293256
2024-09,36,0.23005109259001477,0.32776895853942656,-0.09771786594941179
2024-09,36,0.20255731798067922,0.3554689292738493,-0.1529116112931701
2024-09,36,0.18718098323996712,0.3837467779393333,-0.1965657946993662
2024-09,36,0.16578385887814728,0.4126145602490918,-0.24683070137094454
2024-09,36,0.15633925942712357,0.3992327407317793,-0.2428934813046557
2024-09,36,0.14510830808438957,0.3859776883444621,-0.24086938026007254
2024-09,36,0.1394988548941265,0.3728482022111905,-0.23334934731706403
2024-09,36,0.13881557029222935,0.35984309283201354,-0.2210275225397842
2024-10,36,0.18580258067220567,0.33366941932709127,-0.1478668386548856
2024-10,36,0.21565648228448553,0.30799952540405884,-0.09234304311957331
2024-10,36,0.2545685797968338,0.2828237145307462,-0.02825513473391239
2024-10,36,0.26655119283470463,0.2581324768096551,0.00841871602504951
2024-10,36,0.30518759142908225,0.2399648458539878,0.06522274557509444
2024-10,36,0.3446218514340684,0.22205955834833446,0.12256229308573396
2024-10,36,0.3988401808296158,0.20441282601199307,0.19442735481762274
2024-10,36,0.44789952365765706,0.18702091526762965,0.2608786083900274
2024-11,36,0.42632198471078064,0.19625640920824816,0.23006557550253248
2024-11,36,0.38829487751434466,0.20556375895800194,0.18273111855634272
2024-11,36,0.3917347522332131,0.21494352358361168,0.1767912286496014
2024-11,36,0.39193719493304724,0.2243962665015582,0.16754092843148904
2024-11,36,0.36038155193581267,0.24326821328617987,0.1171133386496328
2024-11,36,0.3299684265018765,0.2624310384287203,0.06753738807315623
2024-11,36,0.3075717970284686,0.28188922531502536,0.025682571713443236
2024-11,36,0.27767781826940197,0.3016473264345654,-0.02396950816516341
2024-12,36,0.28132296642384835,0.28595341021527676,-0.004630443791428407
2024-12,36,0.28268763316017065,0.27044871499410084,0.012238918166069812
2024-12,36,0.2963290706666526,0.255130959340091,0.04119811132656159
2024-12,36,0.3102755990496031,0.2399978893294339,0.07027770972016922
2024-12,36,0.3270063526110083,0.22053907188257882,0.10646728072842948
2024-12,36,0.34258983669951015,0.20138561429132396,0.1412042224081862
2024-12,36,0.35830620692857473,0.18253272465905646,0.17577348226951828
2024-12,36,0.36403088125426253,0.16397568628658243,0.2000551949676801
2025-01,36,0.3726649159605675,0.1652977567456706,0.2073671592148969
2025-01,36,0.37891093437712753,0.1666213288429108,0.21228960553421672
2025-01,36,0.37338654218831024,0.1679464042838985,0.20544013790441173
2025-01,36,0.35566701504210463,0.16927298477616648,0.18639403026593815
2025-01,36,0.34461318337890656,0.1715026275025313,0.17311055587637525
2025-01,36,0.35721046629327535,0.17373652185084576,0.1834739444424296
2025-01,36,0.38103206721301186,0.17597467592836824,0.20505739128464362
2025-01,36,0.36967131226552885,0.17821709785781592,0.19145421440771293
2025-02,36,0.3620981739671538,0.1651089345356831,0.19698923943147073
2025-02,36,0.35661522456073746,0.15214660507217626,0.2044686194885612
2025-02,36,0.34964083276394553,0.13932848700396483,0.2103123457599807
2025-02,36,0.333202895806344,0.12665297591830837,0.20654991988803562
2025-02,36,0.2723856633224435,0.1252221352671956,0.1471635280552479
2025-02,36,0.21477713334459558,0.1237931117727522,0.09098402157184338
2025-02,36,0.12673892402658304,0.12236590312720264,0.004373020899380409
2025-02,36,0.08208802749343724,0.12094050702570303,-0.03885247953226578
2025-03,36,0.058105765341305515,0.10301290444887701,-0.04490713910757149
2025-03,36,0.039484745897769846,0.0853720244341658,-0.04588727853639596
2025-03,36,-0.002296769328801518,0.06801328132505047,-0.07031005065385199
2025-03,36,-0.021631613705394348,0.05093216280505719,-0.07256377651045154
2025-03,36,0.008511531909780823,0.011322819118842364,-0.0028112872090615415
2025-03,36,0.036528225014534454,-0.026793659316141527,0.06332188433067598
2025-03,36,0.0366950763262599,-0.06347353817993195,0.10016861450619186
2025-03,36,0.05026942134746104,-0.09877096251458595,0.149040383862047
2025-04,36,0.07061720107271885,-0.11856699998894427,0.18918420106166312
2025-04,36,0.10063673201503165,-0.13792820560215935,0.238564937617191
2025-04,36,0.11779897991487398,-0.15686413069740834,0.2746631106122823
2025-04,36,0.13398311761959025,-0.1753841168168746,0.30936723443646486
2025-04,36,0.1225136345032749,-0.17107210411778762,0.2935857386210625
2025-04,36,0.11982752000713148,-0.166737543401016,0.28656506340814747
2025-04,36,0.127953207318092,-0.1623803167603438,0.2903335240784358
2025-04,36,0.10804335556195266,-0.1580003056730087,0.26604366123496137
2025-05,36,0.1014260114264991,-0.13371478276299686,0.23514079418949596
2025-05,36,0.1002123018691683,-0.10872880042647193,0.20894110229564022
2025-05,36,0.09949257235738362,-0.08302215554036252,0.18251472789774614
2025-05,36,0.10001638548140646,-0.05657406226950035,0.1565904477509068
2025-05,36,0.09829311156673715,-0.04567891204624319,0.14397202361298034
2025-05,36,0.1208167803435094,-0.0346579392293519,0.1554747195728613
2025-05,36,0.1396166601851263,-0.023509690757165802,0.1631263509422921
2025-05,36,0.1619050442892036,-0.012232696787349062,0.17413774107655267
2025-06,36,0.17303646765196845,-0.004429239703234278,0.17746570735520273
2025-06,36,0.1694898332758954,0.003435865445425179,0.16605396783047022
2025-06,36,0.1452512445408456,0.011363105684292663,0.13388813885655293
2025-06,36,0.1595020878204012,0.01935297188658125,0.14014911593381996
2025-06,36,0.16859755105612173,0.0409460454586279,0.12765150559749383
2025-06,36,0.1745898598041904,0.06299652764098673,0.11159333216320366
2025-06,36,0.18296444466277695,0.08551410777390256,0.09745033688887439
2025-06,36,0.19077063660632687,0.1085086804480524,0.08226195615827447
2025-07,36,0.20581721762731897,0.12172138748148553,0.08409583014583344
2025-07,36,0.24725741269941426,0.13509158144328492,0.11216583125612933
2025-07,36,0.31980945371448377,0.14862113947585187,0.1711883142386319
2025-07,36,0.35171717301428984,0.16231196109591184,0.189405211918378
2025-07,36,0.3332024620048697,0.1937645502436054,0.1394379117612643
2025-07,36,0.34554967741644016,0.22606825802141328,0.11948141939502688
2025-07,36,0.37448024044215633,0.2592461160124948,0.11523412442966152
2025-07,36,0.3865311475713309,0.2933217790431202,0.09320936852821071
2025-08,36,0.3918357841655775,0.3272313726952385,0.06460441147033902
2025-08,36,0.4237746201397008,0.36203004171922815,0.06174457842047265
2025-08,36,0.4684685127193422,0.39774109677533964,0.07072741594400256
2025-08,36,0.5166168815375716,0.43438845970584317,0.0822284218317284
2025-08,36,0.5102331921140109,0.44833099094642437,0.06190220116758649
2025-08,36,0.5161306384273514,0.4624090462677237,0.053721592159627685
2025-08,36,0.5573010226445514,0.4766239429898276,0.08067707965472382
2025-08,36,0.5598395258199287,0.4909770112374261,0.06886251458250259
2025-09,36,0.5708018335569436,0.5128588553232314,0.057942978233712195
2025-09,36,0.5753538504708504,0.5350618412489092,0.040292009221941205
2025-09,36,0.5258803097864586,0.5575906821492804,-0.031710372362821815
2025-09,36,0.5278846069133658,0.5804501603299712,-0.052565553416605404
2025-09,36,0.5421901179179496,0.5668389503670972,-0.024648832449147617
2025-09,36,0.5203590784757373,0.553344963358356,-0.03298588488261878
2025-09,36,0.4974306682660652,0.5399671897519873,-0.04253652148592213
2025-09,36,0.5051245521567413,0.5267046286907293,-0.02158007653398797
2025-10,36,0.4957248637634266,0.5077941334690463,-0.012069269705619723
2025-10,36,0.4484146047225275,0.4891178727042509,-0.04070326798172341
2025-10,36,0.4187593662192244,0.47067294505610113,-0.05191357883687675
2025-10,36,0.4028014983800863,0.4524564851217443,-0.049654986741658025
2025-10,36,0.4075968136846355,0.43965814491260735,-0.032061331227971834
2025-10,36,0.39044638639287665,0.4269725774534887,-0.03652619106061206
2025-10,36,0.3946845800666059,0.414398789045757,-0.019714208979151104
2025-10,36,0.4095976388087803,0.4019357947467701,0.0076618440620102035
2025-11,36,0.41878664155409706,0.37960913460656287,0.03917750694753419
2025-11,36,0.4348585463268906,0.3576380397888794,0.07722050653801116
2025-11,36,0.43149235130273444,0.33601684770478757,0.09547550359794688
2025-11,36,0.44001031503118204,0.31473998594544916,0.12527032908573288
2025-11,36,0.4326690430718707,0.30564627006524114,0.12702277300662956
2025-11,36,0.41598143294166934,0.29661545306191694,0.11936597987975239
2025-11,36,0.38112709841664083,0.28764709988023984,0.09347999853640099
2025-11,36,0.3562499991963233,0.2787407784741376,0.07750922072218569
2025-12,36,0.3946352368873016,0.2694089698780957,0.12522626700920592
2025-12,36,0.43903131941148144,0.2601452615985054,0.17888605781297606
2025-12,36,0.4579884902705855,0.2509491566627744,0.20703933360781113
2025-12,36,0.5243710516778495,0.24182016172504595,0.28255088995280353
2025-12,36,0.5351851676041948,0.23376849946761502,0.30141666813657975
2025-12,36,0.49808259436665403,0.22576904224526517,0.27231355212138886
2025-12,36,0.5119482551782615,0.21782145157314758,0.2941268036051139
2025-12,36,0.4913654350768899,0.20992539116106634,0.28144004391582356
2026-01,36,0.5176006125009844,0.20763615397462654,0.3099644585263579
2026-01,36,0.5328702365763587,0.20535124813533767,0.327518988441021
2026-01,36,0.5229120757245551,0.20307066544808205,0.31984141027647306
2026-01,36,0.5481279380286315,0.20079439773324737,0.3473335402953841
2026-01,36,0.5475145985389143,0.19266848992393837,0.3548461086149759
2026-01,36,0.5331089823294901,0.18459757102684482,0.3485114113026453
2026-01,36,0.57633270416414,0.17658126892594717,0.3997514352381928
2026-01,36,0.5462189686456074,0.16861921402337599,0.3775997546222314
2026-02,36,0.516183708182339,0.151727308526576,0.36445639965576304
2026-02,36,0.5549202902054304,0.13507956850976188,0.41984072169566855
2026-02,36,0.5390898764928527,0.11867246466230497,0.4204174118305477
2026-02,36,0.5425211135817107,0.10250251868829507,0.44001859489341566
2026-02,36,0.526422241437327,0.09071870158439155,0.4357035398529354
2026-02,36,0.5026046996476345,0.07906083280548915,0.4235438668421454
2026-02,36,0.49152899976745634,0.06752756618502498,0.42400143358243136
2026-02,36,0.46869126843527487,0.05611756994459394,0.41257369849068093
2026-03,36,0.5047129654678286,0.03031728802711231,0.4743956774407163
2026-03,36,0.5706497487655775,0.005147290621473788,0.5655024581441037
2026-03,36,0.6034556181479198,-0.01940781972290473,0.6228634378708245
2026-03,36,0.6438313852312816,-0.043363064306662924,0.6871944495379445
2026-03,36,0.6856635576760188,-0.05998631536027743,0.7456498730362963
2026-03,36,0.707627020485496,-0.07632070815922798,0.783947728644724
2026-03,36,0.7323795874854069,-0.0923712621242655,0.8247508496096724
2026-03,36,0.8061653017980996,-0.10814290945486826,0.9143082112529679
2026-04,36,0.7841752265031563,-0.07854475344746414,0.8627199799506204
2026-04,36,0.7169584728309486,-0.04796432029238007,0.7649227931233287
2026-04,36,0.7548373108043704,-0.01636901105356736,0.7712063218579378
2026-04,36,0.7157842586678262,0.01627485506937698,0.6995094035984493
2026-04,36,0.6524269252565635,0.050404977071127455,0.6020219481854361
2026-04,36,0.6442686082169062,0.08568130988587197,0.5585872983310343
2026-04,36,0.6367379850665558,0.12214234734693918,0.5145956377196166
2026-04,36,0.5570294429330436,0.15982787604740767,0.3972015668856359
2026-05,36,0.532766789447094,0.17951319050533243,0.35325359894176156
2026-05,36,0.6161010071616144,0.19953261626831442,0.4165683908933
2026-05,36,0.6198482367434668,0.21989182407960683,0.39995641266385995
2026-05,36,0.6401597510979611,0.24059658092981828,0.3995631701681428
2026-05,36,0.6337534267914751,0.2558486258666999,0.3779048009247752
2026-05,36,0.5769037305589495,0.2712881812951733,0.3056155492637762
2026-05,36,0.5172502517278101,0.28691755249197937,0.23033269923583077
2026-05,36,0.4837319261259847,0.30273907307521264,0.18099285305077206
2026-06,36,0.4571221098831586,0.29193828338719197,0.16518382649596663
2026-06,36,0.39507251676771626,0.28122704122276687,0.11384547554494939
2026-06,36,0.3540811350131763,0.2706046041585388,0.08347653085463747
2026-06,36,0.29969005476267707,0.26007023592641754,0.039619818836259535
2026-06,36,0.3315012063283356,0.25937054696488504,0.07213065936345053
2026-06,36,0.2940178408068972,0.2586712465250631,0.035346594281834065
2026-06,36,0.2602432618464119,0.2579723343912135,0.0022709274551984127
2026-06,36,0.2670674689512702,0.2572738103477188,0.009793658603551414
2026-07,36,0.286863967016209,0.261062948957709,0.02580101805849999
2026-07,36,0.2978899378609794,0.26486350717358587,0.033026430687393526
2026-07,36,0.3129183232382742,0.26867551941145607,0.04424280382681811
2026-07,36,0.3199282935056811,0.2724990201911486,0.047429273314532505
2026-07,36,0.30814127114620926,0.29431148107374994,0.013829790072459325
2026-07,36,0.2777970287266889,0.3164978388648798,-0.03870081013819093
2026-07,36,0.27112485270962994,0.3390645026945751,-0.06793964998494517
2026-07,36,0.27772101594428444,0.36201799155456493,-0.08429697561028049
2026-08,36,0.24725571986621286,0.3974694797513867,-0.15021375988517383
2026-08,36,0.2293773417024969,0.43384372229004664,-0.20446638058754973
2026-08,36,0.2260069935630098,0.4711647372193972,-0.24515774365638743
2026-08,36,0.18036039945442517,0.5094571677456528,-0.3290967682912276
2026-08,36,0.2067257034273493,0.4729511195018532,-0.2662254160745039
2026-08,36,0.25743959911199066,0.43732796584218314,-0.17988836673019248
2026-08,36,0.2361800108749883,0.4025663540625246,-0.1663863431875363
2026-08,36,0.2616460227021191,0.3686454478714556,-0.10699942516933647
2026-08,36,0.2688574099112475,0.3355449149008698,-0.06668750498962228
2026-08,36,0.21419274955830092,0.30324491451864777,-0.08905216496034685
2026-08,36,0.18309945850622023,0.2717260859360793,-0.08862662742985905
2026-08,36,0.17313019229836368,0.24096953660290588,-0.06783934430454219
2026-08,36,0.16431166656289053,0.23073625048600377,-0.06642458392311323
2026-08,36,0.1009135845479836,0.22058735011884112,-0.11967376557085752
2026-08,36,0.06104241374925401,0.2105221396394361,-0.1494797258901821
2026-08,36,0.015877411320942114,0.20053992892402572,-0.1846625176030836
